budget,k_high,k_low,snr,method,mean_signed_f1,exact_recovery_rate,singular_fraction
16,2,0,0.5,uniform,0.0,0.0,0.0
16,2,0,0.5,D-opt,0.0,0.0,0.0
16,2,0,0.5,HILS,0.0,0.0,0.0
16,2,0,0.5,candidate_full,0.0,0.0,0.0
16,2,0,1.0,uniform,0.25,0.0,0.0
16,2,0,1.0,D-opt,0.0,0.0,0.0
16,2,0,1.0,HILS,0.0,0.0,0.0
16,2,0,1.0,candidate_full,0.0,0.0,0.0
16,2,0,2.0,uniform,0.2,0.0,0.0
16,2,0,2.0,D-opt,0.25,0.0,0.0
16,2,0,2.0,HILS,0.0,0.0,0.0
16,2,0,2.0,candidate_full,0.0,0.0,0.0
16,2,4,0.5,uniform,0.0,0.0,1.0
16,2,4,0.5,D-opt,0.0,0.0,0.0
16,2,4,0.5,HILS,0.0,0.0,0.0
16,2,4,0.5,candidate_full,0.0,0.0,0.0
16,2,4,1.0,uniform,0.0,0.0,1.0
16,2,4,1.0,D-opt,0.0,0.0,0.0
16,2,4,1.0,HILS,0.3333333333333333,0.0,0.0
16,2,4,1.0,candidate_full,0.0,0.0,0.0
16,2,4,2.0,uniform,0.3333333333333333,0.0,1.0
16,2,4,2.0,D-opt,0.25,0.0,0.0
16,2,4,2.0,HILS,0.3333333333333333,0.0,0.0
16,2,4,2.0,candidate_full,0.0,0.0,0.0
16,2,8,0.5,uniform,0.3333333333333333,0.0,1.0
16,2,8,0.5,D-opt,0.2,0.0,0.0
16,2,8,0.5,HILS,0.0,0.0,0.0
16,2,8,0.5,candidate_full,0.0,0.0,0.5
16,2,8,1.0,uniform,0.3333333333333333,0.0,1.0
16,2,8,1.0,D-opt,0.2,0.0,0.0
16,2,8,1.0,HILS,0.2,0.0,0.0
16,2,8,1.0,candidate_full,0.2,0.0,0.5
16,2,8,2.0,uniform,0.0,0.0,1.0
16,2,8,2.0,D-opt,0.25,0.0,0.0
16,2,8,2.0,HILS,0.25,0.0,0.0
16,2,8,2.0,candidate_full,0.3333333333333333,0.0,0.5
16,2,12,0.5,uniform,0.0,0.0,1.0
16,2,12,0.5,D-opt,0.5833333333333333,0.0,1.0
16,2,12,0.5,HILS,0.0,0.0,0.5
16,2,12,0.5,candidate_full,0.0,0.0,1.0
16,2,12,1.0,uniform,0.2,0.0,1.0
16,2,12,1.0,D-opt,0.14285714285714288,0.0,1.0
16,2,12,1.0,HILS,0.0,0.0,0.5
16,2,12,1.0,candidate_full,0.0,0.0,1.0
16,2,12,2.0,uniform,0.0,0.0,1.0
16,2,12,2.0,D-opt,0.125,0.0,1.0
16,2,12,2.0,HILS,0.16666666666666666,0.0,0.5
16,2,12,2.0,candidate_full,0.11111111111111112,0.0,1.0
16,4,0,0.5,uniform,0.0,0.0,1.0
16,4,0,0.5,D-opt,0.0,0.0,0.0
16,4,0,0.5,HILS,0.0,0.0,0.0
16,4,0,0.5,candidate_full,0.0,0.0,0.5
16,4,0,1.0,uniform,0.0,0.0,1.0
16,4,0,1.0,D-opt,0.0,0.0,0.0
16,4,0,1.0,HILS,0.0,0.0,0.0
16,4,0,1.0,candidate_full,0.0,0.0,0.5
16,4,0,2.0,uniform,0.0,0.0,1.0
16,4,0,2.0,D-opt,0.11111111111111112,0.0,0.0
16,4,0,2.0,HILS,0.0,0.0,0.0
16,4,0,2.0,candidate_full,0.16666666666666666,0.0,0.5
16,4,4,0.5,uniform,0.0,0.0,1.0
16,4,4,0.5,D-opt,0.14285714285714288,0.0,0.0
16,4,4,0.5,HILS,0.0,0.0,0.5
16,4,4,0.5,candidate_full,0.0,0.0,0.5
16,4,4,1.0,uniform,0.0,0.0,1.0
16,4,4,1.0,D-opt,0.2678571428571429,0.0,0.0
16,4,4,1.0,HILS,0.0,0.0,0.5
16,4,4,1.0,candidate_full,0.0,0.0,0.5
16,4,4,2.0,uniform,0.0,0.0,1.0
16,4,4,2.0,D-opt,0.4861111111111111,0.0,0.0
16,4,4,2.0,HILS,0.253968253968254,0.0,0.5
16,4,4,2.0,candidate_full,0.0,0.0,0.5
16,4,8,0.5,uniform,0.0,0.0,1.0
16,4,8,0.5,D-opt,0.0,0.0,0.5
16,4,8,0.5,HILS,0.0,0.0,0.0
16,4,8,0.5,candidate_full,0.0,0.0,1.0
16,4,8,1.0,uniform,0.0,0.0,1.0
16,4,8,1.0,D-opt,0.0,0.0,0.5
16,4,8,1.0,HILS,0.16666666666666666,0.0,0.0
16,4,8,1.0,candidate_full,0.0,0.0,1.0
16,4,8,2.0,uniform,0.0,0.0,1.0
16,4,8,2.0,D-opt,0.1,0.0,0.5
16,4,8,2.0,HILS,0.14285714285714288,0.0,0.0
16,4,8,2.0,candidate_full,0.1,0.0,1.0
16,4,12,0.5,uniform,0.0,0.0,1.0
16,4,12,0.5,D-opt,0.0,0.0,1.0
16,4,12,0.5,HILS,0.0,0.0,1.0
16,4,12,0.5,candidate_full,0.0,0.0,1.0
16,4,12,1.0,uniform,0.0,0.0,1.0
16,4,12,1.0,D-opt,0.0,0.0,1.0
16,4,12,1.0,HILS,0.0,0.0,1.0
16,4,12,1.0,candidate_full,0.0,0.0,1.0
16,4,12,2.0,uniform,0.0,0.0,1.0
16,4,12,2.0,D-opt,0.0,0.0,1.0
16,4,12,2.0,HILS,0.125,0.0,1.0
16,4,12,2.0,candidate_full,0.0,0.0,1.0
16,8,0,0.5,uniform,0.0,0.0,1.0
16,8,0,0.5,D-opt,0.0,0.0,0.0
16,8,0,0.5,HILS,0.0,0.0,0.5
16,8,0,0.5,candidate_full,0.0,0.0,1.0
16,8,0,1.0,uniform,0.0,0.0,1.0
16,8,0,1.0,D-opt,0.0,0.0,0.0
16,8,0,1.0,HILS,0.0,0.0,0.5
16,8,0,1.0,candidate_full,0.1111111111111111,0.0,1.0
16,8,0,2.0,uniform,0.0,0.0,1.0
16,8,0,2.0,D-opt,0.0,0.0,0.0
16,8,0,2.0,HILS,0.09090909090909091,0.0,0.5
16,8,0,2.0,candidate_full,0.25384615384615383,0.0,1.0
16,8,4,0.5,uniform,0.0,0.0,1.0
16,8,4,0.5,D-opt,0.0,0.0,1.0
16,8,4,0.5,HILS,0.1111111111111111,0.0,1.0
16,8,4,0.5,candidate_full,0.0,0.0,1.0
16,8,4,1.0,uniform,0.0,0.0,1.0
16,8,4,1.0,D-opt,0.0,0.0,1.0
16,8,4,1.0,HILS,0.18181818181818182,0.0,1.0
16,8,4,1.0,candidate_full,0.07692307692307693,0.0,1.0
16,8,4,2.0,uniform,0.0,0.0,1.0
16,8,4,2.0,D-opt,0.20476190476190476,0.0,1.0
16,8,4,2.0,HILS,0.44505494505494503,0.0,1.0
16,8,4,2.0,candidate_full,0.24848484848484848,0.0,1.0
16,8,8,0.5,uniform,0.0,0.0,1.0
16,8,8,0.5,D-opt,0.0,0.0,1.0
16,8,8,0.5,HILS,0.0,0.0,1.0
16,8,8,0.5,candidate_full,0.0,0.0,1.0
16,8,8,1.0,uniform,0.1,0.0,1.0
16,8,8,1.0,D-opt,0.18181818181818182,0.0,1.0
16,8,8,1.0,HILS,0.1111111111111111,0.0,1.0
16,8,8,1.0,candidate_full,0.0,0.0,1.0
16,8,8,2.0,uniform,0.21428571428571427,0.0,1.0
16,8,8,2.0,D-opt,0.25757575757575757,0.0,1.0
16,8,8,2.0,HILS,0.30000000000000004,0.0,1.0
16,8,8,2.0,candidate_full,0.1,0.0,1.0
16,8,12,0.5,uniform,0.0,0.0,1.0
16,8,12,0.5,D-opt,0.0,0.0,1.0
16,8,12,0.5,HILS,0.0,0.0,1.0
16,8,12,0.5,candidate_full,0.1111111111111111,0.0,1.0
16,8,12,1.0,uniform,0.0,0.0,1.0
16,8,12,1.0,D-opt,0.0,0.0,1.0
16,8,12,1.0,HILS,0.0,0.0,1.0
16,8,12,1.0,candidate_full,0.1111111111111111,0.0,1.0
16,8,12,2.0,uniform,0.1,0.0,1.0
16,8,12,2.0,D-opt,0.0,0.0,1.0
16,8,12,2.0,HILS,0.0,0.0,1.0
16,8,12,2.0,candidate_full,0.1111111111111111,0.0,1.0
16,12,0,0.5,uniform,0.0,0.0,1.0
16,12,0,0.5,D-opt,0.07692307692307693,0.0,0.5
16,12,0,0.5,HILS,0.07692307692307693,0.0,1.0
16,12,0,0.5,candidate_full,0.0,0.0,1.0
16,12,0,1.0,uniform,0.0,0.0,1.0
16,12,0,1.0,D-opt,0.16666666666666666,0.0,0.5
16,12,0,1.0,HILS,0.07692307692307693,0.0,1.0
16,12,0,1.0,candidate_full,0.07692307692307693,0.0,1.0
16,12,0,2.0,uniform,0.0,0.0,1.0
16,12,0,2.0,D-opt,0.2771929824561404,0.0,0.5
16,12,0,2.0,HILS,0.33035714285714285,0.0,1.0
16,12,0,2.0,candidate_full,0.11904761904761904,0.0,1.0
16,12,4,0.5,uniform,0.07692307692307693,0.0,1.0
16,12,4,0.5,D-opt,0.06666666666666667,0.0,1.0
16,12,4,0.5,HILS,0.0,0.0,1.0
16,12,4,0.5,candidate_full,0.1111111111111111,0.0,1.0
16,12,4,1.0,uniform,0.14285714285714285,0.0,1.0
16,12,4,1.0,D-opt,0.2589285714285714,0.0,1.0
16,12,4,1.0,HILS,0.11764705882352941,0.0,1.0
16,12,4,1.0,candidate_full,0.06666666666666667,0.0,1.0
16,12,4,2.0,uniform,0.2,0.0,1.0
16,12,4,2.0,D-opt,0.31666666666666665,0.0,1.0
16,12,4,2.0,HILS,0.1843137254901961,0.0,1.0
16,12,4,2.0,candidate_full,0.17777777777777776,0.0,1.0
16,12,8,0.5,uniform,0.0,0.0,1.0
16,12,8,0.5,D-opt,0.07692307692307693,0.0,1.0
16,12,8,0.5,HILS,0.0,0.0,1.0
16,12,8,0.5,candidate_full,0.0,0.0,1.0
16,12,8,1.0,uniform,0.0,0.0,1.0
16,12,8,1.0,D-opt,0.07142857142857142,0.0,1.0
16,12,8,1.0,HILS,0.07692307692307693,0.0,1.0
16,12,8,1.0,candidate_full,0.13333333333333333,0.0,1.0
16,12,8,2.0,uniform,0.0,0.0,1.0
16,12,8,2.0,D-opt,0.17647058823529413,0.0,1.0
16,12,8,2.0,HILS,0.13333333333333333,0.0,1.0
16,12,8,2.0,candidate_full,0.0625,0.0,1.0
16,12,12,0.5,uniform,0.0,0.0,1.0
16,12,12,0.5,D-opt,0.14835164835164835,0.0,1.0
16,12,12,0.5,HILS,0.0,0.0,1.0
16,12,12,0.5,candidate_full,0.0,0.0,1.0
16,12,12,1.0,uniform,0.0,0.0,1.0
16,12,12,1.0,D-opt,0.26785714285714285,0.0,1.0
16,12,12,1.0,HILS,0.07142857142857142,0.0,1.0
16,12,12,1.0,candidate_full,0.13333333333333333,0.0,1.0
16,12,12,2.0,uniform,0.0,0.0,1.0
16,12,12,2.0,D-opt,0.3125,0.0,1.0
16,12,12,2.0,HILS,0.2426470588235294,0.0,1.0
16,12,12,2.0,candidate_full,0.21666666666666667,0.0,1.0
24,2,0,0.5,uniform,0.0,0.0,0.0
24,2,0,0.5,D-opt,0.25,0.0,0.0
24,2,0,0.5,HILS,0.0,0.0,0.0
24,2,0,0.5,candidate_full,0.2,0.0,0.0
24,2,0,1.0,uniform,0.0,0.0,0.0
24,2,0,1.0,D-opt,0.16666666666666666,0.0,0.0
24,2,0,1.0,HILS,0.0,0.0,0.0
24,2,0,1.0,candidate_full,0.25,0.0,0.0
24,2,0,2.0,uniform,0.16666666666666666,0.0,0.0
24,2,0,2.0,D-opt,0.5357142857142858,0.0,0.0
24,2,0,2.0,HILS,0.14285714285714288,0.0,0.0
24,2,0,2.0,candidate_full,0.2,0.0,0.0
24,2,4,0.5,uniform,0.0,0.0,0.5
24,2,4,0.5,D-opt,0.0,0.0,0.0
24,2,4,0.5,HILS,0.0,0.0,0.0
24,2,4,0.5,candidate_full,0.0,0.0,0.0
24,2,4,1.0,uniform,0.0,0.0,0.5
24,2,4,1.0,D-opt,0.2,0.0,0.0
24,2,4,1.0,HILS,0.25,0.0,0.0
24,2,4,1.0,candidate_full,0.0,0.0,0.0
24,2,4,2.0,uniform,0.0,0.0,0.5
24,2,4,2.0,D-opt,0.3333333333333333,0.0,0.0
24,2,4,2.0,HILS,0.25,0.0,0.0
24,2,4,2.0,candidate_full,0.0,0.0,0.0
24,2,8,0.5,uniform,0.0,0.0,1.0
24,2,8,0.5,D-opt,0.0,0.0,0.0
24,2,8,0.5,HILS,0.0,0.0,1.0
24,2,8,0.5,candidate_full,0.0,0.0,0.0
24,2,8,1.0,uniform,0.0,0.0,1.0
24,2,8,1.0,D-opt,0.0,0.0,0.0
24,2,8,1.0,HILS,0.0,0.0,1.0
24,2,8,1.0,candidate_full,0.0,0.0,0.0
24,2,8,2.0,uniform,0.0,0.0,1.0
24,2,8,2.0,D-opt,0.0,0.0,0.0
24,2,8,2.0,HILS,0.0,0.0,1.0
24,2,8,2.0,candidate_full,0.0,0.0,0.0
24,2,12,0.5,uniform,0.0,0.0,0.0
24,2,12,0.5,D-opt,0.0,0.0,0.0
24,2,12,0.5,HILS,0.0,0.0,0.0
24,2,12,0.5,candidate_full,0.25,0.0,0.0
24,2,12,1.0,uniform,0.0,0.0,0.0
24,2,12,1.0,D-opt,0.41666666666666663,0.0,0.0
24,2,12,1.0,HILS,0.0,0.0,0.0
24,2,12,1.0,candidate_full,0.2,0.0,0.0
24,2,12,2.0,uniform,0.0,0.0,0.0
24,2,12,2.0,D-opt,0.2666666666666667,0.0,0.0
24,2,12,2.0,HILS,0.0,0.0,0.0
24,2,12,2.0,candidate_full,0.2,0.0,0.0
24,4,0,0.5,uniform,0.0,0.0,1.0
24,4,0,0.5,D-opt,0.0,0.0,0.0
24,4,0,0.5,HILS,0.0,0.0,1.0
24,4,0,0.5,candidate_full,0.0,0.0,1.0
24,4,0,1.0,uniform,0.0,0.0,1.0
24,4,0,1.0,D-opt,0.28571428571428575,0.0,0.0
24,4,0,1.0,HILS,0.0,0.0,1.0
24,4,0,1.0,candidate_full,0.0,0.0,1.0
24,4,0,2.0,uniform,0.2,0.0,1.0
24,4,0,2.0,D-opt,0.4,0.0,0.0
24,4,0,2.0,HILS,0.0,0.0,1.0
24,4,0,2.0,candidate_full,0.125,0.0,1.0
24,4,4,0.5,uniform,0.0,0.0,1.0
24,4,4,0.5,D-opt,0.2,0.0,0.0
24,4,4,0.5,HILS,0.0,0.0,1.0
24,4,4,0.5,candidate_full,0.0,0.0,1.0
24,4,4,1.0,uniform,0.0,0.0,1.0
24,4,4,1.0,D-opt,0.25,0.0,0.0
24,4,4,1.0,HILS,0.0,0.0,1.0
24,4,4,1.0,candidate_full,0.0,0.0,1.0
24,4,4,2.0,uniform,0.16666666666666666,0.0,1.0
24,4,4,2.0,D-opt,0.22222222222222224,0.0,0.0
24,4,4,2.0,HILS,0.16666666666666666,0.0,1.0
24,4,4,2.0,candidate_full,0.0,0.0,1.0
24,4,8,0.5,uniform,0.14285714285714288,0.0,1.0
24,4,8,0.5,D-opt,0.3333333333333333,0.0,0.0
24,4,8,0.5,HILS,0.2,0.0,0.5
24,4,8,0.5,candidate_full,0.16666666666666666,0.0,0.0
24,4,8,1.0,uniform,0.16666666666666666,0.0,1.0
24,4,8,1.0,D-opt,0.3333333333333333,0.0,0.0
24,4,8,1.0,HILS,0.16666666666666666,0.0,0.5
24,4,8,1.0,candidate_full,0.16666666666666666,0.0,0.0
24,4,8,2.0,uniform,0.16666666666666666,0.0,1.0
24,4,8,2.0,D-opt,0.3857142857142858,0.0,0.0
24,4,8,2.0,HILS,0.16666666666666666,0.0,0.5
24,4,8,2.0,candidate_full,0.16666666666666666,0.0,0.0
24,4,12,0.5,uniform,0.0,0.0,1.0
24,4,12,0.5,D-opt,0.0,0.0,0.0
24,4,12,0.5,HILS,0.0,0.0,1.0
24,4,12,0.5,candidate_full,0.0,0.0,0.5
24,4,12,1.0,uniform,0.0,0.0,1.0
24,4,12,1.0,D-opt,0.0,0.0,0.0
24,4,12,1.0,HILS,0.0,0.0,1.0
24,4,12,1.0,candidate_full,0.0,0.0,0.5
24,4,12,2.0,uniform,0.0,0.0,1.0
24,4,12,2.0,D-opt,0.0,0.0,0.0
24,4,12,2.0,HILS,0.0,0.0,1.0
24,4,12,2.0,candidate_full,0.0,0.0,0.5
24,8,0,0.5,uniform,0.0,0.0,1.0
24,8,0,0.5,D-opt,0.1111111111111111,0.0,0.0
24,8,0,0.5,HILS,0.1,0.0,1.0
24,8,0,0.5,candidate_full,0.0,0.0,1.0
24,8,0,1.0,uniform,0.0,0.0,1.0
24,8,0,1.0,D-opt,0.20202020202020202,0.0,0.0
24,8,0,1.0,HILS,0.2,0.0,1.0
24,8,0,1.0,candidate_full,0.09090909090909091,0.0,1.0
24,8,0,2.0,uniform,0.356060606060606,0.0,1.0
24,8,0,2.0,D-opt,0.3356643356643357,0.0,0.0
24,8,0,2.0,HILS,0.19090909090909092,0.0,1.0
24,8,0,2.0,candidate_full,0.18333333333333335,0.0,1.0
24,8,4,0.5,uniform,0.0,0.0,1.0
24,8,4,0.5,D-opt,0.0,0.0,0.0
24,8,4,0.5,HILS,0.0,0.0,1.0
24,8,4,0.5,candidate_full,0.0,0.0,1.0
24,8,4,1.0,uniform,0.0,0.0,1.0
24,8,4,1.0,D-opt,0.19090909090909092,0.0,0.0
24,8,4,1.0,HILS,0.0,0.0,1.0
24,8,4,1.0,candidate_full,0.0,0.0,1.0
24,8,4,2.0,uniform,0.0,0.0,1.0
24,8,4,2.0,D-opt,0.24475524475524477,0.0,0.0
24,8,4,2.0,HILS,0.1,0.0,1.0
24,8,4,2.0,candidate_full,0.0,0.0,1.0
24,8,8,0.5,uniform,0.0,0.0,1.0
24,8,8,0.5,D-opt,0.0,0.0,0.0
24,8,8,0.5,HILS,0.0,0.0,1.0
24,8,8,0.5,candidate_full,0.09090909090909091,0.0,1.0
24,8,8,1.0,uniform,0.09090909090909091,0.0,1.0
24,8,8,1.0,D-opt,0.08333333333333333,0.0,0.0
24,8,8,1.0,HILS,0.1,0.0,1.0
24,8,8,1.0,candidate_full,0.09090909090909091,0.0,1.0
24,8,8,2.0,uniform,0.29292929292929293,0.0,1.0
24,8,8,2.0,D-opt,0.21428571428571427,0.0,0.0
24,8,8,2.0,HILS,0.2,0.0,1.0
24,8,8,2.0,candidate_full,0.23717948717948717,0.0,1.0
24,8,12,0.5,uniform,0.0,0.0,1.0
24,8,12,0.5,D-opt,0.1111111111111111,0.0,0.0
24,8,12,0.5,HILS,0.0,0.0,1.0
24,8,12,0.5,candidate_full,0.0,0.0,1.0
24,8,12,1.0,uniform,0.1111111111111111,0.0,1.0
24,8,12,1.0,D-opt,0.08333333333333333,0.0,0.0
24,8,12,1.0,HILS,0.0,0.0,1.0
24,8,12,1.0,candidate_full,0.0,0.0,1.0
24,8,12,2.0,uniform,0.1,0.0,1.0
24,8,12,2.0,D-opt,0.16025641025641024,0.0,0.0
24,8,12,2.0,HILS,0.0,0.0,1.0
24,8,12,2.0,candidate_full,0.1,0.0,1.0
24,12,0,0.5,uniform,0.0,0.0,1.0
24,12,0,0.5,D-opt,0.07692307692307693,0.0,0.0
24,12,0,0.5,HILS,0.0,0.0,1.0
24,12,0,0.5,candidate_full,0.0,0.0,1.0
24,12,0,1.0,uniform,0.07142857142857142,0.0,1.0
24,12,0,1.0,D-opt,0.13942307692307693,0.0,0.0
24,12,0,1.0,HILS,0.06666666666666667,0.0,1.0
24,12,0,1.0,candidate_full,0.06666666666666667,0.0,1.0
24,12,0,2.0,uniform,0.21978021978021978,0.0,1.0
24,12,0,2.0,D-opt,0.38011695906432746,0.0,0.0
24,12,0,2.0,HILS,0.2222222222222222,0.0,1.0
24,12,0,2.0,candidate_full,0.1766917293233083,0.0,1.0
24,12,4,0.5,uniform,0.0,0.0,1.0
24,12,4,0.5,D-opt,0.0,0.0,0.0
24,12,4,0.5,HILS,0.0,0.0,1.0
24,12,4,0.5,candidate_full,0.0,0.0,1.0
24,12,4,1.0,uniform,0.0,0.0,1.0
24,12,4,1.0,D-opt,0.06666666666666667,0.0,0.0
24,12,4,1.0,HILS,0.07692307692307693,0.0,1.0
24,12,4,1.0,candidate_full,0.06666666666666667,0.0,1.0
24,12,4,2.0,uniform,0.06666666666666667,0.0,1.0
24,12,4,2.0,D-opt,0.11764705882352941,0.0,0.0
24,12,4,2.0,HILS,0.06666666666666667,0.0,1.0
24,12,4,2.0,candidate_full,0.06666666666666667,0.0,1.0
24,12,8,0.5,uniform,0.0,0.0,1.0
24,12,8,0.5,D-opt,0.13333333333333333,0.0,0.0
24,12,8,0.5,HILS,0.0,0.0,1.0
24,12,8,0.5,candidate_full,0.0,0.0,1.0
24,12,8,1.0,uniform,0.0,0.0,1.0
24,12,8,1.0,D-opt,0.29276315789473684,0.0,0.0
24,12,8,1.0,HILS,0.0,0.0,1.0
24,12,8,1.0,candidate_full,0.0,0.0,1.0
24,12,8,2.0,uniform,0.0,0.0,1.0
24,12,8,2.0,D-opt,0.2105263157894737,0.0,0.0
24,12,8,2.0,HILS,0.11764705882352941,0.0,1.0
24,12,8,2.0,candidate_full,0.0,0.0,1.0
24,12,12,0.5,uniform,0.14835164835164835,0.0,1.0
24,12,12,0.5,D-opt,0.0,0.0,1.0
24,12,12,0.5,HILS,0.07692307692307693,0.0,1.0
24,12,12,0.5,candidate_full,0.13333333333333333,0.0,1.0
24,12,12,1.0,uniform,0.21428571428571427,0.0,1.0
24,12,12,1.0,D-opt,0.30196078431372547,0.0,1.0
24,12,12,1.0,HILS,0.07692307692307693,0.0,1.0
24,12,12,1.0,candidate_full,0.07142857142857142,0.0,1.0
24,12,12,2.0,uniform,0.2095238095238095,0.0,1.0
24,12,12,2.0,D-opt,0.3187134502923976,0.0,1.0
24,12,12,2.0,HILS,0.19215686274509802,0.0,1.0
24,12,12,2.0,candidate_full,0.13333333333333333,0.0,1.0
32,2,0,0.5,uniform,0.0,0.0,0.5
32,2,0,0.5,D-opt,0.0,0.0,0.0
32,2,0,0.5,HILS,0.0,0.0,0.0
32,2,0,0.5,candidate_full,0.0,0.0,0.0
32,2,0,1.0,uniform,0.0,0.0,0.5
32,2,0,1.0,D-opt,0.25,0.0,0.0
32,2,0,1.0,HILS,0.5,0.5,0.0
32,2,0,1.0,candidate_full,0.5,0.5,0.0
32,2,0,2.0,uniform,0.0,0.0,0.5
32,2,0,2.0,D-opt,0.6857142857142857,0.0,0.0
32,2,0,2.0,HILS,0.75,0.5,0.0
32,2,0,2.0,candidate_full,0.5,0.5,0.0
32,2,4,0.5,uniform,0.0,0.0,0.0
32,2,4,0.5,D-opt,0.0,0.0,0.0
32,2,4,0.5,HILS,0.0,0.0,0.0
32,2,4,0.5,candidate_full,0.0,0.0,0.0
32,2,4,1.0,uniform,0.0,0.0,0.0
32,2,4,1.0,D-opt,0.0,0.0,0.0
32,2,4,1.0,HILS,0.0,0.0,0.0
32,2,4,1.0,candidate_full,0.0,0.0,0.0
32,2,4,2.0,uniform,0.25,0.0,0.0
32,2,4,2.0,D-opt,0.3333333333333333,0.0,0.0
32,2,4,2.0,HILS,0.3928571428571429,0.0,0.0
32,2,4,2.0,candidate_full,0.45238095238095244,0.0,0.0
32,2,8,0.5,uniform,0.0,0.0,0.0
32,2,8,0.5,D-opt,0.0,0.0,0.0
32,2,8,0.5,HILS,0.0,0.0,0.0
32,2,8,0.5,candidate_full,0.0,0.0,0.0
32,2,8,1.0,uniform,0.0,0.0,0.0
32,2,8,1.0,D-opt,0.0,0.0,0.0
32,2,8,1.0,HILS,0.0,0.0,0.0
32,2,8,1.0,candidate_full,0.0,0.0,0.0
32,2,8,2.0,uniform,0.3333333333333333,0.0,0.0
32,2,8,2.0,D-opt,0.14285714285714288,0.0,0.0
32,2,8,2.0,HILS,0.14285714285714288,0.0,0.0
32,2,8,2.0,candidate_full,0.0,0.0,0.0
32,2,12,0.5,uniform,0.0,0.0,0.0
32,2,12,0.5,D-opt,0.0,0.0,0.0
32,2,12,0.5,HILS,0.0,0.0,0.0
32,2,12,0.5,candidate_full,0.0,0.0,0.0
32,2,12,1.0,uniform,0.2,0.0,0.0
32,2,12,1.0,D-opt,0.0,0.0,0.0
32,2,12,1.0,HILS,0.0,0.0,0.0
32,2,12,1.0,candidate_full,0.0,0.0,0.0
32,2,12,2.0,uniform,0.125,0.0,0.0
32,2,12,2.0,D-opt,0.11111111111111112,0.0,0.0
32,2,12,2.0,HILS,0.0,0.0,0.0
32,2,12,2.0,candidate_full,0.0,0.0,0.0
32,4,0,0.5,uniform,0.0,0.0,1.0
32,4,0,0.5,D-opt,0.0,0.0,0.0
32,4,0,0.5,HILS,0.0,0.0,0.0
32,4,0,0.5,candidate_full,0.0,0.0,0.5
32,4,0,1.0,uniform,0.0,0.0,1.0
32,4,0,1.0,D-opt,0.0,0.0,0.0
32,4,0,1.0,HILS,0.16666666666666666,0.0,0.0
32,4,0,1.0,candidate_full,0.0,0.0,0.5
32,4,0,2.0,uniform,0.0,0.0,1.0
32,4,0,2.0,D-opt,0.16666666666666666,0.0,0.0
32,4,0,2.0,HILS,0.14285714285714288,0.0,0.0
32,4,0,2.0,candidate_full,0.4,0.0,0.5
32,4,4,0.5,uniform,0.0,0.0,1.0
32,4,4,0.5,D-opt,0.0,0.0,0.0
32,4,4,0.5,HILS,0.0,0.0,0.5
32,4,4,0.5,candidate_full,0.0,0.0,0.5
32,4,4,1.0,uniform,0.2,0.0,1.0
32,4,4,1.0,D-opt,0.14285714285714288,0.0,0.0
32,4,4,1.0,HILS,0.14285714285714288,0.0,0.5
32,4,4,1.0,candidate_full,0.0,0.0,0.5
32,4,4,2.0,uniform,0.2,0.0,1.0
32,4,4,2.0,D-opt,0.38181818181818183,0.0,0.0
32,4,4,2.0,HILS,0.2777777777777778,0.0,0.5
32,4,4,2.0,candidate_full,0.0,0.0,0.5
32,4,8,0.5,uniform,0.0,0.0,1.0
32,4,8,0.5,D-opt,0.0,0.0,0.0
32,4,8,0.5,HILS,0.0,0.0,0.0
32,4,8,0.5,candidate_full,0.0,0.0,0.0
32,4,8,1.0,uniform,0.0,0.0,1.0
32,4,8,1.0,D-opt,0.125,0.0,0.0
32,4,8,1.0,HILS,0.0,0.0,0.0
32,4,8,1.0,candidate_full,0.0,0.0,0.0
32,4,8,2.0,uniform,0.0,0.0,1.0
32,4,8,2.0,D-opt,0.18181818181818182,0.0,0.0
32,4,8,2.0,HILS,0.125,0.0,0.0
32,4,8,2.0,candidate_full,0.125,0.0,0.0
32,4,12,0.5,uniform,0.0,0.0,1.0
32,4,12,0.5,D-opt,0.11111111111111112,0.0,0.0
32,4,12,0.5,HILS,0.125,0.0,0.0
32,4,12,0.5,candidate_full,0.16666666666666666,0.0,0.5
32,4,12,1.0,uniform,0.2,0.0,1.0
32,4,12,1.0,D-opt,0.09090909090909091,0.0,0.0
32,4,12,1.0,HILS,0.09090909090909091,0.0,0.0
32,4,12,1.0,candidate_full,0.14285714285714288,0.0,0.5
32,4,12,2.0,uniform,0.14285714285714288,0.0,1.0
32,4,12,2.0,D-opt,0.07692307692307691,0.0,0.0
32,4,12,2.0,HILS,0.07142857142857144,0.0,0.0
32,4,12,2.0,candidate_full,0.11111111111111112,0.0,0.5
32,8,0,0.5,uniform,0.0,0.0,1.0
32,8,0,0.5,D-opt,0.0,0.0,0.0
32,8,0,0.5,HILS,0.08333333333333333,0.0,0.0
32,8,0,0.5,candidate_full,0.0,0.0,1.0
32,8,0,1.0,uniform,0.0,0.0,1.0
32,8,0,1.0,D-opt,0.24475524475524477,0.0,0.0
32,8,0,1.0,HILS,0.25757575757575757,0.0,0.0
32,8,0,1.0,candidate_full,0.3484848484848485,0.0,1.0
32,8,0,2.0,uniform,0.1,0.0,1.0
32,8,0,2.0,D-opt,0.38095238095238093,0.0,0.0
32,8,0,2.0,HILS,0.4615384615384615,0.0,0.0
32,8,0,2.0,candidate_full,0.4318181818181818,0.0,1.0
32,8,4,0.5,uniform,0.1,0.0,1.0
32,8,4,0.5,D-opt,0.0,0.0,0.0
32,8,4,0.5,HILS,0.0,0.0,0.0
32,8,4,0.5,candidate_full,0.0,0.0,0.5
32,8,4,1.0,uniform,0.1111111111111111,0.0,1.0
32,8,4,1.0,D-opt,0.07142857142857144,0.0,0.0
32,8,4,1.0,HILS,0.1,0.0,0.0
32,8,4,1.0,candidate_full,0.27142857142857146,0.0,0.5
32,8,4,2.0,uniform,0.25757575757575757,0.0,1.0
32,8,4,2.0,D-opt,0.3538461538461538,0.0,0.0
32,8,4,2.0,HILS,0.330316742081448,0.0,0.0
32,8,4,2.0,candidate_full,0.3846153846153846,0.0,0.5
32,8,8,0.5,uniform,0.0,0.0,1.0
32,8,8,0.5,D-opt,0.0,0.0,0.0
32,8,8,0.5,HILS,0.0,0.0,0.0
32,8,8,0.5,candidate_full,0.1111111111111111,0.0,1.0
32,8,8,1.0,uniform,0.0,0.0,1.0
32,8,8,1.0,D-opt,0.0,0.0,0.0
32,8,8,1.0,HILS,0.1,0.0,0.0
32,8,8,1.0,candidate_full,0.09090909090909091,0.0,1.0
32,8,8,2.0,uniform,0.0,0.0,1.0
32,8,8,2.0,D-opt,0.2833333333333333,0.0,0.0
32,8,8,2.0,HILS,0.08333333333333333,0.0,0.0
32,8,8,2.0,candidate_full,0.14285714285714288,0.0,1.0
32,8,12,0.5,uniform,0.0,0.0,1.0
32,8,12,0.5,D-opt,0.0,0.0,0.0
32,8,12,0.5,HILS,0.0,0.0,0.0
32,8,12,0.5,candidate_full,0.0,0.0,1.0
32,8,12,1.0,uniform,0.0,0.0,1.0
32,8,12,1.0,D-opt,0.0,0.0,0.0
32,8,12,1.0,HILS,0.0,0.0,0.0
32,8,12,1.0,candidate_full,0.0,0.0,1.0
32,8,12,2.0,uniform,0.2337662337662338,0.0,1.0
32,8,12,2.0,D-opt,0.0,0.0,0.0
32,8,12,2.0,HILS,0.09090909090909091,0.0,0.0
32,8,12,2.0,candidate_full,0.08333333333333333,0.0,1.0
32,12,0,0.5,uniform,0.0,0.0,1.0
32,12,0,0.5,D-opt,0.0,0.0,0.0
32,12,0,0.5,HILS,0.07142857142857142,0.0,1.0
32,12,0,0.5,candidate_full,0.14285714285714285,0.0,1.0
32,12,0,1.0,uniform,0.07142857142857142,0.0,1.0
32,12,0,1.0,D-opt,0.2761904761904762,0.0,0.0
32,12,0,1.0,HILS,0.21025641025641026,0.0,1.0
32,12,0,1.0,candidate_full,0.25339366515837103,0.0,1.0
32,12,0,2.0,uniform,0.2431372549019608,0.0,1.0
32,12,0,2.0,D-opt,0.39869281045751637,0.0,0.0
32,12,0,2.0,HILS,0.37719298245614036,0.0,1.0
32,12,0,2.0,candidate_full,0.3067226890756303,0.0,1.0
32,12,4,0.5,uniform,0.0,0.0,1.0
32,12,4,0.5,D-opt,0.07692307692307693,0.0,0.0
32,12,4,0.5,HILS,0.07692307692307693,0.0,0.5
32,12,4,0.5,candidate_full,0.14285714285714285,0.0,1.0
32,12,4,1.0,uniform,0.06666666666666667,0.0,1.0
32,12,4,1.0,D-opt,0.13333333333333333,0.0,0.0
32,12,4,1.0,HILS,0.14835164835164835,0.0,0.5
32,12,4,1.0,candidate_full,0.14285714285714285,0.0,1.0
32,12,4,2.0,uniform,0.06666666666666667,0.0,1.0
32,12,4,2.0,D-opt,0.3833333333333333,0.0,0.0
32,12,4,2.0,HILS,0.36397058823529416,0.0,0.5
32,12,4,2.0,candidate_full,0.26050420168067223,0.0,1.0
32,12,8,0.5,uniform,0.0,0.0,1.0
32,12,8,0.5,D-opt,0.07142857142857142,0.0,0.0
32,12,8,0.5,HILS,0.0,0.0,0.0
32,12,8,0.5,candidate_full,0.07692307692307693,0.0,1.0
32,12,8,1.0,uniform,0.14285714285714285,0.0,1.0
32,12,8,1.0,D-opt,0.2761904761904762,0.0,0.0
32,12,8,1.0,HILS,0.21978021978021978,0.0,0.0
32,12,8,1.0,candidate_full,0.20192307692307693,0.0,1.0
32,12,8,2.0,uniform,0.3555555555555555,0.0,1.0
32,12,8,2.0,D-opt,0.26666666666666666,0.0,0.0
32,12,8,2.0,HILS,0.33333333333333337,0.0,0.0
32,12,8,2.0,candidate_full,0.2857142857142857,0.0,1.0
32,12,12,0.5,uniform,0.0,0.0,1.0
32,12,12,0.5,D-opt,0.14358974358974358,0.0,0.0
32,12,12,0.5,HILS,0.13574660633484165,0.0,0.5
32,12,12,0.5,candidate_full,0.0625,0.0,1.0
32,12,12,1.0,uniform,0.0,0.0,1.0
32,12,12,1.0,D-opt,0.19642857142857142,0.0,0.0
32,12,12,1.0,HILS,0.1380952380952381,0.0,0.5
32,12,12,1.0,candidate_full,0.058823529411764705,0.0,1.0
32,12,12,2.0,uniform,0.125,0.0,1.0
32,12,12,2.0,D-opt,0.23529411764705882,0.0,0.0
32,12,12,2.0,HILS,0.1764705882352941,0.0,0.5
32,12,12,2.0,candidate_full,0.26666666666666666,0.0,1.0
