budget,design_method,estimator,primary_f1,precision,recall,empirical_fdr,sign_flips,response_rmse
16,D-opt,lasso,0.20738427561084571,0.3250821924340762,0.23013222157959,0.6392035218516382,4.892857142857143,0.2226736066232606
16,DCD,lasso,0.15182539224283897,0.20608001896410738,0.15580377225114067,0.5796342667501783,2.75,0.22693493274848484
16,HILS,elastic_net,0.2542508979172577,0.2738817680429523,0.2954863591860496,0.7261182319570477,4.5,0.2217351186641923
16,HILS,lasso,0.20129659060687924,0.3074872204719936,0.19734855143136878,0.621084208099435,3.392857142857143,0.17684259112880332
16,candidate_full,elastic_net,0.25412260944306253,0.2526193956960746,0.29876507114316714,0.7473806043039255,5.392857142857143,0.21175084247758286
16,candidate_full,lasso,0.15981198182215778,0.20662096426785365,0.1834765080121117,0.6505218928750035,3.4642857142857144,0.2273187136494568
16,candidate_no_singular,lasso,0.040800150609778534,0.0742063492063492,0.03085048121812828,0.640079365079365,1.0,0.18282148340091414
16,candidate_symmetric,lasso,0.14149807566172798,0.14928588616987604,0.1422412791027342,0.6721426852586954,2.9285714285714284,0.17824578290727738
16,candidate_target_aware,lasso,0.07733980054730936,0.16215437131790517,0.06428585604282198,0.5521313429678092,1.4642857142857142,0.18516608280696567
16,hybrid_d50,lasso,0.14828729071789612,0.2035020622256492,0.1588698012943369,0.6893550806314936,2.892857142857143,0.20524882974439781
16,uniform,lasso,0.12121525561222675,0.20152961462316873,0.10619733723448894,0.7270418139482598,1.75,0.1969462386930116
24,D-opt,lasso,0.19519466809826108,0.2414994624634946,0.20805031526780754,0.6513576803936482,3.5714285714285716,0.2157886739427332
24,DCD,lasso,0.15642017793540183,0.3628312883353206,0.1413746233986172,0.565740140236108,1.8214285714285714,0.20925159114621053
24,HILS,elastic_net,0.264772556949812,0.2496911097589664,0.3196142458332861,0.7503088902410335,4.75,0.19005093401201376
24,HILS,lasso,0.16016692208634023,0.2074264705882353,0.1463826421256762,0.6497163865546218,2.25,0.16615438317927134
24,candidate_full,elastic_net,0.2115190975992151,0.21573148344627596,0.2514488993978158,0.7485542308394384,4.892857142857143,0.21046532627664583
24,candidate_full,lasso,0.0907663117992443,0.11836513256094817,0.08315601881778353,0.6673491531533375,2.2142857142857144,0.1632981786763168
24,candidate_no_singular,lasso,0.12716893976788132,0.20560550560550558,0.09625875822663747,0.5086802086802087,0.7857142857142857,0.204346432939207
24,candidate_symmetric,lasso,0.08658196623991407,0.11812058555479608,0.07784818380793614,0.7747365573023467,1.5714285714285714,0.1619937556452618
24,candidate_target_aware,lasso,0.13677488175301902,0.153226733370427,0.13663052096682127,0.7039161237724301,1.8214285714285714,0.1747794605152532
24,hybrid_d50,lasso,0.199744388539365,0.25022740825039574,0.2326705125369986,0.6426297346067471,3.857142857142857,0.18633277625221387
24,uniform,lasso,0.12143420937529502,0.25430428267384786,0.10503648827952235,0.6028385744690092,1.2142857142857142,0.17010440558393997
32,D-opt,lasso,0.20779764094747794,0.2534464624437001,0.24043836495461884,0.6751249661277284,2.8214285714285716,0.20604752464154655
32,DCD,lasso,0.23576828490200927,0.38499108544922006,0.22796137685843568,0.6150089145507799,2.0357142857142856,0.19223973576695114
32,HILS,elastic_net,0.24855120869192443,0.29034584877681363,0.29275477059919786,0.7096541512231864,4.142857142857143,0.29593823074855774
32,HILS,lasso,0.21754628274587184,0.2508712106906562,0.23703477679870869,0.6062716464522009,3.0714285714285716,0.21988209478584972
32,candidate_full,elastic_net,0.2934443233652209,0.28193062219658815,0.3478702057746176,0.7180693778034117,4.428571428571429,0.1776355356772867
32,candidate_full,lasso,0.21025305246325451,0.2547422580673812,0.22498066196789107,0.6381148847897616,2.8214285714285716,0.17157602749171597
32,candidate_no_singular,lasso,0.19741421467353062,0.22879823724361542,0.19391116601836414,0.6997731913278132,1.2857142857142858,0.1713815983213167
32,candidate_symmetric,lasso,0.2467414064814913,0.2812323287573219,0.28250525918869573,0.611624814099821,3.2857142857142856,0.2144881898892645
32,candidate_target_aware,lasso,0.19601823167276064,0.25369780427519883,0.19780822247927513,0.6748736242962297,2.392857142857143,0.1736144103375628
32,hybrid_d50,lasso,0.2004772722335075,0.2904459750301535,0.20037898762743964,0.7095540249698464,2.9642857142857144,0.16569126605987086
32,uniform,lasso,0.18604257036652455,0.2225548009426638,0.19238594223114344,0.6703023419144791,2.5,0.16352001151426696
