budget,method,signed_f1,precision,recall,exact_recovery_rate,singular_fraction
16,D-opt,0.19931557639890973,0.2401785714285714,0.2013888888888889,0.0,0.25
16,DCD,0.07074376241042907,0.13518518518518519,0.059027777777777776,0.0,0.6388888888888888
16,HILS,0.11330814247480915,0.13313492063492063,0.11805555555555555,0.027777777777777776,0.5
16,candidate_full,0.09366635543106132,0.12083333333333332,0.1076388888888889,0.0,0.6388888888888888
16,candidate_no_singular,0.03209876543209876,0.06481481481481481,0.027777777777777776,0.0,0.9722222222222222
16,candidate_symmetric,0.04402958152958154,0.04722222222222222,0.05555555555555555,0.0,0.75
16,candidate_target_aware,0.024074074074074074,0.034722222222222224,0.024305555555555556,0.0,0.8333333333333334
16,hybrid_d50,0.10731305731305732,0.16117724867724867,0.09027777777777778,0.0,0.4166666666666667
16,uniform,0.026038159371492706,0.06481481481481481,0.017361111111111112,0.0,0.8611111111111112
24,D-opt,0.2493033972200639,0.2996362433862434,0.2569444444444444,0.0,0.0
24,DCD,0.1621671538338205,0.22178330928330928,0.1736111111111111,0.0,0.5277777777777778
24,HILS,0.05848765432098765,0.09722222222222222,0.059027777777777776,0.0,0.8055555555555556
24,candidate_full,0.06071428571428572,0.1259259259259259,0.04861111111111111,0.0,0.7222222222222222
24,candidate_no_singular,0.03143939393939394,0.04398148148148148,0.027777777777777776,0.0,0.9722222222222222
24,candidate_symmetric,0.061151811151811154,0.06435185185185184,0.07291666666666667,0.0,0.7777777777777778
24,candidate_target_aware,0.05064534231200898,0.10416666666666667,0.04861111111111111,0.0,0.7777777777777778
24,hybrid_d50,0.21561617394950727,0.26031746031746034,0.22569444444444445,0.0,0.05555555555555555
24,uniform,0.03888888888888889,0.10648148148148147,0.03125,0.0,0.7777777777777778
32,D-opt,0.20412519579186247,0.25360449735449736,0.22569444444444445,0.027777777777777776,0.0
32,DCD,0.10317460317460318,0.16832010582010581,0.11805555555555555,0.0,0.7222222222222222
32,HILS,0.2017434360636115,0.21789421997755332,0.22916666666666666,0.0,0.1111111111111111
32,candidate_full,0.15713669047002382,0.22817460317460314,0.1597222222222222,0.0,0.5
32,candidate_no_singular,0.1122100122100122,0.22314814814814815,0.09375,0.0,0.8888888888888888
32,candidate_symmetric,0.20412519579186247,0.25360449735449736,0.22569444444444445,0.027777777777777776,0.0
32,candidate_target_aware,0.07839228672562006,0.16488095238095238,0.07291666666666667,0.0,0.7777777777777778
32,hybrid_d50,0.19998066566694017,0.24614197530864196,0.20833333333333334,0.0,0.05555555555555555
32,uniform,0.11624502041168709,0.2177469135802469,0.10416666666666667,0.027777777777777776,0.75
