jaccard,shared_reactions,left,right
1.0,3,R-HSA-1296041,R-HSA-997272
0.8,8,R-HSA-5607761,R-HSA-5676590
0.7692307692307693,10,R-HSA-111932,R-HSA-442729
0.6666666666666666,2,R-HSA-8932504,R-HSA-8932506
0.5454545454545454,6,R-HSA-2871809,R-HSA-5607763
0.5384615384615384,14,R-HSA-2644606,R-HSA-2894862
0.5,1,R-HSA-168888,R-HSA-169131
0.42857142857142855,3,R-HSA-141334,R-HSA-351200
0.4166666666666667,10,R-HSA-2029482,R-HSA-5663213
0.41379310344827586,12,R-HSA-844456,R-HSA-9660826
0.4,4,R-HSA-416572,R-HSA-5627117
0.375,3,R-HSA-6811555,R-HSA-8847453
0.37037037037037035,10,R-HSA-5663213,R-HSA-9664422
0.35714285714285715,5,R-HSA-9766229,R-HSA-9958810
0.3076923076923077,12,R-HSA-2029482,R-HSA-9664422
0.3,3,R-HSA-399997,R-HSA-434316
0.29411764705882354,5,R-HSA-9634597,R-HSA-9660821
0.2857142857142857,4,R-HSA-442720,R-HSA-9660821
0.2857142857142857,2,R-HSA-4411364,R-HSA-8951430
0.2857142857142857,2,R-HSA-187577,R-HSA-8849470
0.28,7,R-HSA-9702518,R-HSA-9703465
0.2727272727272727,3,R-HSA-9686347,R-HSA-9692913
0.25925925925925924,7,R-HSA-203615,R-HSA-5218920
0.25,2,R-HSA-163615,R-HSA-442720
0.25,1,R-HSA-5576892,R-HSA-5576893
0.25,1,R-HSA-111367,R-HSA-73856
0.23529411764705882,4,R-HSA-9823739,R-HSA-9832991
0.23076923076923078,3,R-HSA-72086,R-HSA-77075
0.23076923076923078,3,R-HSA-442720,R-HSA-9634597
0.2222222222222222,4,R-HSA-6804116,R-HSA-69895
0.2222222222222222,2,R-HSA-9634285,R-HSA-9652282
0.2222222222222222,2,R-HSA-181430,R-HSA-212676
0.2222222222222222,2,R-HSA-1606341,R-HSA-3270619
0.21428571428571427,3,R-HSA-3232118,R-HSA-8866904
0.2,6,R-HSA-9633012,R-HSA-9648895
0.2,4,R-HSA-389357,R-HSA-5218920
0.2,4,R-HSA-264876,R-HSA-435368
0.2,3,R-HSA-5218921,R-HSA-5607763
0.2,2,R-HSA-8931987,R-HSA-8939256
0.2,1,R-HSA-8932505,R-HSA-8932506
0.2,1,R-HSA-73856,R-HSA-77588
0.2,1,R-HSA-163615,R-HSA-164378
0.18181818181818182,4,R-HSA-442720,R-HSA-9664323
0.18181818181818182,2,R-HSA-8849474,R-HSA-8875791
0.16666666666666666,5,R-HSA-9707616,R-HSA-9931509
0.16666666666666666,4,R-HSA-448706,R-HSA-9660826
0.16666666666666666,2,R-HSA-163615,R-HSA-9634597
0.16666666666666666,1,R-HSA-8932504,R-HSA-8932505
0.16666666666666666,1,R-HSA-69478,R-HSA-75035
0.16666666666666666,1,R-HSA-5576890,R-HSA-5576893
0.16666666666666666,1,R-HSA-446343,R-HSA-446388
0.16666666666666666,1,R-HSA-420029,R-HSA-9705677
0.16666666666666666,1,R-HSA-418359,R-HSA-425561
0.16666666666666666,1,R-HSA-167200,R-HSA-176034
0.16666666666666666,1,R-HSA-141333,R-HSA-380612
0.16216216216216217,6,R-HSA-202424,R-HSA-2871837
0.1568627450980392,8,R-HSA-2559580,R-HSA-2559585
0.15384615384615385,2,R-HSA-73980,R-HSA-749476
0.15,3,R-HSA-2871809,R-HSA-5218921
0.14814814814814814,4,R-HSA-2132295,R-HSA-9979719
0.14285714285714285,4,R-HSA-9660821,R-HSA-9664323
0.14285714285714285,3,R-HSA-9761174,R-HSA-9830364
0.14285714285714285,3,R-HSA-2029485,R-HSA-5218921
0.14285714285714285,3,R-HSA-163615,R-HSA-9664323
0.14285714285714285,2,R-HSA-210990,R-HSA-432142
0.14285714285714285,2,R-HSA-163615,R-HSA-9660821
0.14285714285714285,2,R-HSA-163615,R-HSA-180024
0.14285714285714285,1,R-HSA-73856,R-HSA-77595
0.14285714285714285,1,R-HSA-5627083,R-HSA-9013406
0.14285714285714285,1,R-HSA-429947,R-HSA-9820865
0.14285714285714285,1,R-HSA-191650,R-HSA-9705677
0.14285714285714285,1,R-HSA-1810476,R-HSA-933542
0.14285714285714285,1,R-HSA-164378,R-HSA-442720
0.14285714285714285,1,R-HSA-163767,R-HSA-9634600
0.13636363636363635,3,R-HSA-432040,R-HSA-9634597
0.13636363636363635,3,R-HSA-2871796,R-HSA-450341
0.13333333333333333,4,R-HSA-5578775,R-HSA-936837
0.13333333333333333,2,R-HSA-173599,R-HSA-727802
0.13333333333333333,2,R-HSA-164378,R-HSA-432040
0.13043478260869565,3,R-HSA-5607763,R-HSA-9664323
0.13043478260869565,3,R-HSA-159418,R-HSA-879518
0.125,3,R-HSA-432040,R-HSA-9660821
0.125,2,R-HSA-933541,R-HSA-975110
0.125,2,R-HSA-8963693,R-HSA-9856872
0.125,2,R-HSA-2029485,R-HSA-5607763
0.125,2,R-HSA-180024,R-HSA-442720
0.125,1,R-HSA-8939246,R-HSA-8941333
0.125,1,R-HSA-264642,R-HSA-9958517
0.125,1,R-HSA-198693,R-HSA-9614399
0.125,1,R-HSA-198203,R-HSA-392451
0.125,1,R-HSA-181429,R-HSA-212676
0.125,1,R-HSA-1810476,R-HSA-3134963
0.125,1,R-HSA-163358,R-HSA-9634600
0.12121212121212122,8,R-HSA-8931987,R-HSA-9018519
0.12121212121212122,4,R-HSA-2424491,R-HSA-2871796
0.11764705882352941,2,R-HSA-5358565,R-HSA-5358606
0.11764705882352941,2,R-HSA-163615,R-HSA-432040
0.1111111111111111,3,R-HSA-9634597,R-HSA-9664323
0.1111111111111111,3,R-HSA-2029482,R-HSA-399954
0.1111111111111111,2,R-HSA-418359,R-HSA-936837
