run_id,instance_id,stage,status,included_in_scientific_denominator,reason
F1-INFRA-11429,11429,V0,BLOCKED,False,container_runtime_unavailable_and_host_storage_below_official_minimum
F1-INFRA-11429,11429,V1,BLOCKED,False,container_runtime_unavailable_and_host_storage_below_official_minimum
F1-INFRA-11429,11429,V2,BLOCKED,False,container_runtime_unavailable_and_host_storage_below_official_minimum
F1-INFRA-11429,11429,V3,BLOCKED,False,container_runtime_unavailable_and_host_storage_below_official_minimum
F1-INFRA-11429,11429,V4,BLOCKED,False,container_runtime_unavailable_and_host_storage_below_official_minimum
F1-INFRA-13956,13956,V0,BLOCKED,False,container_runtime_unavailable_and_host_storage_below_official_minimum
F1-INFRA-13956,13956,V1,BLOCKED,False,container_runtime_unavailable_and_host_storage_below_official_minimum
F1-INFRA-13956,13956,V2,BLOCKED,False,container_runtime_unavailable_and_host_storage_below_official_minimum
F1-INFRA-13956,13956,V3,BLOCKED,False,container_runtime_unavailable_and_host_storage_below_official_minimum
F1-INFRA-13956,13956,V4,BLOCKED,False,container_runtime_unavailable_and_host_storage_below_official_minimum
F1-INFRA-14620,14620,V0,BLOCKED,False,container_runtime_unavailable_and_host_storage_below_official_minimum
F1-INFRA-14620,14620,V1,BLOCKED,False,container_runtime_unavailable_and_host_storage_below_official_minimum
F1-INFRA-14620,14620,V2,BLOCKED,False,container_runtime_unavailable_and_host_storage_below_official_minimum
F1-INFRA-14620,14620,V3,BLOCKED,False,container_runtime_unavailable_and_host_storage_below_official_minimum
F1-INFRA-14620,14620,V4,BLOCKED,False,container_runtime_unavailable_and_host_storage_below_official_minimum
F1-INFRA-33071,33071,V0,BLOCKED,False,container_runtime_unavailable_and_host_storage_below_official_minimum
F1-INFRA-33071,33071,V1,BLOCKED,False,container_runtime_unavailable_and_host_storage_below_official_minimum
F1-INFRA-33071,33071,V2,BLOCKED,False,container_runtime_unavailable_and_host_storage_below_official_minimum
F1-INFRA-33071,33071,V3,BLOCKED,False,container_runtime_unavailable_and_host_storage_below_official_minimum
F1-INFRA-33071,33071,V4,BLOCKED,False,container_runtime_unavailable_and_host_storage_below_official_minimum
F1-INFRA-33264,33264,V0,BLOCKED,False,container_runtime_unavailable_and_host_storage_below_official_minimum
F1-INFRA-33264,33264,V1,BLOCKED,False,container_runtime_unavailable_and_host_storage_below_official_minimum
F1-INFRA-33264,33264,V2,BLOCKED,False,container_runtime_unavailable_and_host_storage_below_official_minimum
F1-INFRA-33264,33264,V3,BLOCKED,False,container_runtime_unavailable_and_host_storage_below_official_minimum
F1-INFRA-33264,33264,V4,BLOCKED,False,container_runtime_unavailable_and_host_storage_below_official_minimum
F1-INFRA-3371,3371,V0,BLOCKED,False,container_runtime_unavailable_and_host_storage_below_official_minimum
F1-INFRA-3371,3371,V1,BLOCKED,False,container_runtime_unavailable_and_host_storage_below_official_minimum
F1-INFRA-3371,3371,V2,BLOCKED,False,container_runtime_unavailable_and_host_storage_below_official_minimum
F1-INFRA-3371,3371,V3,BLOCKED,False,container_runtime_unavailable_and_host_storage_below_official_minimum
F1-INFRA-3371,3371,V4,BLOCKED,False,container_runtime_unavailable_and_host_storage_below_official_minimum
F1-INFRA-33947,33947,V0,BLOCKED,False,container_runtime_unavailable_and_host_storage_below_official_minimum
F1-INFRA-33947,33947,V1,BLOCKED,False,container_runtime_unavailable_and_host_storage_below_official_minimum
F1-INFRA-33947,33947,V2,BLOCKED,False,container_runtime_unavailable_and_host_storage_below_official_minimum
F1-INFRA-33947,33947,V3,BLOCKED,False,container_runtime_unavailable_and_host_storage_below_official_minimum
F1-INFRA-33947,33947,V4,BLOCKED,False,container_runtime_unavailable_and_host_storage_below_official_minimum
F1-INFRA-5576,5576,V0,BLOCKED,False,container_runtime_unavailable_and_host_storage_below_official_minimum
F1-INFRA-5576,5576,V1,BLOCKED,False,container_runtime_unavailable_and_host_storage_below_official_minimum
F1-INFRA-5576,5576,V2,BLOCKED,False,container_runtime_unavailable_and_host_storage_below_official_minimum
F1-INFRA-5576,5576,V3,BLOCKED,False,container_runtime_unavailable_and_host_storage_below_official_minimum
F1-INFRA-5576,5576,V4,BLOCKED,False,container_runtime_unavailable_and_host_storage_below_official_minimum
F1-INFRA-57586,57586,V0,BLOCKED,False,container_runtime_unavailable_and_host_storage_below_official_minimum
F1-INFRA-57586,57586,V1,BLOCKED,False,container_runtime_unavailable_and_host_storage_below_official_minimum
F1-INFRA-57586,57586,V2,BLOCKED,False,container_runtime_unavailable_and_host_storage_below_official_minimum
F1-INFRA-57586,57586,V3,BLOCKED,False,container_runtime_unavailable_and_host_storage_below_official_minimum
F1-INFRA-57586,57586,V4,BLOCKED,False,container_runtime_unavailable_and_host_storage_below_official_minimum
F1-INFRA-57587,57587,V0,BLOCKED,False,container_runtime_unavailable_and_host_storage_below_official_minimum
F1-INFRA-57587,57587,V1,BLOCKED,False,container_runtime_unavailable_and_host_storage_below_official_minimum
F1-INFRA-57587,57587,V2,BLOCKED,False,container_runtime_unavailable_and_host_storage_below_official_minimum
F1-INFRA-57587,57587,V3,BLOCKED,False,container_runtime_unavailable_and_host_storage_below_official_minimum
F1-INFRA-57587,57587,V4,BLOCKED,False,container_runtime_unavailable_and_host_storage_below_official_minimum
F1-INFRA-62561,62561,V0,BLOCKED,False,container_runtime_unavailable_and_host_storage_below_official_minimum
F1-INFRA-62561,62561,V1,BLOCKED,False,container_runtime_unavailable_and_host_storage_below_official_minimum
F1-INFRA-62561,62561,V2,BLOCKED,False,container_runtime_unavailable_and_host_storage_below_official_minimum
F1-INFRA-62561,62561,V3,BLOCKED,False,container_runtime_unavailable_and_host_storage_below_official_minimum
F1-INFRA-62561,62561,V4,BLOCKED,False,container_runtime_unavailable_and_host_storage_below_official_minimum
F1-INFRA-62973,62973,V0,BLOCKED,False,container_runtime_unavailable_and_host_storage_below_official_minimum
F1-INFRA-62973,62973,V1,BLOCKED,False,container_runtime_unavailable_and_host_storage_below_official_minimum
F1-INFRA-62973,62973,V2,BLOCKED,False,container_runtime_unavailable_and_host_storage_below_official_minimum
F1-INFRA-62973,62973,V3,BLOCKED,False,container_runtime_unavailable_and_host_storage_below_official_minimum
F1-INFRA-62973,62973,V4,BLOCKED,False,container_runtime_unavailable_and_host_storage_below_official_minimum
F1-INFRA-63463,63463,V0,BLOCKED,False,container_runtime_unavailable_and_host_storage_below_official_minimum
F1-INFRA-63463,63463,V1,BLOCKED,False,container_runtime_unavailable_and_host_storage_below_official_minimum
F1-INFRA-63463,63463,V2,BLOCKED,False,container_runtime_unavailable_and_host_storage_below_official_minimum
F1-INFRA-63463,63463,V3,BLOCKED,False,container_runtime_unavailable_and_host_storage_below_official_minimum
F1-INFRA-63463,63463,V4,BLOCKED,False,container_runtime_unavailable_and_host_storage_below_official_minimum
F1-INFRA-63537,63537,V0,BLOCKED,False,container_runtime_unavailable_and_host_storage_below_official_minimum
F1-INFRA-63537,63537,V1,BLOCKED,False,container_runtime_unavailable_and_host_storage_below_official_minimum
F1-INFRA-63537,63537,V2,BLOCKED,False,container_runtime_unavailable_and_host_storage_below_official_minimum
F1-INFRA-63537,63537,V3,BLOCKED,False,container_runtime_unavailable_and_host_storage_below_official_minimum
F1-INFRA-63537,63537,V4,BLOCKED,False,container_runtime_unavailable_and_host_storage_below_official_minimum
F1-INFRA-66679,66679,V0,BLOCKED,False,container_runtime_unavailable_and_host_storage_below_official_minimum
F1-INFRA-66679,66679,V1,BLOCKED,False,container_runtime_unavailable_and_host_storage_below_official_minimum
F1-INFRA-66679,66679,V2,BLOCKED,False,container_runtime_unavailable_and_host_storage_below_official_minimum
F1-INFRA-66679,66679,V3,BLOCKED,False,container_runtime_unavailable_and_host_storage_below_official_minimum
F1-INFRA-66679,66679,V4,BLOCKED,False,container_runtime_unavailable_and_host_storage_below_official_minimum
F1-INFRA-6829,6829,V0,BLOCKED,False,container_runtime_unavailable_and_host_storage_below_official_minimum
F1-INFRA-6829,6829,V1,BLOCKED,False,container_runtime_unavailable_and_host_storage_below_official_minimum
F1-INFRA-6829,6829,V2,BLOCKED,False,container_runtime_unavailable_and_host_storage_below_official_minimum
F1-INFRA-6829,6829,V3,BLOCKED,False,container_runtime_unavailable_and_host_storage_below_official_minimum
F1-INFRA-6829,6829,V4,BLOCKED,False,container_runtime_unavailable_and_host_storage_below_official_minimum
F1-INFRA-6975,6975,V0,BLOCKED,False,container_runtime_unavailable_and_host_storage_below_official_minimum
F1-INFRA-6975,6975,V1,BLOCKED,False,container_runtime_unavailable_and_host_storage_below_official_minimum
F1-INFRA-6975,6975,V2,BLOCKED,False,container_runtime_unavailable_and_host_storage_below_official_minimum
F1-INFRA-6975,6975,V3,BLOCKED,False,container_runtime_unavailable_and_host_storage_below_official_minimum
F1-INFRA-6975,6975,V4,BLOCKED,False,container_runtime_unavailable_and_host_storage_below_official_minimum
F1-INFRA-7171,7171,V0,BLOCKED,False,container_runtime_unavailable_and_host_storage_below_official_minimum
F1-INFRA-7171,7171,V1,BLOCKED,False,container_runtime_unavailable_and_host_storage_below_official_minimum
F1-INFRA-7171,7171,V2,BLOCKED,False,container_runtime_unavailable_and_host_storage_below_official_minimum
F1-INFRA-7171,7171,V3,BLOCKED,False,container_runtime_unavailable_and_host_storage_below_official_minimum
F1-INFRA-7171,7171,V4,BLOCKED,False,container_runtime_unavailable_and_host_storage_below_official_minimum
F1-INFRA-7206,7206,V0,BLOCKED,False,container_runtime_unavailable_and_host_storage_below_official_minimum
F1-INFRA-7206,7206,V1,BLOCKED,False,container_runtime_unavailable_and_host_storage_below_official_minimum
F1-INFRA-7206,7206,V2,BLOCKED,False,container_runtime_unavailable_and_host_storage_below_official_minimum
F1-INFRA-7206,7206,V3,BLOCKED,False,container_runtime_unavailable_and_host_storage_below_official_minimum
F1-INFRA-7206,7206,V4,BLOCKED,False,container_runtime_unavailable_and_host_storage_below_official_minimum
F1-INFRA-7262,7262,V0,BLOCKED,False,container_runtime_unavailable_and_host_storage_below_official_minimum
F1-INFRA-7262,7262,V1,BLOCKED,False,container_runtime_unavailable_and_host_storage_below_official_minimum
F1-INFRA-7262,7262,V2,BLOCKED,False,container_runtime_unavailable_and_host_storage_below_official_minimum
F1-INFRA-7262,7262,V3,BLOCKED,False,container_runtime_unavailable_and_host_storage_below_official_minimum
F1-INFRA-7262,7262,V4,BLOCKED,False,container_runtime_unavailable_and_host_storage_below_official_minimum
F1-INFRA-7538,7538,V0,BLOCKED,False,container_runtime_unavailable_and_host_storage_below_official_minimum
F1-INFRA-7538,7538,V1,BLOCKED,False,container_runtime_unavailable_and_host_storage_below_official_minimum
F1-INFRA-7538,7538,V2,BLOCKED,False,container_runtime_unavailable_and_host_storage_below_official_minimum
F1-INFRA-7538,7538,V3,BLOCKED,False,container_runtime_unavailable_and_host_storage_below_official_minimum
F1-INFRA-7538,7538,V4,BLOCKED,False,container_runtime_unavailable_and_host_storage_below_official_minimum
F1-INFRA-7884,7884,V0,BLOCKED,False,container_runtime_unavailable_and_host_storage_below_official_minimum
F1-INFRA-7884,7884,V1,BLOCKED,False,container_runtime_unavailable_and_host_storage_below_official_minimum
F1-INFRA-7884,7884,V2,BLOCKED,False,container_runtime_unavailable_and_host_storage_below_official_minimum
F1-INFRA-7884,7884,V3,BLOCKED,False,container_runtime_unavailable_and_host_storage_below_official_minimum
F1-INFRA-7884,7884,V4,BLOCKED,False,container_runtime_unavailable_and_host_storage_below_official_minimum
F1-INFRA-9180,9180,V0,BLOCKED,False,container_runtime_unavailable_and_host_storage_below_official_minimum
F1-INFRA-9180,9180,V1,BLOCKED,False,container_runtime_unavailable_and_host_storage_below_official_minimum
F1-INFRA-9180,9180,V2,BLOCKED,False,container_runtime_unavailable_and_host_storage_below_official_minimum
F1-INFRA-9180,9180,V3,BLOCKED,False,container_runtime_unavailable_and_host_storage_below_official_minimum
F1-INFRA-9180,9180,V4,BLOCKED,False,container_runtime_unavailable_and_host_storage_below_official_minimum
F1-INFRA-66446,66446,V0,BLOCKED,False,container_runtime_unavailable_and_host_storage_below_official_minimum
F1-INFRA-66446,66446,V1,BLOCKED,False,container_runtime_unavailable_and_host_storage_below_official_minimum
F1-INFRA-66446,66446,V2,BLOCKED,False,container_runtime_unavailable_and_host_storage_below_official_minimum
F1-INFRA-66446,66446,V3,BLOCKED,False,container_runtime_unavailable_and_host_storage_below_official_minimum
F1-INFRA-66446,66446,V4,BLOCKED,False,container_runtime_unavailable_and_host_storage_below_official_minimum
F1-INFRA-66835,66835,V0,BLOCKED,False,container_runtime_unavailable_and_host_storage_below_official_minimum
F1-INFRA-66835,66835,V1,BLOCKED,False,container_runtime_unavailable_and_host_storage_below_official_minimum
F1-INFRA-66835,66835,V2,BLOCKED,False,container_runtime_unavailable_and_host_storage_below_official_minimum
F1-INFRA-66835,66835,V3,BLOCKED,False,container_runtime_unavailable_and_host_storage_below_official_minimum
F1-INFRA-66835,66835,V4,BLOCKED,False,container_runtime_unavailable_and_host_storage_below_official_minimum
