left_model,right_model,n,m,tree_topology,branch_probability,noise_setting,num_observations,hamming_difference_left_minus_right_mean,hamming_difference_left_minus_right_std,hamming_difference_left_minus_right_ci_lower,hamming_difference_left_minus_right_ci_upper,hamming_error_reduction_mean,hamming_error_reduction_std,hamming_error_reduction_ci_lower,hamming_error_reduction_ci_upper,exact_row_recovery_gain_mean,exact_row_recovery_gain_std,exact_row_recovery_gain_ci_lower,exact_row_recovery_gain_ci_upper,clean_f1_gain_mean,clean_f1_gain_std,clean_f1_gain_ci_lower,clean_f1_gain_ci_upper,average_hyperedge_f1_gain_mean,average_hyperedge_f1_gain_std,average_hyperedge_f1_gain_ci_lower,average_hyperedge_f1_gain_ci_upper,num_seeds
DPNoiseAwareConnectedMLE,NoiseAwareIndependentNonemptyMLE,100,16,balanced,0.4,false_negative_only_0.20,1,-0.007041666666666667,0.0021396133768274237,-0.007771354166666669,-0.006250000000000002,0.007041666666666667,0.0021396133768274237,0.006250000000000002,0.007771354166666666,0.06666666666666667,0.020733669657618855,0.05933333333333334,0.07400000000000001,0.02733110195039305,0.007560063276898025,0.024706881295661308,0.029896069302352262,0.022610370680458444,0.0063817011119492745,0.020370986264104603,0.024796034302275855,30
DPNoiseAwareConnectedMLE,NoiseAwareIndependentNonemptyMLE,100,16,balanced,0.4,false_negative_only_0.20,3,-0.000375,0.00042166541728950335,-0.0005208333333333334,-0.00022916666666666666,0.000375,0.00042166541728950335,0.00022916666666666666,0.0005208333333333334,0.005666666666666671,0.006789105539243633,0.003333333333333336,0.00833333333333334,0.0012867944491070686,0.0014401494819496282,0.0007996686968888802,0.001805213713586422,0.0011705541293441331,0.001360702513817805,0.000714531899289402,0.0016690537193553504,30
DPNoiseAwareConnectedMLE,NoiseAwareIndependentNonemptyMLE,100,16,balanced,0.4,false_negative_only_0.20,5,-2.0833333333333333e-05,0.00011410886614690962,-6.25e-05,0.0,2.0833333333333333e-05,0.00011410886614690962,0.0,6.25e-05,0.00033333333333333365,0.0018257418583505556,0.0,0.0010000000000000009,7.10732054015617e-05,0.0003892839783263336,0.0,0.0002132196162046851,9.057971014493349e-05,0.0004961255049865961,0.0,0.00027173913043480045,30
DPNoiseAwareConnectedMLE,NoiseAwareIndependentNonemptyMLE,100,16,balanced,0.4,false_positive_only_0.20,1,-0.08370833333333333,0.006262774301699127,-0.08589583333333332,-0.08149947916666665,0.08370833333333333,0.006262774301699127,0.08149947916666665,0.08589583333333332,0.3193333333333334,0.042176422023598004,0.3043333333333333,0.3336666666666667,0.11149565606447354,0.015727963296722408,0.10572267105813402,0.11696350036125742,0.10932191643036727,0.01912489740183999,0.10240536234739399,0.11604007834838828,30
DPNoiseAwareConnectedMLE,NoiseAwareIndependentNonemptyMLE,100,16,balanced,0.4,false_positive_only_0.20,3,-0.002229166666666667,0.0020214590511317063,-0.002979166666666667,-0.0015000000000000002,0.002229166666666667,0.0020214590511317063,0.0015000000000000002,0.002979166666666667,0.056333333333333305,0.023265089035206635,0.047991666666666606,0.06433333333333331,0.006996939091029482,0.006781222264374672,0.0045976242827127315,0.009534059601869146,0.0071509191192570855,0.007526950282959958,0.004485990207070768,0.009859945664869361,30
DPNoiseAwareConnectedMLE,NoiseAwareIndependentNonemptyMLE,100,16,balanced,0.4,false_positive_only_0.20,5,-0.000125,0.0003442883715123424,-0.00024999999999999995,0.0,0.000125,0.0003442883715123424,0.0,0.00024999999999999995,0.002666666666666669,0.004497764451088041,0.0013333333333333346,0.0043333333333333375,0.0004341559866922121,0.0011386306293086816,2.7312254871776816e-05,0.0008379531201205198,0.00037461630598885446,0.0011883683817932261,-4.7592492775033555e-05,0.0007991606659498693,30
DPNoiseAwareConnectedMLE,NoiseAwareIndependentNonemptyMLE,100,16,balanced,0.4,symmetric_0.10,1,-0.034770833333333334,0.006056227499276139,-0.03685416666666666,-0.03262447916666667,0.034770833333333334,0.006056227499276139,0.03262447916666667,0.03685416666666666,0.2776666666666666,0.03757138798876478,0.2646583333333333,0.29133333333333333,0.058365936972843015,0.015652443416003456,0.052702780056796836,0.06367632893706425,0.05423449442463318,0.018805034883111235,0.047779481848938835,0.060468918425155505,30
DPNoiseAwareConnectedMLE,NoiseAwareIndependentNonemptyMLE,100,16,balanced,0.4,symmetric_0.10,3,-0.01614583333333333,0.0035925394637847156,-0.017417187500000004,-0.015000000000000003,0.01614583333333333,0.0035925394637847156,0.015000000000000003,0.0174171875,0.223,0.047281256766072866,0.20666666666666664,0.23933333333333334,0.04781271692017706,0.009083123161320908,0.044927126003099754,0.05090448053939316,0.051135418175795554,0.00908642241467614,0.04808347863780444,0.05424514023124364,30
DPNoiseAwareConnectedMLE,NoiseAwareIndependentNonemptyMLE,100,16,balanced,0.4,symmetric_0.10,5,-0.0055000000000000005,0.0018598526081756938,-0.006124999999999999,-0.004791666666666666,0.0055000000000000005,0.0018598526081756938,0.004791666666666666,0.006124999999999999,0.086,0.026076809620810597,0.07633333333333334,0.09499999999999999,0.017696142133120055,0.005972876628902981,0.01548619313397198,0.01974266869459585,0.019638491871663954,0.005882238304094802,0.017552565289196922,0.021736711126476942,30
DPNoiseAwareConnectedMLE,NoiseAwareIndependentNonemptyMLE,100,16,balanced,0.4,symmetric_0.20,1,-0.06216666666666667,0.008693991517464644,-0.06520833333333333,-0.0590203125,0.06216666666666667,0.008693991517464644,0.0590203125,0.06520833333333333,0.15633333333333335,0.03498603990888005,0.14466666666666667,0.169,0.0543207080446069,0.01899213672137986,0.04785971631366947,0.06093750161605126,0.0452667058537148,0.02206611561636413,0.03750387463980392,0.052910525662213326,30
DPNoiseAwareConnectedMLE,NoiseAwareIndependentNonemptyMLE,100,16,balanced,0.4,symmetric_0.20,3,-0.0539375,0.006915340113060989,-0.056458333333333346,-0.051415625000000006,0.0539375,0.006915340113060989,0.051415625,0.056458333333333346,0.36733333333333323,0.04494696747342883,0.351,0.38400000000000006,0.1155445091751221,0.018495350276456796,0.10876271248494192,0.12228307719469529,0.11738915285862128,0.020439619637148878,0.1096704508240206,0.12478090049349225,30
DPNoiseAwareConnectedMLE,NoiseAwareIndependentNonemptyMLE,100,16,balanced,0.4,symmetric_0.20,5,-0.035395833333333335,0.0054275283450924165,-0.037312500000000005,-0.033479166666666664,0.035395833333333335,0.0054275283450924165,0.033479166666666664,0.037312500000000005,0.3616666666666667,0.053245257734979234,0.342,0.3796666666666667,0.09479574745006765,0.01749264780869864,0.08855249804329106,0.10079211295583372,0.10078896384031326,0.0182295321079495,0.09431278563440978,0.10720477571314448,30
DPNoiseAwareConnectedMLE,NoiseAwareIndependentNonemptyMLE,100,16,balanced,0.4,symmetric_0.30,1,-0.065125,0.012908622819784004,-0.06950052083333333,-0.06064427083333333,0.065125,0.012908622819784004,0.06064427083333332,0.06950052083333333,0.05033333333333334,0.024842029642958105,0.04200000000000001,0.05966666666666667,0.02018670356273971,0.02028342291525473,0.012998719943157249,0.02688723044308431,0.006392720793479484,0.020641529004535746,-0.0007882338785952342,0.013572951478839246,30
DPNoiseAwareConnectedMLE,NoiseAwareIndependentNonemptyMLE,100,16,balanced,0.4,symmetric_0.30,3,-0.07935416666666666,0.010553746032385469,-0.08331249999999998,-0.07564531249999999,0.07935416666666666,0.010553746032385469,0.07564531249999999,0.08331249999999998,0.1826666666666667,0.03912256014940328,0.169,0.19666666666666668,0.08982523341467114,0.02169213692277619,0.08214359053646444,0.09777413110243788,0.08418034276145253,0.02537675411520499,0.07547163109715407,0.09313306246780804,30
DPNoiseAwareConnectedMLE,NoiseAwareIndependentNonemptyMLE,100,16,balanced,0.4,symmetric_0.30,5,-0.07225000000000001,0.0082697647258365,-0.075146875,-0.06941614583333333,0.07225000000000001,0.0082697647258365,0.06941614583333333,0.075146875,0.29100000000000004,0.04780347700526714,0.27432499999999993,0.30767500000000003,0.11589567821900058,0.020602745389544964,0.1087467604805037,0.12314667786975314,0.11643638440659564,0.024591327129539382,0.10825837879257169,0.1250876714084129,30
DPNoiseAwareConnectedMLE,NoiseAwareIndependentNonemptyMLE,100,16,path,0.4,false_negative_only_0.20,1,-0.005,0.0019281266591676756,-0.005645833333333334,-0.0043125,0.005,0.0019281266591676756,0.0043125,0.005645833333333334,0.05899999999999998,0.021391264733450217,0.05100000000000001,0.06633333333333331,0.021811285423824902,0.008168064711736618,0.018926635174878744,0.024589078609854265,0.02155702739944675,0.00771610649444184,0.01875975407451123,0.024214481877138816,30
DPNoiseAwareConnectedMLE,NoiseAwareIndependentNonemptyMLE,100,16,path,0.4,false_negative_only_0.20,3,-0.00027083333333333327,0.00039128894723705783,-0.0004166666666666667,-0.00014583333333333332,0.00027083333333333327,0.00039128894723705783,0.00014583333333333332,0.0004166666666666667,0.0040000000000000036,0.0062145546626586595,0.0020000000000000018,0.006333333333333339,0.0010046580380598912,0.0014509029820601086,0.0005365465048279858,0.0015454459174732479,0.0008608971625946464,0.0013088914760947111,0.00043511561024278916,0.0013478161123085465,30
DPNoiseAwareConnectedMLE,NoiseAwareIndependentNonemptyMLE,100,16,path,0.4,false_negative_only_0.20,5,0.0,0.0,0.0,0.0,0.0,0.0,0.0,0.0,0.0,0.0,0.0,0.0,0.0,0.0,0.0,0.0,0.0,0.0,0.0,0.0,30
DPNoiseAwareConnectedMLE,NoiseAwareIndependentNonemptyMLE,100,16,path,0.4,false_positive_only_0.20,1,-0.0999791666666667,0.006483739885459539,-0.10229218750000003,-0.09779114583333334,0.0999791666666667,0.006483739885459539,0.09779114583333334,0.10229218750000002,0.38633333333333336,0.053271156285123224,0.3676666666666667,0.40599999999999997,0.15140441668724994,0.017480628039258272,0.14521151970142662,0.15773244582697174,0.14936381235291793,0.0185884815187365,0.14293097451100445,0.15613279840702765,30
DPNoiseAwareConnectedMLE,NoiseAwareIndependentNonemptyMLE,100,16,path,0.4,false_positive_only_0.20,3,-0.0031041666666666674,0.001578438820225669,-0.0036875000000000007,-0.002541666666666667,0.0031041666666666674,0.001578438820225669,0.002541666666666667,0.0036875000000000007,0.0643333333333333,0.021283526628524868,0.05699999999999997,0.07199999999999997,0.0109315559707501,0.005748462899374785,0.00891484729331555,0.013023597316966005,0.011465514342301567,0.006560083592811434,0.009209034858668006,0.013843661713931558,30
DPNoiseAwareConnectedMLE,NoiseAwareIndependentNonemptyMLE,100,16,path,0.4,false_positive_only_0.20,5,-8.333333333333333e-05,0.0003930063905186604,-0.00022916666666666666,4.1666666666666665e-05,8.333333333333333e-05,0.0003930063905186604,-4.1666666666666665e-05,0.00022916666666666666,0.002666666666666669,0.005208304597621883,0.0010000000000000009,0.0046666666666666705,0.00028953540246978346,0.0014872186963087823,-0.00019353226358559322,0.0008344736021332307,0.00038560068319714403,0.001593205142637736,-0.00014488387023994296,0.0009562858148807481,30
DPNoiseAwareConnectedMLE,NoiseAwareIndependentNonemptyMLE,100,16,path,0.4,symmetric_0.10,1,-0.04137499999999999,0.0070546664673475,-0.04379166666666666,-0.038875,0.04137499999999999,0.0070546664673475,0.038875,0.04379166666666666,0.3296666666666666,0.04824387281684397,0.31199166666666667,0.34567499999999995,0.07800748119377217,0.019938359323092975,0.070843418603731,0.08471138128504814,0.07753579020699417,0.02191436558884139,0.0696990441599776,0.08513474747771699,30
DPNoiseAwareConnectedMLE,NoiseAwareIndependentNonemptyMLE,100,16,path,0.4,symmetric_0.10,3,-0.019375,0.003442883715123424,-0.020583333333333332,-0.018208333333333333,0.019375,0.003442883715123424,0.018208333333333333,0.020583333333333332,0.2643333333333333,0.04240066145656251,0.24932499999999996,0.27967499999999995,0.0638206035791542,0.011292284043339932,0.06004072685089682,0.0678428789614887,0.06530877189244398,0.012386028139364005,0.06093999010006177,0.06982256719423,30
DPNoiseAwareConnectedMLE,NoiseAwareIndependentNonemptyMLE,100,16,path,0.4,symmetric_0.10,5,-0.006562500000000001,0.0019883144611835732,-0.007250000000000001,-0.005875000000000001,0.006562500000000001,0.0019883144611835732,0.005875000000000001,0.007250000000000001,0.0993333333333333,0.02863965581248268,0.0893333333333333,0.10933333333333332,0.023496912766908525,0.007079643150383302,0.02101906088299939,0.02597526182855615,0.02508835629006839,0.008112091279964925,0.022231129884158523,0.027921610332774814,30
DPNoiseAwareConnectedMLE,NoiseAwareIndependentNonemptyMLE,100,16,path,0.4,symmetric_0.20,1,-0.07927083333333333,0.007691666121841555,-0.08179166666666668,-0.07654114583333332,0.07927083333333333,0.007691666121841555,0.07654114583333332,0.08179166666666668,0.22366666666666674,0.03819038815103136,0.21066666666666672,0.23700000000000004,0.0685541727882842,0.024847228633153716,0.05934115962346485,0.07714424530930439,0.061659301267847806,0.029292740689992602,0.05064768893911211,0.07189737796877353,30
DPNoiseAwareConnectedMLE,NoiseAwareIndependentNonemptyMLE,100,16,path,0.4,symmetric_0.20,3,-0.06037499999999999,0.006806278794942413,-0.06272916666666667,-0.05791666666666666,0.06037499999999999,0.006806278794942413,0.05791666666666666,0.06272916666666667,0.43066666666666664,0.0509856865196994,0.4136666666666667,0.44766666666666666,0.1400290190350609,0.020236471703073935,0.13290905722393745,0.14674158690622863,0.14138407720803828,0.019431485344659896,0.1345641821565487,0.14788165958799546,30
DPNoiseAwareConnectedMLE,NoiseAwareIndependentNonemptyMLE,100,16,path,0.4,symmetric_0.20,5,-0.03927083333333333,0.0053565826540701335,-0.04108385416666666,-0.03735364583333334,0.03927083333333333,0.0053565826540701335,0.03735364583333333,0.04108385416666666,0.3953333333333333,0.049251874344402174,0.378,0.41233333333333344,0.11537803494089241,0.0128153307974109,0.11076255119132947,0.11978218285579234,0.11655209443366266,0.014394747144588382,0.11159306132560382,0.12142252479914051,30
DPNoiseAwareConnectedMLE,NoiseAwareIndependentNonemptyMLE,100,16,path,0.4,symmetric_0.30,1,-0.10660416666666665,0.010295582169680528,-0.11023020833333333,-0.10297916666666668,0.10660416666666665,0.010295582169680528,0.10297916666666668,0.11023020833333333,0.097,0.03152995291836768,0.08633333333333333,0.10866666666666665,0.023939156723098952,0.030016576121310045,0.013648752207076079,0.03496706950369915,0.02090639164759748,0.031556539261996815,0.010386751924866187,0.03277899825988161,30
DPNoiseAwareConnectedMLE,NoiseAwareIndependentNonemptyMLE,100,16,path,0.4,symmetric_0.30,3,-0.10258333333333333,0.009884480026905758,-0.10591718749999998,-0.09914531249999997,0.10258333333333333,0.009884480026905758,0.09914531249999997,0.10591718749999998,0.24000000000000005,0.03648334527916294,0.22666666666666668,0.25233333333333335,0.11507582067748326,0.023703985988235147,0.10672836489328552,0.1230047432278417,0.1135553583039263,0.026586673398012184,0.10443585994697427,0.1224938226880149,30
DPNoiseAwareConnectedMLE,NoiseAwareIndependentNonemptyMLE,100,16,path,0.4,symmetric_0.30,5,-0.08610416666666666,0.009323397253714696,-0.08939635416666666,-0.08295781249999998,0.08610416666666666,0.009323397253714696,0.08295781249999998,0.08939635416666666,0.3543333333333333,0.048186658142980884,0.3379916666666667,0.37133333333333335,0.14940579921591624,0.02176035458093283,0.1415669968095745,0.15711582806671218,0.1485225692977682,0.023181714947331025,0.14020229811576135,0.1566415296968437,30
DPNoiseAwareConnectedMLE,NoiseAwareIndependentNonemptyMLE,100,16,random,0.4,false_negative_only_0.20,1,-0.007125,0.0020864918585659685,-0.007854166666666666,-0.0063750000000000005,0.007125,0.0020864918585659685,0.0063750000000000005,0.007854166666666666,0.07233333333333333,0.02269487764374085,0.06433333333333334,0.08033333333333334,0.028418859750677823,0.0077191411290082335,0.025726461931744164,0.031123211714315063,0.02500204498411417,0.006733524817762729,0.022664772962063495,0.02742953334535324,30
DPNoiseAwareConnectedMLE,NoiseAwareIndependentNonemptyMLE,100,16,random,0.4,false_negative_only_0.20,3,-0.0002708333333333333,0.0003552004857224597,-0.0003958333333333334,-0.00014583333333333335,0.0002708333333333333,0.0003552004857224597,0.00014583333333333335,0.0003958333333333334,0.004333333333333333,0.005683207771559356,0.0023333333333333353,0.006333333333333339,0.0009295481675268798,0.001250546089855919,0.0005163914561586232,0.0013891543981696464,0.0008261553635895794,0.0010915908749126661,0.00046508225441106043,0.0012135916806830006,30
DPNoiseAwareConnectedMLE,NoiseAwareIndependentNonemptyMLE,100,16,random,0.4,false_negative_only_0.20,5,-2.0833333333333333e-05,0.00011410886614690963,-6.25e-05,0.0,2.0833333333333333e-05,0.00011410886614690963,0.0,6.25e-05,0.00033333333333333365,0.0018257418583505556,0.0,0.0010000000000000009,7.770007770007877e-05,0.00042558085276237287,0.0,0.0002331002331002363,6.313131313131492e-05,0.000345784442869433,0.0,0.0001893939393939448,30
DPNoiseAwareConnectedMLE,NoiseAwareIndependentNonemptyMLE,100,16,random,0.4,false_positive_only_0.20,1,-0.08756249999999999,0.01038113912675124,-0.091084375,-0.084,0.08756249999999999,0.01038113912675124,0.084,0.091084375,0.33799999999999997,0.06348499687001809,0.3159916666666666,0.36100833333333326,0.12345825194237517,0.023464579688371037,0.11539432840604466,0.1315268419495645,0.12237591061882683,0.02539028015466827,0.11387040897672644,0.13125430387393083,30
DPNoiseAwareConnectedMLE,NoiseAwareIndependentNonemptyMLE,100,16,random,0.4,false_positive_only_0.20,3,-0.003354166666666667,0.0021050235821978803,-0.004083854166666667,-0.0026453125000000027,0.003354166666666667,0.0021050235821978803,0.0026453125,0.0040838541666666645,0.06799999999999998,0.02441028613034917,0.05966666666666665,0.07633333333333331,0.010751884176863173,0.007052093819922649,0.008329770552566848,0.01321025282690424,0.012192903216967128,0.007520727177276429,0.009614657618858543,0.014786725378011715,30
DPNoiseAwareConnectedMLE,NoiseAwareIndependentNonemptyMLE,100,16,random,0.4,false_positive_only_0.20,5,-0.00022916666666666666,0.0005561987416651399,-0.0004375,-4.1666666666666665e-05,0.00022916666666666666,0.0005561987416651399,4.1666666666666665e-05,0.0004375,0.0043333333333333375,0.008172001541568772,0.001666666666666668,0.007341666666666628,0.0007599695960864258,0.0018550136746489695,0.0001436956703172504,0.0014503509328471337,0.0009746627333563241,0.002252952730190657,0.0002574537553261293,0.0018187989218150541,30
DPNoiseAwareConnectedMLE,NoiseAwareIndependentNonemptyMLE,100,16,random,0.4,symmetric_0.10,1,-0.036208333333333335,0.008090832224929278,-0.039104166666666676,-0.033416666666666664,0.036208333333333335,0.008090832224929278,0.033416666666666664,0.039104166666666676,0.29733333333333334,0.04151720319240615,0.28366666666666673,0.31333333333333324,0.06258483580631148,0.022388440344779874,0.05488321539599146,0.07072317380408948,0.060381278169649825,0.02436379076362826,0.052215985788419135,0.06907087998042435,30
DPNoiseAwareConnectedMLE,NoiseAwareIndependentNonemptyMLE,100,16,random,0.4,symmetric_0.10,3,-0.01775,0.0027591930979407975,-0.0186875,-0.016729166666666666,0.01775,0.0027591930979407975,0.016729166666666666,0.0186875,0.242,0.03546732347503485,0.2293333333333333,0.25399999999999995,0.05361791365153383,0.008164802170772877,0.05065495977159183,0.056287534742911455,0.05710324706063114,0.009296740472621391,0.05362632807971543,0.06017931878978303,30
DPNoiseAwareConnectedMLE,NoiseAwareIndependentNonemptyMLE,100,16,random,0.4,symmetric_0.10,5,-0.006958333333333333,0.0023021572841401476,-0.007749999999999999,-0.006186979166666669,0.006958333333333333,0.0023021572841401476,0.006186979166666666,0.007749999999999999,0.10733333333333328,0.03310727947178669,0.09632499999999997,0.11833333333333332,0.022617184419611514,0.007284403305029513,0.02015202136664555,0.025122188297973864,0.024332021562064574,0.007678076939943579,0.021659851202514967,0.026845207684540094,30
DPNoiseAwareConnectedMLE,NoiseAwareIndependentNonemptyMLE,100,16,random,0.4,symmetric_0.20,1,-0.0641875,0.009448918360831319,-0.06754166666666667,-0.06102083333333333,0.0641875,0.009448918360831319,0.06102083333333333,0.06754166666666667,0.17733333333333337,0.03859009461375873,0.164,0.19100000000000003,0.05526515651027199,0.01984326843029146,0.04891377104600038,0.06252403558516505,0.04909186061900185,0.023570234629947662,0.04160606794328074,0.0576315610895328,30
DPNoiseAwareConnectedMLE,NoiseAwareIndependentNonemptyMLE,100,16,random,0.4,symmetric_0.20,3,-0.05306249999999999,0.006815672703156434,-0.055625520833333345,-0.050729166666666665,0.05306249999999999,0.006815672703156434,0.050729166666666665,0.055625520833333345,0.374,0.03979256558532096,0.35966666666666663,0.388,0.11245670000293441,0.02028741863811932,0.10546721914293244,0.11995042534826027,0.11610730574833657,0.021694243700325338,0.10858104253108718,0.12381785544952127,30
DPNoiseAwareConnectedMLE,NoiseAwareIndependentNonemptyMLE,100,16,random,0.4,symmetric_0.20,5,-0.03552083333333334,0.006278133519486962,-0.03770833333333334,-0.03327083333333334,0.03552083333333334,0.006278133519486962,0.03327083333333334,0.03770833333333334,0.3703333333333333,0.05915982638134823,0.3493333333333333,0.39034166666666664,0.09624512558074655,0.019071675606077747,0.08948938739936399,0.10305322595471582,0.10175259416847002,0.02077120970982882,0.09429858126286678,0.10887200761493421,30
DPNoiseAwareConnectedMLE,NoiseAwareIndependentNonemptyMLE,100,16,random,0.4,symmetric_0.30,1,-0.07339583333333334,0.01282412039622139,-0.07777083333333333,-0.06889583333333335,0.07339583333333334,0.01282412039622139,0.06889583333333335,0.07777083333333333,0.07866666666666665,0.02825174188506312,0.06933333333333334,0.08866666666666666,0.024711759297873757,0.014974241895776019,0.019312728801822786,0.029936999366355986,0.01412773853113925,0.016117777020241884,0.008451416943198122,0.019819174844625056,30
DPNoiseAwareConnectedMLE,NoiseAwareIndependentNonemptyMLE,100,16,random,0.4,symmetric_0.30,3,-0.08491666666666667,0.011787601854120476,-0.08929166666666664,-0.08075000000000002,0.08491666666666667,0.011787601854120476,0.08075000000000002,0.08929166666666664,0.20766666666666672,0.049037869485512524,0.19033333333333335,0.22566666666666668,0.09301439703569689,0.0256375352847221,0.08392872076863453,0.10255710832085407,0.09044039316457593,0.027302679601413072,0.08101474623203334,0.1004257592099984,30
DPNoiseAwareConnectedMLE,NoiseAwareIndependentNonemptyMLE,100,16,random,0.4,symmetric_0.30,5,-0.07443749999999999,0.010508809420245208,-0.07816718750000001,-0.07064531249999999,0.07443749999999999,0.010508809420245208,0.07064531249999999,0.07816718750000001,0.3176666666666667,0.05263297336325843,0.29933333333333334,0.33667500000000006,0.11949722300247001,0.027946190504563338,0.10936270245463443,0.1290949049049005,0.12051102788131073,0.027745747287460768,0.11063542127191472,0.13042158156295428,30
DPNoiseAwareConnectedMLE,NoiseAwareIndependentNonemptyMLE,100,16,star,0.4,false_negative_only_0.20,1,-0.005333333333333333,0.0020416813276508557,-0.0060416666666666665,-0.004582812500000002,0.005333333333333333,0.0020416813276508557,0.004582812499999999,0.0060416666666666665,0.019666666666666666,0.015196036990935665,0.014333333333333339,0.025,0.013475578272789102,0.004716605792650253,0.011739394231234176,0.015130071581414484,0.0066122628796319695,0.0024786131424358346,0.005717463677648767,0.007494656063694503,30
DPNoiseAwareConnectedMLE,NoiseAwareIndependentNonemptyMLE,100,16,star,0.4,false_negative_only_0.20,3,-0.00020833333333333332,0.00034167017099408383,-0.0003333333333333334,-0.00010416666666666666,0.00020833333333333332,0.00034167017099408383,0.00010416666666666666,0.0003333333333333334,0.003333333333333336,0.005466722735905345,0.001666666666666668,0.005333333333333338,0.00043991483967228034,0.0007142243179939322,0.00021522961293098155,0.0006852519479723405,0.00023816623598131118,0.0003895518597477447,0.00011537907464367132,0.00037358045462503015,30
DPNoiseAwareConnectedMLE,NoiseAwareIndependentNonemptyMLE,100,16,star,0.4,false_negative_only_0.20,5,-2.0833333333333333e-05,0.00011410886614690962,-6.25e-05,0.0,2.0833333333333333e-05,0.00011410886614690962,0.0,6.25e-05,0.00033333333333333365,0.0018257418583505556,0.0,0.0010000000000000009,4.403346543373488e-05,0.00024118122303180595,0.0,0.00013210039630120462,2.34082397003732e-05,0.00012821220915382373,0.0,7.02247191011196e-05,30
DPNoiseAwareConnectedMLE,NoiseAwareIndependentNonemptyMLE,100,16,star,0.4,false_positive_only_0.20,1,-0.041125,0.00675023945935407,-0.04358385416666667,-0.03879114583333334,0.041125,0.00675023945935407,0.03879114583333334,0.04358385416666667,0.12300000000000001,0.028424127682002108,0.113,0.13266666666666668,0.039587215310849896,0.008577758431828085,0.03666830107853554,0.04261520542287772,0.04083796750430479,0.008883006554774819,0.037769842907773785,0.04396839888847361,30
DPNoiseAwareConnectedMLE,NoiseAwareIndependentNonemptyMLE,100,16,star,0.4,false_positive_only_0.20,3,0.00018750000000000003,0.001196596286311216,-0.00024999999999999995,0.0006041666666666667,-0.00018750000000000003,0.001196596286311216,-0.0006041666666666667,0.00024999999999999995,0.028999999999999995,0.016473594335931298,0.023333333333333324,0.03466666666666667,-0.0005231129132315271,0.0025082460669777354,-0.0013920405721163192,0.00039476796058966654,-0.0007523572131730457,0.0026732289426864716,-0.0017093134456354587,0.0002650372428196174,30
DPNoiseAwareConnectedMLE,NoiseAwareIndependentNonemptyMLE,100,16,star,0.4,false_positive_only_0.20,5,0.00010416666666666666,0.00033166789406577027,-2.0833333333333326e-05,0.00020833333333333332,-0.00010416666666666666,0.00033166789406577027,-0.00020833333333333332,2.0833333333333326e-05,0.0006666666666666673,0.002537081317024626,0.0,0.001666666666666668,-0.00021086490925827558,0.0006797097876282142,-0.0004290442860441038,3.3309295110447346e-05,-0.00022287744281486167,0.0008122788176608462,-0.00048629571108426176,5.583450247716943e-05,30
DPNoiseAwareConnectedMLE,NoiseAwareIndependentNonemptyMLE,100,16,star,0.4,symmetric_0.10,1,0.008666666666666663,0.0034024796569695967,0.0075208333333333325,0.009896354166666663,-0.008666666666666663,0.0034024796569695967,-0.009896354166666666,-0.0075208333333333325,0.0913333333333333,0.02542512107363887,0.08266666666666664,0.10033333333333333,-0.015232592603880902,0.0064680702881924675,-0.01749407121587447,-0.013113368858288602,-0.009589925556863032,0.005438835245282992,-0.011540194695639414,-0.007785219159747297,30
DPNoiseAwareConnectedMLE,NoiseAwareIndependentNonemptyMLE,100,16,star,0.4,symmetric_0.10,3,-0.009083333333333334,0.002572930481837357,-0.009979687500000002,-0.008166666666666668,0.009083333333333334,0.002572930481837357,0.008166666666666668,0.009979687499999999,0.15099999999999997,0.033358036823075414,0.13866666666666666,0.16233333333333333,0.01771380817044462,0.0055882297806309125,0.015676183637627433,0.019726308645127547,0.018691953849265426,0.005300315140293725,0.016799309365237453,0.020600402646717447,30
DPNoiseAwareConnectedMLE,NoiseAwareIndependentNonemptyMLE,100,16,star,0.4,symmetric_0.10,5,-0.004000000000000001,0.0017570670114593302,-0.004625,-0.0033744791666666697,0.004000000000000001,0.0017570670114593302,0.003374479166666667,0.004625,0.062333333333333324,0.0258221147312803,0.05299166666666663,0.07133333333333333,0.008290159899699567,0.0037057936481137625,0.0069489820429511065,0.009560052344185565,0.008744620109293577,0.004087019252630491,0.007282493140989421,0.010163581285346971,30
DPNoiseAwareConnectedMLE,NoiseAwareIndependentNonemptyMLE,100,16,star,0.4,symmetric_0.20,1,0.014104166666666666,0.0035495390869639738,0.012833333333333337,0.01533333333333333,-0.014104166666666666,0.0035495390869639738,-0.01533333333333333,-0.012833333333333337,0.03233333333333334,0.01906130460732773,0.026333333333333337,0.03933333333333334,-0.010911998608879037,0.00563376068104172,-0.012809779610678742,-0.008745056798302182,-0.007754531970072461,0.004200524977310362,-0.009260078968248611,-0.006157571603577791,30
DPNoiseAwareConnectedMLE,NoiseAwareIndependentNonemptyMLE,100,16,star,0.4,symmetric_0.20,3,-0.010729166666666668,0.005505393450084188,-0.012833854166666665,-0.008916666666666665,0.010729166666666668,0.005505393450084188,0.008916666666666665,0.012833854166666662,0.1756666666666667,0.03766305546721397,0.162,0.18934166666666666,0.015503515464491276,0.00834379092741131,0.01276537155788642,0.0187601564535469,0.017920162321771557,0.007900820859134258,0.015354215996089837,0.020922458786981783,30
DPNoiseAwareConnectedMLE,NoiseAwareIndependentNonemptyMLE,100,16,star,0.4,symmetric_0.20,5,-0.014937499999999998,0.004808705960780029,-0.016624999999999997,-0.013291666666666667,0.014937499999999998,0.004808705960780029,0.013291666666666667,0.016624999999999997,0.21800000000000005,0.04693355538087494,0.2016666666666667,0.2343333333333333,0.026507259600547596,0.00893932888783214,0.023408273303461315,0.02961290443183181,0.02834613742197272,0.008731100748372782,0.02526083312889065,0.031413248028055486,30
DPNoiseAwareConnectedMLE,NoiseAwareIndependentNonemptyMLE,100,16,star,0.4,symmetric_0.30,1,0.01333333333333334,0.004201720364682597,0.011957812500000003,0.014812500000000004,-0.01333333333333334,0.004201720364682597,-0.014812500000000004,-0.011957812500000007,0.007333333333333335,0.006914918072835209,0.005000000000000001,0.009666666666666667,0.0012168811580831052,0.0061830710005134695,-0.0009338584941106468,0.0032657143699286587,-0.0023795114231985417,0.0038932662160370683,-0.0037567124851423566,-0.0010645667905554628,30
DPNoiseAwareConnectedMLE,NoiseAwareIndependentNonemptyMLE,100,16,star,0.4,symmetric_0.30,3,0.0007083333333333302,0.0054206992062885645,-0.0013130208333333414,0.00260416666666666,-0.0007083333333333302,0.0054206992062885645,-0.00260416666666666,0.0013130208333333386,0.06400000000000002,0.022529673919001843,0.05632500000000001,0.07233333333333335,0.002728347824083973,0.006573560267640153,0.00042674307012424326,0.005052836597135123,0.003018502936880522,0.005693842053929351,0.0010873133757296988,0.0049444176392255635,30
DPNoiseAwareConnectedMLE,NoiseAwareIndependentNonemptyMLE,100,16,star,0.4,symmetric_0.30,5,-0.010020833333333335,0.005501477400840075,-0.011875520833333335,-0.008082812500000005,0.010020833333333335,0.005501477400840075,0.008082812500000001,0.011875520833333332,0.126,0.027367234373267955,0.11666666666666667,0.13600000000000004,0.012734691117063268,0.007942686912616775,0.009951159068197522,0.015525509991279749,0.014373746009925052,0.007380899149760982,0.011770824777687774,0.016961020027428608,30
NoiseAwareIndependentNonemptyMLE,NoiseAwareIndependentMLE,100,16,balanced,0.4,false_negative_only_0.20,1,0.004687500000000001,0.0015635772148814885,0.004145833333333335,0.005271354166666664,-0.004687500000000001,0.0015635772148814885,-0.005271354166666666,-0.004145833333333335,0.0036666666666666627,0.006149478998583773,0.0016666666666666644,0.005999999999999991,-0.014800558025072944,0.004854558897213285,-0.01661750419539073,-0.01306227515433018,-0.00965105173425705,0.003437161548389877,-0.0109128605518075,-0.008472729929317104,30
NoiseAwareIndependentNonemptyMLE,NoiseAwareIndependentMLE,100,16,balanced,0.4,false_negative_only_0.20,3,0.00018749999999999998,0.0003343644253887026,8.333333333333332e-05,0.0003125,-0.00018749999999999998,0.0003343644253887026,-0.0003125,-8.333333333333332e-05,0.0,0.0,0.0,0.0,-0.0006312240803719357,0.0011464426245324424,-0.001048641613808964,-0.00026605834380954985,-0.0005087739410682598,0.000920363205488862,-0.000845855679092873,-0.00020626109838950806,30
NoiseAwareIndependentNonemptyMLE,NoiseAwareIndependentMLE,100,16,balanced,0.4,false_negative_only_0.20,5,0.0,0.0,0.0,0.0,0.0,0.0,0.0,0.0,0.0,0.0,0.0,0.0,0.0,0.0,0.0,0.0,0.0,0.0,0.0,0.0,30
NoiseAwareIndependentNonemptyMLE,NoiseAwareIndependentMLE,100,16,balanced,0.4,false_positive_only_0.20,1,0.0,0.0,0.0,0.0,0.0,0.0,0.0,0.0,0.0,0.0,0.0,0.0,0.0,0.0,0.0,0.0,0.0,0.0,0.0,0.0,30
NoiseAwareIndependentNonemptyMLE,NoiseAwareIndependentMLE,100,16,balanced,0.4,false_positive_only_0.20,3,0.0,0.0,0.0,0.0,0.0,0.0,0.0,0.0,0.0,0.0,0.0,0.0,0.0,0.0,0.0,0.0,0.0,0.0,0.0,0.0,30
NoiseAwareIndependentNonemptyMLE,NoiseAwareIndependentMLE,100,16,balanced,0.4,false_positive_only_0.20,5,0.0,0.0,0.0,0.0,0.0,0.0,0.0,0.0,0.0,0.0,0.0,0.0,0.0,0.0,0.0,0.0,0.0,0.0,0.0,0.0,30
NoiseAwareIndependentNonemptyMLE,NoiseAwareIndependentMLE,100,16,balanced,0.4,symmetric_0.10,1,0.0003125000000000003,0.0006303649052676585,0.00010416666666666675,0.0005416666666666672,-0.0003125000000000003,0.0006303649052676585,-0.0005416666666666672,-0.00010416666666666675,0.0006666666666666663,0.0025370813170246228,0.0,0.0016666666666666663,-0.0005645938201322902,0.0013847348910567153,-0.0010587195453270618,-0.00010362149990781208,-0.0005377072695306813,0.0013728009037965634,-0.0010415554658510526,-9.868743736823313e-05,30
NoiseAwareIndependentNonemptyMLE,NoiseAwareIndependentMLE,100,16,balanced,0.4,symmetric_0.10,3,0.00033333333333333354,0.0005856890038197765,0.00012500000000000035,0.0005416666666666666,-0.00033333333333333354,0.0005856890038197765,-0.0005416666666666666,-0.00012500000000000035,0.0010000000000000009,0.00305128576629365,0.0,0.0020000000000000018,-0.000921486729271533,0.0017783508918137166,-0.0015535862852320847,-0.00031538245274338413,-0.0008603002068186945,0.0017029058922448672,-0.001469273682335921,-0.00028092345096042225,30
NoiseAwareIndependentNonemptyMLE,NoiseAwareIndependentMLE,100,16,balanced,0.4,symmetric_0.10,5,-2.8912057932946785e-20,0.0002321191727213148,-8.333333333333334e-05,8.333333333333329e-05,2.8912057932946785e-20,0.0002321191727213148,-8.333333333333329e-05,8.333333333333334e-05,0.0006666666666666636,0.0025370813170246115,0.0,0.001666666666666657,3.149063557356853e-05,0.0007525159486843182,-0.00022571586080435784,0.00029962995214313337,6.666135743044199e-05,0.0007811917962057698,-0.00017862779136747683,0.00034460803224118167,30
NoiseAwareIndependentNonemptyMLE,NoiseAwareIndependentMLE,100,16,balanced,0.4,symmetric_0.20,1,2.083333333333474e-05,0.0003475333854797056,-0.00010416666666666262,0.00014583333333333207,-2.083333333333474e-05,0.0003475333854797056,-0.00014583333333333207,0.00010416666666666262,0.0009999999999999998,0.0030512857662936465,0.0,0.0023333333333333327,0.00014201278492455006,0.0008064359439380242,-0.00012391492428378984,0.0004433954954472548,6.575702525018489e-05,0.0007026167203016263,-0.00016716560859096564,0.00032029621188744235,30
NoiseAwareIndependentNonemptyMLE,NoiseAwareIndependentMLE,100,16,balanced,0.4,symmetric_0.20,3,0.00045833333333333327,0.0006126656473169516,0.00024999999999999973,0.0006874999999999992,-0.00045833333333333327,0.0006126656473169516,-0.0006874999999999992,-0.00024999999999999973,0.00033333333333333365,0.0018257418583505556,0.0,0.0010000000000000009,-0.0008469493720618448,0.0012613104094803059,-0.0012946187111124341,-0.000413510961986367,-0.0007993340454919876,0.001381639606657557,-0.0013300192799307253,-0.0003611419322882632,30
NoiseAwareIndependentNonemptyMLE,NoiseAwareIndependentMLE,100,16,balanced,0.4,symmetric_0.20,5,0.00010416666666666652,0.0004666499894392777,-6.250000000000006e-05,0.00029166666666666626,-0.00010416666666666652,0.0004666499894392777,-0.00029166666666666626,6.250000000000006e-05,0.0030000000000000027,0.004660915996993994,0.0013333333333333346,0.0046666666666666705,-3.625956908419603e-05,0.0012696475684790558,-0.0005011526982911548,0.0004230640034111049,4.5622394154295104e-05,0.0013887146775332627,-0.00044739330403611673,0.0005623357993896938,30
NoiseAwareIndependentNonemptyMLE,NoiseAwareIndependentMLE,100,16,balanced,0.4,symmetric_0.30,1,2.083333333333289e-05,0.00011410886614690717,0.0,6.249999999999867e-05,-2.083333333333289e-05,0.00011410886614690717,-6.249999999999867e-05,0.0,0.0,0.0,0.0,0.0,-1.6060726452016284e-05,8.79682216768923e-05,-4.8182179356048846e-05,0.0,-1.6630382196419768e-05,9.108835468911417e-05,-4.989114658925931e-05,0.0,30
NoiseAwareIndependentNonemptyMLE,NoiseAwareIndependentMLE,100,16,balanced,0.4,symmetric_0.30,3,8.333333333333341e-05,0.00021609118977610048,2.083333333333289e-05,0.0001666666666666659,-8.333333333333341e-05,0.00021609118977610048,-0.0001666666666666659,-2.083333333333289e-05,0.0,0.0,0.0,0.0,-9.547689659273143e-05,0.0002476978426568904,-0.00019058631594965524,-2.2861097209092572e-05,-0.00010596159613324349,0.0002782620373095817,-0.00021247433865096977,-2.244668911335346e-05,30
NoiseAwareIndependentNonemptyMLE,NoiseAwareIndependentMLE,100,16,balanced,0.4,symmetric_0.30,5,0.00027083333333333495,0.0004243190962027283,0.00012500000000000103,0.00041666666666666984,-0.00027083333333333495,0.0004243190962027283,-0.00041666666666666984,-0.00012500000000000103,0.0,0.0,0.0,0.0,-0.00034468364527837265,0.0007086465005934215,-0.0005958964638104759,-0.00010024910562686943,-0.00032148607649256457,0.0007091540881753795,-0.000573635695084124,-8.13892793103759e-05,30
NoiseAwareIndependentNonemptyMLE,NoiseAwareIndependentMLE,100,16,path,0.4,false_negative_only_0.20,1,0.004749999999999999,0.0017104521483292472,0.004125000000000001,0.005375,-0.004749999999999999,0.0017104521483292472,-0.005375,-0.004125000000000001,0.005666666666666671,0.005683207771559359,0.00366666666666667,0.007666666666666673,-0.016687340080539643,0.006481971104481724,-0.0190415478960882,-0.014396061481518348,-0.015187644798859805,0.007022890892104272,-0.017827792447090807,-0.012778831306630548,30
NoiseAwareIndependentNonemptyMLE,NoiseAwareIndependentMLE,100,16,path,0.4,false_negative_only_0.20,3,0.0002708333333333333,0.0004243190962027267,0.000125,0.00041666666666666675,-0.0002708333333333333,0.0004243190962027267,-0.00041666666666666675,-0.000125,0.0,0.0,0.0,0.0,-0.0010267145635224943,0.0016182499620840108,-0.0015995923287537926,-0.000472839389767888,-0.0014771972843101722,0.0027013172112479895,-0.0025294462309979897,-0.0006225613062355177,30
NoiseAwareIndependentNonemptyMLE,NoiseAwareIndependentMLE,100,16,path,0.4,false_negative_only_0.20,5,0.0,0.0,0.0,0.0,0.0,0.0,0.0,0.0,0.0,0.0,0.0,0.0,0.0,0.0,0.0,0.0,0.0,0.0,0.0,0.0,30
NoiseAwareIndependentNonemptyMLE,NoiseAwareIndependentMLE,100,16,path,0.4,false_positive_only_0.20,1,0.0,0.0,0.0,0.0,0.0,0.0,0.0,0.0,0.0,0.0,0.0,0.0,0.0,0.0,0.0,0.0,0.0,0.0,0.0,0.0,30
NoiseAwareIndependentNonemptyMLE,NoiseAwareIndependentMLE,100,16,path,0.4,false_positive_only_0.20,3,0.0,0.0,0.0,0.0,0.0,0.0,0.0,0.0,0.0,0.0,0.0,0.0,0.0,0.0,0.0,0.0,0.0,0.0,0.0,0.0,30
NoiseAwareIndependentNonemptyMLE,NoiseAwareIndependentMLE,100,16,path,0.4,false_positive_only_0.20,5,0.0,0.0,0.0,0.0,0.0,0.0,0.0,0.0,0.0,0.0,0.0,0.0,0.0,0.0,0.0,0.0,0.0,0.0,0.0,0.0,30
NoiseAwareIndependentNonemptyMLE,NoiseAwareIndependentMLE,100,16,path,0.4,symmetric_0.10,1,0.0006041666666666667,0.0006026909245830011,0.0003958333333333337,0.0008125000000000007,-0.0006041666666666667,0.0006026909245830011,-0.0008125000000000007,-0.0003958333333333337,0.00033333333333333365,0.0018257418583505556,0.0,0.0010000000000000009,-0.0012260258314684062,0.0013717879996411422,-0.0017096652929795382,-0.0007433137140181488,-0.0012585572485138733,0.0013635808073993029,-0.0017324202816888892,-0.0007798422466245679,30
NoiseAwareIndependentNonemptyMLE,NoiseAwareIndependentMLE,100,16,path,0.4,symmetric_0.10,3,0.0003125000000000003,0.0004855120830202078,0.00014583333333333345,0.0005000000000000004,-0.0003125000000000003,0.0004855120830202078,-0.0005000000000000004,-0.00014583333333333345,0.0013333333333333346,0.003457459036417608,0.00033333333333333365,0.002666666666666669,-0.0009559222056936896,0.0016108579602824408,-0.0015424867687066405,-0.0004204037551342531,-0.0008901245081806304,0.0017873186525624498,-0.0015267233206357005,-0.00027132203350028566,30
NoiseAwareIndependentNonemptyMLE,NoiseAwareIndependentMLE,100,16,path,0.4,symmetric_0.10,5,-4.166666666666673e-05,0.00032551903735136736,-0.0001666666666666667,6.25e-05,4.166666666666673e-05,0.00032551903735136736,-6.25e-05,0.0001666666666666667,0.0016666666666666644,0.0037904902178945124,0.00033333333333333365,0.0033333333333333214,0.000166233989100395,0.001180443898483048,-0.0002304770740995696,0.0006083517498936011,0.0002486149198105784,0.001304085219347768,-0.00020153185664959552,0.0007301104210524351,30
NoiseAwareIndependentNonemptyMLE,NoiseAwareIndependentMLE,100,16,path,0.4,symmetric_0.20,1,0.00016666666666666495,0.0003645576756160462,4.166666666666576e-05,0.000291666666666666,-0.00016666666666666495,0.0003645576756160462,-0.000291666666666666,-4.166666666666576e-05,0.0003333333333333334,0.0018257418583505543,0.0,0.0010000000000000002,-0.00015776045742110778,0.0006178615886917193,-0.00036088413087777537,7.088905896358071e-05,-0.0001836264277699488,0.000590821093378255,-0.0003776326063915596,2.5722744930547733e-05,30
NoiseAwareIndependentNonemptyMLE,NoiseAwareIndependentMLE,100,16,path,0.4,symmetric_0.20,3,0.00022916666666666642,0.0006458449201778556,-2.0833333333333353e-05,0.0004588541666666642,-0.00022916666666666642,0.0006458449201778556,-0.00045885416666666703,2.0833333333333353e-05,0.0016666666666666672,0.0059209349991675994,0.0,0.004000000000000001,-0.0002978508056291074,0.0018213128016724713,-0.0009161943606055207,0.00042655758581633705,-0.0002737104358394582,0.0016017764333364356,-0.0008063611576554857,0.00036253790915848695,30
NoiseAwareIndependentNonemptyMLE,NoiseAwareIndependentMLE,100,16,path,0.4,symmetric_0.20,5,0.00035416666666666675,0.0006071443663653611,0.00014583333333333278,0.0005625000000000001,-0.00035416666666666675,0.0006071443663653611,-0.0005625000000000001,-0.00014583333333333278,0.001666666666666668,0.004611330373774143,0.00033333333333333365,0.003333333333333336,-0.0008127255001880422,0.001841639137448552,-0.0014170261462147528,-0.00012678292511461987,-0.0007911845971276661,0.0019422162655898445,-0.0014487605654331828,-7.98410228906627e-05,30
NoiseAwareIndependentNonemptyMLE,NoiseAwareIndependentMLE,100,16,path,0.4,symmetric_0.30,1,1.8503717077085942e-18,0.000164133041074657,-6.249999999999867e-05,6.250000000000422e-05,-1.8503717077085942e-18,0.000164133041074657,-6.250000000000422e-05,6.249999999999867e-05,0.0003333333333333333,0.001825741858350554,0.0,0.001,5.4393366423366454e-05,0.0003999517744392885,-4.8722135978440664e-05,0.00021190223524854003,9.374281113411579e-05,0.0005856251837451621,-3.62318840579745e-05,0.0003174603174603219,30
NoiseAwareIndependentNonemptyMLE,NoiseAwareIndependentMLE,100,16,path,0.4,symmetric_0.30,3,0.00020833333333333443,0.00034167017099408524,0.0001041666666666663,0.0003333333333333355,-0.00020833333333333443,0.00034167017099408524,-0.0003333333333333355,-0.0001041666666666663,0.0,0.0,0.0,0.0,-0.00024118787663556795,0.00039702743782078797,-0.000388982963279436,-0.00011816911815887242,-0.00023875369095813042,0.0004059520582987229,-0.0003914834125027773,-0.0001087844183042274,30
NoiseAwareIndependentNonemptyMLE,NoiseAwareIndependentMLE,100,16,path,0.4,symmetric_0.30,5,0.00014583333333333391,0.0003912889472370573,2.083333333333474e-05,0.00029166666666666783,-0.00014583333333333391,0.0003912889472370573,-0.00029166666666666783,-2.083333333333474e-05,0.0006666666666666671,0.0025370813170246254,0.0,0.0016666666666666676,-9.345373877677569e-05,0.0008328371034981858,-0.00039544028328827337,0.00020263333516103325,-3.2163501123172455e-05,0.0011539098010679419,-0.0004132132781986436,0.000392063899551011,30
NoiseAwareIndependentNonemptyMLE,NoiseAwareIndependentMLE,100,16,random,0.4,false_negative_only_0.20,1,0.004979166666666666,0.0021241335285538047,0.004208333333333333,0.005708333333333333,-0.004979166666666666,0.0021241335285538047,-0.005708333333333333,-0.004208333333333333,0.004333333333333333,0.006260623155792922,0.002333333333333332,0.006666666666666665,-0.01581323005485163,0.007008667944401296,-0.01811722662923575,-0.01336018727565403,-0.011988903939924512,0.0051121071065034695,-0.013601281413131099,-0.010094931826249228,30
NoiseAwareIndependentNonemptyMLE,NoiseAwareIndependentMLE,100,16,random,0.4,false_negative_only_0.20,3,0.00020833333333333332,0.00037904902178945165,8.333333333333332e-05,0.0003333333333333334,-0.00020833333333333332,0.00037904902178945165,-0.0003333333333333334,-8.333333333333332e-05,0.0006666666666666673,0.002537081317024626,0.0,0.001666666666666668,-0.0006851267701388552,0.001288658241880819,-0.001118920612519352,-0.000258337872652436,-0.0008095784890791658,0.0015471356449861735,-0.0013622542428633575,-0.00030122346674632246,30
NoiseAwareIndependentNonemptyMLE,NoiseAwareIndependentMLE,100,16,random,0.4,false_negative_only_0.20,5,4.166666666666666e-05,0.000158567582314039,0.0,0.00010416666666666666,-4.166666666666666e-05,0.000158567582314039,-0.00010416666666666666,0.0,0.0,0.0,0.0,0.0,-0.00013360050162075643,0.000508437362356718,-0.000334268438730001,0.0,-0.00016687526074259383,0.0007058706898904171,-0.0004562995410930341,0.0,30
NoiseAwareIndependentNonemptyMLE,NoiseAwareIndependentMLE,100,16,random,0.4,false_positive_only_0.20,1,0.0,0.0,0.0,0.0,0.0,0.0,0.0,0.0,0.0,0.0,0.0,0.0,0.0,0.0,0.0,0.0,0.0,0.0,0.0,0.0,30
NoiseAwareIndependentNonemptyMLE,NoiseAwareIndependentMLE,100,16,random,0.4,false_positive_only_0.20,3,0.0,0.0,0.0,0.0,0.0,0.0,0.0,0.0,0.0,0.0,0.0,0.0,0.0,0.0,0.0,0.0,0.0,0.0,0.0,0.0,30
NoiseAwareIndependentNonemptyMLE,NoiseAwareIndependentMLE,100,16,random,0.4,false_positive_only_0.20,5,0.0,0.0,0.0,0.0,0.0,0.0,0.0,0.0,0.0,0.0,0.0,0.0,0.0,0.0,0.0,0.0,0.0,0.0,0.0,0.0,30
NoiseAwareIndependentNonemptyMLE,NoiseAwareIndependentMLE,100,16,random,0.4,symmetric_0.10,1,0.00035416666666666653,0.0005107500963480482,0.00016666666666666682,0.0005416666666666662,-0.00035416666666666653,0.0005107500963480482,-0.0005416666666666662,-0.00016666666666666682,0.0003333333333333327,0.0018257418583505504,0.0,0.000999999999999998,-0.0006736673459245224,0.0010938266500479807,-0.0010600994302792932,-0.00028674631430471734,-0.0006405377835148755,0.001032668273781606,-0.0010095347903712147,-0.00027512174758829446,30
NoiseAwareIndependentNonemptyMLE,NoiseAwareIndependentMLE,100,16,random,0.4,symmetric_0.10,3,0.0002083333333333326,0.00037904902178945057,8.333333333333283e-05,0.00035416666666666523,-0.0002083333333333326,0.00037904902178945057,-0.00035416666666666523,-8.333333333333283e-05,0.0010000000000000009,0.00305128576629365,0.0,0.0023333333333333353,-0.000571007330247338,0.0011635939772248348,-0.0009955706950657505,-0.00018375279675192892,-0.0006229631799940812,0.0011750313447945213,-0.0010424827099434358,-0.00022620231992588995,30
NoiseAwareIndependentNonemptyMLE,NoiseAwareIndependentMLE,100,16,random,0.4,symmetric_0.10,5,8.333333333333326e-05,0.0004259033671631623,-8.333333333333329e-05,0.00022968749999999715,-8.333333333333326e-05,0.0004259033671631623,-0.00022968749999999997,8.333333333333329e-05,0.0009999999999999972,0.004025778999364473,0.0,0.002666666666666658,-0.00024148005321777594,0.001402085050106959,-0.0007459683408959865,0.00028490934074978084,-0.0001497352452101882,0.0016327017113104564,-0.0007223463949793692,0.00044423138970372,30
NoiseAwareIndependentNonemptyMLE,NoiseAwareIndependentMLE,100,16,random,0.4,symmetric_0.20,1,0.00018750000000000155,0.0003343644253887047,8.333333333333341e-05,0.00031250000000000353,-0.00018750000000000155,0.0003343644253887047,-0.00031250000000000353,-8.333333333333341e-05,0.0,0.0,0.0,0.0,-0.0002361976684160716,0.0004258543049227588,-0.00039926991135308046,-0.00010241671996652871,-0.00022904517401069654,0.0003990263520832342,-0.0003805641844818394,-0.00010031890504552906,30
NoiseAwareIndependentNonemptyMLE,NoiseAwareIndependentMLE,100,16,random,0.4,symmetric_0.20,3,0.00037500000000000033,0.00045248356800036966,0.00022916666666666688,0.0005416666666666672,-0.00037500000000000033,0.00045248356800036966,-0.0005416666666666672,-0.00022916666666666688,0.00033333333333333365,0.0018257418583505556,0.0,0.0010000000000000009,-0.0006889045123140813,0.0009350421626419043,-0.0010150483918466959,-0.000361826336479501,-0.000716702669252763,0.0009299508771480507,-0.001054929248641856,-0.00039734251709351825,30
NoiseAwareIndependentNonemptyMLE,NoiseAwareIndependentMLE,100,16,random,0.4,symmetric_0.20,5,0.0001250000000000001,0.00044649014353719213,-4.1666666666666706e-05,0.0002708333333333336,-0.0001250000000000001,0.00044649014353719213,-0.0002708333333333336,4.1666666666666706e-05,0.003333333333333336,0.004794633014853846,0.001666666666666668,0.0050000000000000044,-8.466164107616692e-05,0.001261812659390455,-0.000525018213953289,0.000352381318010153,-0.0002093144848038871,0.001496259226714719,-0.0007280356200436631,0.00033795417470874054,30
NoiseAwareIndependentNonemptyMLE,NoiseAwareIndependentMLE,100,16,random,0.4,symmetric_0.30,1,6.249999999999867e-05,0.0001907053603933489,0.0,0.00014583333333333023,-6.249999999999867e-05,0.0001907053603933489,-0.00014583333333333023,0.0,0.0,0.0,0.0,0.0,-5.0667911806329125e-05,0.00015483055070512883,-0.00011518126907166387,0.0,-4.615567157095398e-05,0.00014880917016808426,-0.00010421610504666908,0.0,30
NoiseAwareIndependentNonemptyMLE,NoiseAwareIndependentMLE,100,16,random,0.4,symmetric_0.30,3,0.00014583333333333207,0.0003552004857224563,4.166666666666578e-05,0.00027083333333333126,-0.00014583333333333207,0.0003552004857224563,-0.00027083333333333126,-4.166666666666578e-05,0.0003333333333333333,0.0018257418583505541,0.0,0.001,-0.00011258224299566244,0.0004922863955328469,-0.0002761666213507117,5.376825601857704e-05,-9.9513765511187e-05,0.00044044701744667877,-0.0002477064861438188,5.2591551254874795e-05,30
NoiseAwareIndependentNonemptyMLE,NoiseAwareIndependentMLE,100,16,random,0.4,symmetric_0.30,5,0.00022916666666666455,0.00044899712642758186,8.333333333333248e-05,0.00039583333333333045,-0.00022916666666666455,0.00044899712642758186,-0.00039583333333333045,-8.333333333333248e-05,0.0006666666666666668,0.002537081317024625,0.0,0.0016666666666666672,-0.0002531861729322885,0.0007895204058468175,-0.0005388065260176801,2.038763442128348e-05,-0.00030192661850876324,0.0007057457662575001,-0.0005699418842629568,-6.906002965058874e-05,30
NoiseAwareIndependentNonemptyMLE,NoiseAwareIndependentMLE,100,16,star,0.4,false_negative_only_0.20,1,0.007270833333333333,0.001845919116607625,0.006645833333333333,0.007916666666666666,-0.007270833333333333,0.001845919116607625,-0.007916666666666666,-0.006645833333333333,0.0,0.0,0.0,0.0,-0.014883178698234738,0.003939419543209453,-0.016234830094039202,-0.013532518331216227,-0.00717176583071462,0.001801460497160467,-0.0077802375349952544,-0.006547737098565703,30
NoiseAwareIndependentNonemptyMLE,NoiseAwareIndependentMLE,100,16,star,0.4,false_negative_only_0.20,3,0.00022916666666666666,0.0004179219596621073,8.333333333333334e-05,0.00037500000000000006,-0.00022916666666666666,0.0004179219596621073,-0.00037500000000000006,-8.333333333333334e-05,0.0,0.0,0.0,0.0,-0.0005013382616218568,0.0009173290443871358,-0.000830752779317812,-0.00018734085614795874,-0.0002750932739632857,0.0004998636044617467,-0.00045818581638525877,-0.0001040303858191057,30
NoiseAwareIndependentNonemptyMLE,NoiseAwareIndependentMLE,100,16,star,0.4,false_negative_only_0.20,5,2.0833333333333333e-05,0.00011410886614690962,0.0,6.25e-05,-2.0833333333333333e-05,0.00011410886614690962,-6.25e-05,0.0,0.0,0.0,0.0,0.0,-4.572456429402886e-05,0.0002504437529593489,-0.0001371736928820866,0.0,-2.5100401606426016e-05,0.00013748056162278435,-7.530120481927805e-05,0.0,30
NoiseAwareIndependentNonemptyMLE,NoiseAwareIndependentMLE,100,16,star,0.4,false_positive_only_0.20,1,0.0,0.0,0.0,0.0,0.0,0.0,0.0,0.0,0.0,0.0,0.0,0.0,0.0,0.0,0.0,0.0,0.0,0.0,0.0,0.0,30
NoiseAwareIndependentNonemptyMLE,NoiseAwareIndependentMLE,100,16,star,0.4,false_positive_only_0.20,3,0.0,0.0,0.0,0.0,0.0,0.0,0.0,0.0,0.0,0.0,0.0,0.0,0.0,0.0,0.0,0.0,0.0,0.0,0.0,0.0,30
NoiseAwareIndependentNonemptyMLE,NoiseAwareIndependentMLE,100,16,star,0.4,false_positive_only_0.20,5,0.0,0.0,0.0,0.0,0.0,0.0,0.0,0.0,0.0,0.0,0.0,0.0,0.0,0.0,0.0,0.0,0.0,0.0,0.0,0.0,30
NoiseAwareIndependentNonemptyMLE,NoiseAwareIndependentMLE,100,16,star,0.4,symmetric_0.10,1,0.0007083333333333339,0.0006510380747027354,0.0005000000000000004,0.000917187499999998,-0.0007083333333333339,0.0006510380747027354,-0.0009171875000000008,-0.0005000000000000004,0.0,0.0,0.0,0.0,-0.0010992497654179127,0.0010080304051638418,-0.0014419429437177054,-0.000772170463142988,-0.0007078691306004063,0.0006287995095159763,-0.0009216513711632502,-0.0005041021659146199,30
NoiseAwareIndependentNonemptyMLE,NoiseAwareIndependentMLE,100,16,star,0.4,symmetric_0.10,3,0.00047916666666666686,0.000561021364356446,0.0002916666666666667,0.0006875000000000002,-0.00047916666666666686,0.000561021364356446,-0.0006875000000000002,-0.0002916666666666667,0.001666666666666668,0.00379049021789452,0.00033333333333333365,0.0030000000000000027,-0.0008733003195149913,0.0010918820850283248,-0.0012641360481193751,-0.0004994152843783044,-0.0007264527976894845,0.0009999834420555262,-0.0010667602345338508,-0.00038176265159544547,30
NoiseAwareIndependentNonemptyMLE,NoiseAwareIndependentMLE,100,16,star,0.4,symmetric_0.10,5,0.00014583333333333337,0.00031500433312108196,4.166666666666659e-05,0.00025000000000000017,-0.00014583333333333337,0.00031500433312108196,-0.00025000000000000017,-4.166666666666659e-05,0.00033333333333333365,0.0018257418583505556,0.0,0.0010000000000000009,-0.00029552048005351643,0.0006570493445869225,-0.000521024031572537,-6.75834870941375e-05,-0.00029391422344408056,0.0006796353933375861,-0.0005380214861482543,-5.5047324991712154e-05,30
NoiseAwareIndependentNonemptyMLE,NoiseAwareIndependentMLE,100,16,star,0.4,symmetric_0.20,1,0.0002916666666666669,0.00048504947016335224,0.0001250000000000001,0.00047916666666666664,-0.0002916666666666669,0.00048504947016335224,-0.00047916666666666664,-0.0001250000000000001,0.0,0.0,0.0,0.0,-0.00033670883201464274,0.0005675371736953201,-0.0005549435858941376,-0.00014411942061630842,-0.0002549204016202548,0.0004283446411521713,-0.0004174367916853346,-0.0001102943351065736,30
NoiseAwareIndependentNonemptyMLE,NoiseAwareIndependentMLE,100,16,star,0.4,symmetric_0.20,3,0.00037499999999999985,0.0005590169943749477,0.0001874999999999997,0.0005833333333333338,-0.00037499999999999985,0.0005590169943749477,-0.0005833333333333338,-0.0001874999999999997,0.0006666666666666668,0.0025370813170246254,0.0,0.0016666666666666672,-0.0005479364963826283,0.0009041106143775748,-0.0008850573253745365,-0.0002315030065614187,-0.000431150425750589,0.0007848441810972692,-0.0007105321888438878,-0.0001584349971926447,30
NoiseAwareIndependentNonemptyMLE,NoiseAwareIndependentMLE,100,16,star,0.4,symmetric_0.20,5,0.0004791666666666671,0.0008318053520374596,0.0002083333333333335,0.0007713541666666644,-0.0004791666666666671,0.0008318053520374596,-0.0007713541666666673,-0.0002083333333333335,0.003000000000000001,0.005349830806219243,0.0013333333333333346,0.005000000000000003,-0.0007300450522181534,0.001555048022091905,-0.001278376957355958,-0.00020506716028095042,-0.0006847394064016392,0.0016210266563367161,-0.001276603348085328,-0.0001343979485123794,30
NoiseAwareIndependentNonemptyMLE,NoiseAwareIndependentMLE,100,16,star,0.4,symmetric_0.30,1,4.166666666666578e-05,0.00015856758231403564,0.0,0.00010416666666666445,-4.166666666666578e-05,0.00015856758231403564,-0.00010416666666666445,0.0,0.0,0.0,0.0,0.0,-3.537663128610665e-05,0.00013463152839602452,-8.836246007252931e-05,0.0,-3.4595134122583635e-05,0.00013165626977913102,-8.645417268712263e-05,0.0,30
NoiseAwareIndependentNonemptyMLE,NoiseAwareIndependentMLE,100,16,star,0.4,symmetric_0.30,3,0.00027083333333333495,0.00042431909620272687,0.00012500000000000195,0.0004374999999999999,-0.00027083333333333495,0.00042431909620272687,-0.0004374999999999999,-0.00012500000000000195,0.0,0.0,0.0,0.0,-0.0002874127591783515,0.00044515368744932674,-0.0004571380133451087,-0.00013427508776107277,-0.0002447407814806272,0.0003920490695297852,-0.0003975000798977045,-0.00011507510483970005,30
NoiseAwareIndependentNonemptyMLE,NoiseAwareIndependentMLE,100,16,star,0.4,symmetric_0.30,5,0.00031250000000000077,0.0004569270484291859,0.00016666666666666682,0.0004791666666666685,-0.00031250000000000077,0.0004569270484291859,-0.0004791666666666685,-0.00016666666666666682,0.001,0.003051285766293647,0.0,0.0020000000000000005,-0.0003377365401063296,0.0006562525417061645,-0.0005736154805966563,-0.0001159796777922234,-0.00025434987094291595,0.0006091528419152366,-0.0004661670392044343,-5.1990926664911595e-05,30
