"instance_id","project","frozen_ledger_state","selection_rule","selection_status","exclusion_reason"
"11429","librawspeed","INFRA-BLOCKED","frozen_development_and_global_preflight_pass","EXCLUDED_THIS_RUN","global_storage_gate_and_agent_auth_gate_failed_before_instance_selection"
"13956","yara","INFRA-BLOCKED","frozen_development_and_global_preflight_pass","EXCLUDED_THIS_RUN","global_storage_gate_and_agent_auth_gate_failed_before_instance_selection"
"14620","open62541","INFRA-BLOCKED","frozen_development_and_global_preflight_pass","EXCLUDED_THIS_RUN","global_storage_gate_and_agent_auth_gate_failed_before_instance_selection"
"33071","c-blosc2","INFRA-BLOCKED","frozen_development_and_global_preflight_pass","EXCLUDED_THIS_RUN","global_storage_gate_and_agent_auth_gate_failed_before_instance_selection"
"33264","c-blosc2","INFRA-BLOCKED","frozen_development_and_global_preflight_pass","EXCLUDED_THIS_RUN","global_storage_gate_and_agent_auth_gate_failed_before_instance_selection"
"3371","librawspeed","INFRA-BLOCKED","frozen_development_and_global_preflight_pass","EXCLUDED_THIS_RUN","global_storage_gate_and_agent_auth_gate_failed_before_instance_selection"
"33947","php-src","INFRA-BLOCKED","frozen_development_and_global_preflight_pass","EXCLUDED_THIS_RUN","global_storage_gate_and_agent_auth_gate_failed_before_instance_selection"
"5576","open62541","INFRA-BLOCKED","frozen_development_and_global_preflight_pass","EXCLUDED_THIS_RUN","global_storage_gate_and_agent_auth_gate_failed_before_instance_selection"
"57586","libredwg","INFRA-BLOCKED","frozen_development_and_global_preflight_pass","EXCLUDED_THIS_RUN","global_storage_gate_and_agent_auth_gate_failed_before_instance_selection"
"57587","libredwg","INFRA-BLOCKED","frozen_development_and_global_preflight_pass","EXCLUDED_THIS_RUN","global_storage_gate_and_agent_auth_gate_failed_before_instance_selection"
"62561","libredwg","INFRA-BLOCKED","frozen_development_and_global_preflight_pass","EXCLUDED_THIS_RUN","global_storage_gate_and_agent_auth_gate_failed_before_instance_selection"
"62973","libredwg","INFRA-BLOCKED","frozen_development_and_global_preflight_pass","EXCLUDED_THIS_RUN","global_storage_gate_and_agent_auth_gate_failed_before_instance_selection"
"63463","libredwg","INFRA-BLOCKED","frozen_development_and_global_preflight_pass","EXCLUDED_THIS_RUN","global_storage_gate_and_agent_auth_gate_failed_before_instance_selection"
"63537","libredwg","INFRA-BLOCKED","frozen_development_and_global_preflight_pass","EXCLUDED_THIS_RUN","global_storage_gate_and_agent_auth_gate_failed_before_instance_selection"
"66679","libxml2","INFRA-BLOCKED","frozen_development_and_global_preflight_pass","EXCLUDED_THIS_RUN","global_storage_gate_and_agent_auth_gate_failed_before_instance_selection"
"6829","librawspeed","INFRA-BLOCKED","frozen_development_and_global_preflight_pass","EXCLUDED_THIS_RUN","global_storage_gate_and_agent_auth_gate_failed_before_instance_selection"
"6975","librawspeed","INFRA-BLOCKED","frozen_development_and_global_preflight_pass","EXCLUDED_THIS_RUN","global_storage_gate_and_agent_auth_gate_failed_before_instance_selection"
"7171","librawspeed","INFRA-BLOCKED","frozen_development_and_global_preflight_pass","EXCLUDED_THIS_RUN","global_storage_gate_and_agent_auth_gate_failed_before_instance_selection"
"7206","librawspeed","INFRA-BLOCKED","frozen_development_and_global_preflight_pass","EXCLUDED_THIS_RUN","global_storage_gate_and_agent_auth_gate_failed_before_instance_selection"
"7262","ots","INFRA-BLOCKED","frozen_development_and_global_preflight_pass","EXCLUDED_THIS_RUN","global_storage_gate_and_agent_auth_gate_failed_before_instance_selection"
"7538","librawspeed","INFRA-BLOCKED","frozen_development_and_global_preflight_pass","EXCLUDED_THIS_RUN","global_storage_gate_and_agent_auth_gate_failed_before_instance_selection"
"7884","librawspeed","INFRA-BLOCKED","frozen_development_and_global_preflight_pass","EXCLUDED_THIS_RUN","global_storage_gate_and_agent_auth_gate_failed_before_instance_selection"
"9180","librawspeed","INFRA-BLOCKED","frozen_development_and_global_preflight_pass","EXCLUDED_THIS_RUN","global_storage_gate_and_agent_auth_gate_failed_before_instance_selection"
"66446","libxml2","INFRA-BLOCKED","frozen_development_and_global_preflight_pass","EXCLUDED_THIS_RUN","global_storage_gate_and_agent_auth_gate_failed_before_instance_selection"
"66835","libredwg","INFRA-BLOCKED","frozen_development_and_global_preflight_pass","EXCLUDED_THIS_RUN","global_storage_gate_and_agent_auth_gate_failed_before_instance_selection"
