scope,tree_source,q_mode,decoder,mean_test_hamming,mean_hamming_minus_binary,hamming_difference_sd,hamming_difference_ci_lower,hamming_difference_ci_upper,mean_exact_row_recovery,mean_clean_f1,mean_posterior_expected_hamming,mean_risk_calibration_gap,mean_risk_row_correlation,median_connected_fraction,median_empty_fraction,median_disconnected_fraction,mean_decision_tie_fraction,mean_tree_edge_disagreement,mean_test_nll_per_row,mean_total_inference_runtime_seconds,num_seeds
overall,GeneratingTreeOracle,oracle_q,PosteriorMAPConnected,0.13052951388888884,-0.022482638888888885,0.007780506008403767,-0.025286458333333334,-0.01979166666666667,0.22319444444444445,0.609171614654848,0.13094330234436286,0.00041378845547400796,0.40240229218832174,0.5358333333333333,0.4574999999999999,0.00666666666666665,0.3129166666666666,0.0,9.610510972930992,0.03374330833335453,30
overall,GeneratingTreeOracle,oracle_q,PosteriorMedianUnconstrained,0.11853298611111107,-0.022734374999999998,0.006412937618802948,-0.025026041666666665,-0.020546875,0.11291666666666662,0.5980548561346175,0.11853194734483982,-1.0387662712483861e-06,0.40689213393217943,0.5358333333333333,0.4574999999999999,0.00666666666666665,0.0,0.0,9.610510972930992,0.002374599999994062,30
overall,GeneratingTreeOracle,oracle_q,ConnectedBayesHamming,0.12592881944444442,-0.023411458333333343,0.005910526646287136,-0.025503472222222226,-0.02142361111111112,0.2006944444444444,0.6123623560891568,0.12682331177416228,0.000894492329717862,0.37729157960494936,0.5358333333333333,0.4574999999999999,0.00666666666666665,0.15499999999999994,0.0,9.610510972930992,0.00748461083334741,30
overall,GeneratingTreeOracle,estimated_q,PosteriorMAPConnected,0.13072916666666665,-0.022187499999999995,0.007382946721929566,-0.02485243055555555,-0.019539930555555553,0.22319444444444442,0.6086272608982921,0.13121607207181304,0.0004869054051464269,0.40398236807385,0.5297222222222222,0.46444444444444444,0.005833333333333321,0.3136111111111111,0.0,9.612999660282332,0.03436286583336135,30
overall,GeneratingTreeOracle,estimated_q,PosteriorMedianUnconstrained,0.11840277777777776,-0.022569444444444437,0.005871618089272387,-0.02464431423611111,-0.02052083333333333,0.10916666666666663,0.5936455558403023,0.118408674695222,5.896917444255221e-06,0.40928404892379266,0.5297222222222222,0.46444444444444444,0.005833333333333321,0.0,0.0,9.612999660282332,0.0026870783333625015,30
overall,GeneratingTreeOracle,estimated_q,ConnectedBayesHamming,0.12613715277777773,-0.022699652777777777,0.005682478312419034,-0.024765624999999993,-0.020754991319444433,0.1980555555555555,0.6080621691222453,0.12679899334280498,0.0006618405650272358,0.37921480379425704,0.5297222222222222,0.46444444444444444,0.005833333333333321,0.1625,0.0,9.612999660282332,0.0075970008333569655,30
overall,DataAgnosticRandomTree,oracle_q,PosteriorMAPConnected,0.18061631944444442,0.027604166666666666,0.007586222628341621,0.024895616319444442,0.030225694444444447,0.07486111111111109,0.4007325463860261,0.13117999108682704,-0.04943632835761735,0.45498713231418697,0.4627777777777779,0.5298611111111111,0.0073611111111110935,0.24902777777777776,0.8594444444444446,9.892559472410817,0.03480845166669151,30
overall,DataAgnosticRandomTree,oracle_q,PosteriorMedianUnconstrained,0.17286458333333327,0.03159722222222223,0.00888904907549929,0.028628472222222222,0.03475694444444445,0.02222222222222219,0.3087025585265018,0.11680878457594884,-0.0560557987573844,0.5131537255000799,0.4627777777777779,0.5298611111111111,0.0073611111111110935,0.0,0.8594444444444446,9.892559472410817,0.0025674866666633486,30
overall,DataAgnosticRandomTree,oracle_q,ConnectedBayesHamming,0.17986111111111108,0.030520833333333334,0.0075872706322202416,0.027881944444444452,0.03316840277777778,0.08833333333333332,0.36850734032879257,0.12546278993884682,-0.05439832117226419,0.4787383105933898,0.4627777777777779,0.5298611111111111,0.0073611111111110935,0.03291666666666663,0.8594444444444446,9.892559472410817,0.007583093333352007,30
overall,DataAgnosticRandomTree,estimated_q,PosteriorMAPConnected,0.17989583333333334,0.026979166666666672,0.007812380267281733,0.02415798611111112,0.02970486111111111,0.07805555555555552,0.38722181427552693,0.1309799109868747,-0.04891592234645852,0.5226551006183269,0.33249999999999996,0.66125,0.006249999999999991,0.2751388888888889,0.8594444444444446,9.858595907026892,0.035392599166688826,30
overall,DataAgnosticRandomTree,estimated_q,PosteriorMedianUnconstrained,0.16643229166666662,0.02546006944444444,0.007830344602928694,0.02276888020833333,0.02826410590277777,0.022361111111111085,0.21542164727259874,0.10753144533530495,-0.058900846331361625,0.5059633837231886,0.33249999999999996,0.66125,0.006249999999999991,0.0,0.8594444444444446,9.858595907026892,0.0027657591666714085,30
overall,DataAgnosticRandomTree,estimated_q,ConnectedBayesHamming,0.17506944444444447,0.02623263888888889,0.007380581313394431,0.023532986111111116,0.028697916666666667,0.09486111111111109,0.32892333558078146,0.12014818860104863,-0.05492125584339572,0.5102223825620323,0.33249999999999996,0.66125,0.006249999999999991,0.032499999999999966,0.8594444444444446,9.858595907026892,0.007792278333344363,30
overall,BinaryMWST,oracle_q,PosteriorMAPConnected,0.15301215277777777,0.0,0.0,0.0,0.0,0.13166666666666665,0.5098158526885036,0.13844843637789095,-0.014563716399886765,0.4270472872350973,0.48861111111111116,0.5077777777777778,0.0036111111111110992,0.38375,0.4255555555555556,9.731999838432563,0.03225204999997113,30
overall,BinaryMWST,oracle_q,PosteriorMedianUnconstrained,0.14126736111111107,0.0,0.0,0.0,0.0,0.04444444444444442,0.4837242868930194,0.12372023642569795,-0.01754712468541311,0.47850027079841456,0.48861111111111116,0.5077777777777778,0.0036111111111110992,0.0,0.4255555555555556,9.731999838432563,0.002466069166679997,30
overall,BinaryMWST,oracle_q,ConnectedBayesHamming,0.14934027777777775,0.0,0.0,0.0,0.0,0.12416666666666666,0.5145963479494218,0.1330740006250442,-0.0162662771527335,0.4381945838190565,0.48861111111111116,0.5077777777777778,0.0036111111111110992,0.17625000000000002,0.4255555555555556,9.731999838432563,0.007708355833328021,30
overall,BinaryMWST,estimated_q,PosteriorMAPConnected,0.15291666666666662,0.0,0.0,0.0,0.0,0.13069444444444442,0.5078860851803293,0.13723547122032512,-0.015681195446341466,0.437721265463055,0.45444444444444443,0.5427777777777777,0.00277777777777777,0.38305555555555554,0.4255555555555556,9.718881045118941,0.03154180583333446,30
overall,BinaryMWST,estimated_q,PosteriorMedianUnconstrained,0.1409722222222222,0.0,0.0,0.0,0.0,0.039583333333333304,0.46001388775781776,0.1211678612627227,-0.019804360959499445,0.4855600352180626,0.45444444444444443,0.5427777777777777,0.00277777777777777,0.0,0.4255555555555556,9.718881045118941,0.0026145933333622836,30
overall,BinaryMWST,estimated_q,ConnectedBayesHamming,0.1488368055555555,0.0,0.0,0.0,0.0,0.12277777777777774,0.5018793585443166,0.13131350191121235,-0.017523303644343086,0.446340413595717,0.45444444444444443,0.5427777777777777,0.00277777777777777,0.17944444444444443,0.4255555555555556,9.718881045118941,0.007486793333318502,30
overall,NoiseCorrectedMWST,oracle_q,PosteriorMAPConnected,0.15425347222222216,0.0012413194444444475,0.004762571024102257,-0.00040798611111110783,0.0029427083333333362,0.13194444444444442,0.5126858087688164,0.13429260653271954,-0.019960865689502595,0.42752747402298547,0.5109722222222223,0.48416666666666663,0.004861111111111097,0.29000000000000004,0.4216666666666667,9.73452034794269,0.03395436833333931,30
overall,NoiseCorrectedMWST,oracle_q,PosteriorMedianUnconstrained,0.14160590277777774,0.00033854166666667264,0.005312425167097467,-0.0014149305555555547,0.0023090277777777853,0.04874999999999998,0.48145193939956366,0.12053316656397532,-0.02107273621380237,0.4639364427837152,0.5109722222222223,0.48416666666666663,0.004861111111111097,0.0,0.4216666666666667,9.73452034794269,0.0024985733333399173,30
overall,NoiseCorrectedMWST,oracle_q,ConnectedBayesHamming,0.14856770833333327,-0.0007725694444444436,0.004459180117622535,-0.0023003472222222236,0.0007812499999999998,0.12722222222222218,0.5144511567438173,0.12880049199057247,-0.01976721634276076,0.41845365079941577,0.5109722222222223,0.48416666666666663,0.004861111111111097,0.09263888888888887,0.4216666666666667,9.73452034794269,0.007512914166676358,30
overall,NoiseCorrectedMWST,estimated_q,PosteriorMAPConnected,0.15391493055555552,0.0009982638888888936,0.004207484233623381,-0.0004600694444444444,0.002500000000000002,0.13263888888888886,0.5144219169624784,0.13465298866571562,-0.019261941889839852,0.42896801944351276,0.5026388888888889,0.4915277777777778,0.005833333333333319,0.2911111111111111,0.4216666666666667,9.728934704134097,0.03342372250002271,30
overall,NoiseCorrectedMWST,estimated_q,PosteriorMedianUnconstrained,0.14129340277777774,0.00032118055555555405,0.004248194028454024,-0.0011284722222222252,0.0018489583333333294,0.049027777777777753,0.47684660473952933,0.12012892804539181,-0.021164474732385894,0.465037923331687,0.5026388888888889,0.4915277777777778,0.005833333333333319,0.0,0.4216666666666667,9.728934704134097,0.00270457916668453,30
overall,NoiseCorrectedMWST,estimated_q,ConnectedBayesHamming,0.1481076388888889,-0.000729166666666664,0.004162960816081037,-0.002196180555555555,0.0007118055555555584,0.12763888888888883,0.5131910612799457,0.1285609288378466,-0.019546710051042217,0.4156150578829011,0.5026388888888889,0.4915277777777778,0.005833333333333319,0.09361111111111106,0.4216666666666667,9.728934704134097,0.007912113333319771,30
overall,BootstrapStabilityMWST,oracle_q,PosteriorMAPConnected,0.15564236111111107,0.0026302083333333334,0.004357792128588905,0.0010590277777777779,0.004201388888888887,0.1309722222222222,0.5075059046226518,0.13376542248422044,-0.021876938626890597,0.43315499577775946,0.5097222222222222,0.48500000000000004,0.005277777777777765,0.29027777777777775,0.43222222222222223,9.74017602957147,0.03420055999998032,30
overall,BootstrapStabilityMWST,oracle_q,PosteriorMedianUnconstrained,0.14276909722222222,0.001501736111111119,0.004469760977439648,-3.472222222221657e-05,0.003142361111111117,0.050416666666666644,0.4753432942003381,0.12002462576426,-0.022744471457962157,0.4656566255049145,0.5097222222222222,0.48500000000000004,0.005277777777777765,0.0,0.43222222222222223,9.74017602957147,0.002537040000002306,30
overall,BootstrapStabilityMWST,oracle_q,ConnectedBayesHamming,0.1495052083333333,0.0001649305555555552,0.003997955696297928,-0.0012413194444444435,0.0015625000000000038,0.12874999999999998,0.509772139389246,0.12830176910682234,-0.02120343922651091,0.4254361679203704,0.5097222222222222,0.48500000000000004,0.005277777777777765,0.08777777777777775,0.43222222222222223,9.74017602957147,0.007916118333342055,30
overall,BootstrapStabilityMWST,estimated_q,PosteriorMAPConnected,0.15529513888888888,0.0023784722222222237,0.0036807729866014938,0.0010763888888888893,0.003654513888888892,0.1311111111111111,0.5102531620134979,0.1340222049983248,-0.021272933890564016,0.4361751277390015,0.5002777777777777,0.4945833333333333,0.0051388888888888725,0.2891666666666667,0.43222222222222223,9.733611085782123,0.034401955000011676,30
overall,BootstrapStabilityMWST,estimated_q,PosteriorMedianUnconstrained,0.1420659722222222,0.0010937499999999951,0.004351374702959464,-0.00040798611111111195,0.0025954861111111066,0.048194444444444415,0.4720308999316708,0.1197113140453641,-0.022354658176858035,0.4634343612498037,0.5002777777777777,0.4945833333333333,0.0051388888888888725,0.0,0.43222222222222223,9.733611085782123,0.002782969999977498,30
overall,BootstrapStabilityMWST,estimated_q,ConnectedBayesHamming,0.1488802083333333,4.3402777777780165e-05,0.004646956756964025,-0.0015625000000000014,0.0016929253472222254,0.12791666666666662,0.5090792625823838,0.12814334949432502,-0.020736858839008256,0.4242327984531987,0.5002777777777777,0.4945833333333333,0.0051388888888888725,0.08916666666666663,0.43222222222222223,9.733611085782123,0.008021742499984866,30
overall,OracleQMarginalTree,oracle_q,PosteriorMAPConnected,0.15352430555555552,0.0005121527777777766,0.006530852743774249,-0.0018055555555555553,0.002751736111111103,0.13638888888888887,0.5180110881991311,0.1325472338664828,-0.020977071689072695,0.4431108408875026,0.5240277777777778,0.4683333333333332,0.007638888888888866,0.2627777777777777,0.41722222222222227,9.716057902591963,0.035789214999994066,30
overall,OracleQMarginalTree,oracle_q,PosteriorMedianUnconstrained,0.1403211805555555,-0.0009461805555555506,0.006463184752812369,-0.0032899305555555464,0.001293402777777785,0.056944444444444416,0.4897633026652984,0.11930773756086649,-0.021013442994688953,0.47399249573514707,0.5240277777777778,0.4683333333333332,0.007638888888888866,0.0,0.41722222222222227,9.716057902591963,0.002557278333299894,30
overall,OracleQMarginalTree,oracle_q,ConnectedBayesHamming,0.14760416666666662,-0.0017361111111111095,0.0054993811241124246,-0.0036545138888888886,0.00021701388888889045,0.13402777777777777,0.5186800117516065,0.12739395591660463,-0.020210210750061946,0.4282568023587054,0.5240277777777778,0.4683333333333332,0.007638888888888866,0.08111111111111109,0.41722222222222227,9.716057902591963,0.007872280833288366,30
overall,OracleQMarginalTree,estimated_q,PosteriorMAPConnected,0.1533420138888889,0.0004253472222222229,0.0064439797412167805,-0.0018142361111111115,0.0026996527777777787,0.13652777777777772,0.520183002493076,0.1334523535173276,-0.019889660371561212,0.43832211475498983,0.5290277777777779,0.46249999999999997,0.008472222222222199,0.2636111111111111,0.41722222222222227,9.71572915264336,0.03531419500001405,30
overall,OracleQMarginalTree,estimated_q,PosteriorMedianUnconstrained,0.14012152777777775,-0.0008506944444444444,0.005958437155808472,-0.0029513888888888823,0.0012065972222222194,0.05847222222222219,0.4940498882053172,0.11997656672181964,-0.020144961055958043,0.46881817694707056,0.5290277777777779,0.46249999999999997,0.008472222222222199,0.0,0.41722222222222227,9.71572915264336,0.0028011733333281543,30
overall,OracleQMarginalTree,estimated_q,ConnectedBayesHamming,0.14743055555555548,-0.0014062499999999982,0.005409460696441095,-0.0032552083333333244,0.000581597222222222,0.13611111111111107,0.5220565224595451,0.12786256287952535,-0.019567992676030103,0.4238542969543058,0.5290277777777779,0.46249999999999997,0.008472222222222199,0.08111111111111106,0.41722222222222227,9.71572915264336,0.008006020000002863,30
overall,EstimatedQMarginalTree,oracle_q,PosteriorMAPConnected,0.15474826388888888,0.0017361111111111145,0.005302812847350863,-0.0001215277777777737,0.003619791666666668,0.13472222222222222,0.5141331340023055,0.13333804851027786,-0.021410215378610924,0.4372768499757319,0.5180555555555556,0.47569444444444453,0.006249999999999983,0.27791666666666665,0.41666666666666663,9.724173554199835,0.03505604499999696,30
overall,EstimatedQMarginalTree,oracle_q,PosteriorMedianUnconstrained,0.1411458333333333,-0.00012152777777777527,0.005546971262408287,-0.002013888888888889,0.0018491753472222262,0.05388888888888886,0.4881536403833806,0.1199331682904731,-0.021212665042860148,0.4677529082417067,0.5180555555555556,0.47569444444444453,0.006249999999999983,0.0,0.41666666666666663,9.724173554199835,0.0028443408333411,30
overall,EstimatedQMarginalTree,oracle_q,ConnectedBayesHamming,0.14826388888888883,-0.001076388888888889,0.005468422153099407,-0.0030121527777777785,0.000833550347222225,0.13124999999999998,0.5183326802313452,0.12803388040205163,-0.0202300084868372,0.42197621351226416,0.5180555555555556,0.47569444444444453,0.006249999999999983,0.08361111111111108,0.41666666666666663,9.724173554199835,0.007928810833338146,30
overall,EstimatedQMarginalTree,estimated_q,PosteriorMAPConnected,0.154296875,0.0013802083333333379,0.005064533369316709,-0.0003734809027777784,0.003159722222222222,0.13513888888888886,0.516792075650484,0.13411531373169422,-0.020181561268305687,0.4336555799877525,0.5181944444444445,0.47361111111111115,0.008194444444444423,0.2795833333333333,0.41666666666666663,9.721224080739661,0.0356324975000177,30
overall,EstimatedQMarginalTree,estimated_q,PosteriorMedianUnconstrained,0.1406597222222222,-0.00031249999999999936,0.004938407756411209,-0.0020227864583333382,0.0014496527777777756,0.05527777777777775,0.4899441794547061,0.12032018013551242,-0.020339542086709735,0.46101076667854035,0.5181944444444445,0.47361111111111115,0.008194444444444423,0.0,0.41666666666666663,9.721224080739661,0.0027364100000131933,30
overall,EstimatedQMarginalTree,estimated_q,ConnectedBayesHamming,0.14790798611111108,-0.0009288194444444399,0.005475238749937202,-0.0028472222222222193,0.0010243055555555609,0.13152777777777774,0.5199908516193118,0.12835250261045839,-0.01955548350065266,0.41495215530595486,0.5181944444444445,0.47361111111111115,0.008194444444444423,0.08569444444444442,0.41666666666666663,9.721224080739661,0.007871367499994094,30
balanced,GeneratingTreeOracle,oracle_q,PosteriorMAPConnected,0.12274305555555552,-0.022187499999999992,0.014785012466354842,-0.027361111111111093,-0.017083333333333332,0.22944444444444445,0.601970742930778,0.12445436247118996,0.001711306915634443,0.4068488222878007,0.5633333333333332,0.4255555555555555,0.011111111111111082,0.22,0.0,9.505422413534985,0.03058801999997433,30
balanced,GeneratingTreeOracle,oracle_q,PosteriorMedianUnconstrained,0.1103472222222222,-0.026006944444444433,0.012800165581149853,-0.030625,-0.021631944444444426,0.12777777777777774,0.5836336273531414,0.1132661429768849,0.0029189207546627236,0.41191352096859873,0.5633333333333332,0.4255555555555555,0.011111111111111082,0.0,0.0,9.505422413534985,0.0023515466665836432,30
balanced,GeneratingTreeOracle,oracle_q,ConnectedBayesHamming,0.11618055555555552,-0.027361111111111117,0.012972780104012992,-0.03180555555555556,-0.022742187500000014,0.20722222222222222,0.6019255942569947,0.11965428182988538,0.003473726274329836,0.37889551282609857,0.5633333333333332,0.4255555555555555,0.011111111111111082,0.08166666666666661,0.0,9.505422413534985,0.00693855333332365,30
balanced,GeneratingTreeOracle,estimated_q,PosteriorMAPConnected,0.12232638888888886,-0.02291666666666665,0.015556603173535365,-0.028403645833333328,-0.0175347222222222,0.22944444444444445,0.6031997085241702,0.12442091733245476,0.002094528443565904,0.40252702092349535,0.5611111111111112,0.42944444444444435,0.009444444444444424,0.21888888888888888,0.0,9.509310403174174,0.029905650000000557,30
balanced,GeneratingTreeOracle,estimated_q,PosteriorMedianUnconstrained,0.11034722222222218,-0.02524305555555556,0.012109820767451334,-0.029513888888888895,-0.021006944444444457,0.12166666666666665,0.5810681786154618,0.11317964578851938,0.0028324235662972102,0.4088975869985797,0.5611111111111112,0.42944444444444435,0.009444444444444424,0.0,0.0,9.509310403174174,0.002724513333365944,30
balanced,GeneratingTreeOracle,estimated_q,ConnectedBayesHamming,0.11670138888888884,-0.026076388888888895,0.012204613725331364,-0.030381944444444437,-0.021701388888888888,0.20277777777777778,0.5984595644680469,0.11964638871085351,0.00294499982196466,0.38205375672274833,0.5611111111111112,0.42944444444444435,0.009444444444444424,0.08333333333333329,0.0,9.509310403174174,0.007768546666647986,30
balanced,DataAgnosticRandomTree,oracle_q,PosteriorMAPConnected,0.16930555555555551,0.024375000000000004,0.014263214784087468,0.019375000000000017,0.02937500000000001,0.06277777777777775,0.39806613929271417,0.1280943773325246,-0.041211178223030866,0.4293118822888246,0.4472222222222222,0.5444444444444444,0.00833333333333331,0.2661111111111111,0.8622222222222223,9.737703751577264,0.03699376333335442,30
balanced,DataAgnosticRandomTree,oracle_q,PosteriorMedianUnconstrained,0.16159722222222223,0.02524305555555556,0.014001325895638867,0.020243055555555577,0.03024305555555556,0.018888888888888858,0.29915240201088367,0.11360394264387995,-0.047993279578342166,0.5015592904001848,0.4472222222222222,0.5444444444444444,0.00833333333333331,0.0,0.8622222222222223,9.737703751577264,0.002881146666595617,30
balanced,DataAgnosticRandomTree,oracle_q,ConnectedBayesHamming,0.16725694444444442,0.02371527777777777,0.014816696417767046,0.018506944444444427,0.028993055555555532,0.08277777777777774,0.36856568756367,0.12254352801511091,-0.04471341642933345,0.45077332422851585,0.4472222222222222,0.5444444444444444,0.00833333333333331,0.03111111111111108,0.8622222222222223,9.737703751577264,0.008146123333381135,30
balanced,DataAgnosticRandomTree,estimated_q,PosteriorMAPConnected,0.1694097222222222,0.024166666666666673,0.013281936679340973,0.019513020833333332,0.028750000000000015,0.0644444444444444,0.37088151531842695,0.12494936563703565,-0.04446035658518648,0.5508029224249256,0.26555555555555554,0.7333333333333332,0.00111111111111111,0.29111111111111115,0.8622222222222223,9.722652431914936,0.03686392666669837,30
balanced,DataAgnosticRandomTree,estimated_q,PosteriorMedianUnconstrained,0.15704861111111104,0.021458333333333336,0.012381502510040136,0.017152777777777777,0.025833333333333337,0.018333333333333302,0.1496637538092989,0.09868516623082488,-0.05836344488028614,0.5366607885525461,0.26555555555555554,0.7333333333333332,0.00111111111111111,0.0,0.8622222222222223,9.722652431914936,0.0028173333333900495,30
balanced,DataAgnosticRandomTree,estimated_q,ConnectedBayesHamming,0.1643402777777778,0.021562500000000002,0.013348674498677653,0.01694444444444446,0.026388888888888882,0.0922222222222222,0.28986540814827055,0.1131274978923984,-0.0512127798853793,0.5343061392431304,0.26555555555555554,0.7333333333333332,0.00111111111111111,0.029999999999999968,0.8622222222222223,9.722652431914936,0.008601616666752873,30
balanced,BinaryMWST,oracle_q,PosteriorMAPConnected,0.14493055555555548,0.0,0.0,0.0,0.0,0.12722222222222218,0.5015909317686784,0.13231287628541533,-0.01261767927014016,0.377210981776689,0.5072222222222222,0.48777777777777775,0.0049999999999999906,0.31444444444444447,0.5155555555555555,9.627207382294696,0.034350399999948385,30
balanced,BinaryMWST,oracle_q,PosteriorMedianUnconstrained,0.13635416666666664,0.0,0.0,0.0,0.0,0.05333333333333332,0.4676892922675217,0.11896404213418846,-0.01739012453247814,0.45995190317417756,0.5072222222222222,0.48777777777777775,0.0049999999999999906,0.0,0.5155555555555555,9.627207382294696,0.0027578066666137033,30
balanced,BinaryMWST,oracle_q,ConnectedBayesHamming,0.14354166666666665,0.0,0.0,0.0,0.0,0.1261111111111111,0.49886579915566187,0.1271466628493732,-0.016395003817293377,0.41927479357358416,0.5072222222222222,0.48777777777777775,0.0049999999999999906,0.09111111111111107,0.5155555555555555,9.627207382294696,0.00832293333332922,30
balanced,BinaryMWST,estimated_q,PosteriorMAPConnected,0.1452430555555555,0.0,0.0,0.0,0.0,0.12611111111111106,0.497846095418515,0.1305667183934908,-0.014676337162064696,0.3984592274880891,0.4705555555555555,0.5266666666666667,0.0027777777777777696,0.31277777777777777,0.5155555555555555,9.616403868322715,0.03420425000002367,30
balanced,BinaryMWST,estimated_q,PosteriorMedianUnconstrained,0.13559027777777774,0.0,0.0,0.0,0.0,0.044999999999999964,0.4430381473881525,0.11607818500761087,-0.019512092770166835,0.46192637373939505,0.4705555555555555,0.5266666666666667,0.0027777777777777696,0.0,0.5155555555555555,9.616403868322715,0.0031104966667498475,30
balanced,BinaryMWST,estimated_q,ConnectedBayesHamming,0.14277777777777778,0.0,0.0,0.0,0.0,0.12333333333333331,0.48396797258667307,0.1251403070885876,-0.017637470689190117,0.41789924583556176,0.4705555555555555,0.5266666666666667,0.0027777777777777696,0.09222222222222218,0.5155555555555555,9.616403868322715,0.008153466666650833,30
balanced,NoiseCorrectedMWST,oracle_q,PosteriorMAPConnected,0.14666666666666664,0.0017361111111111143,0.00819448503139503,-0.001284722222222213,0.0044791666666666695,0.1261111111111111,0.5037529461421049,0.12703143042844972,-0.01963523623821684,0.4136827809084161,0.5377777777777778,0.45833333333333337,0.003888888888888874,0.22555555555555548,0.46888888888888886,9.614729133957018,0.035809213333322945,30
balanced,NoiseCorrectedMWST,oracle_q,PosteriorMedianUnconstrained,0.13493055555555553,-0.0014236111111111084,0.008208855396004737,-0.004410590277777788,0.001319444444444442,0.060555555555555536,0.465905684976275,0.11477553793147632,-0.020155017624079136,0.4573506627781644,0.5377777777777778,0.45833333333333337,0.003888888888888874,0.0,0.46888888888888886,9.614729133957018,0.002485193333389613,30
balanced,NoiseCorrectedMWST,oracle_q,ConnectedBayesHamming,0.14059027777777774,-0.002951388888888895,0.009069014096506353,-0.006145833333333339,0.00027777777777777317,0.13666666666666663,0.5012842606259288,0.12209989167718212,-0.018490386100595554,0.40600170122722645,0.5377777777777778,0.45833333333333337,0.003888888888888874,0.03722222222222218,0.46888888888888886,9.614729133957018,0.00799799666666932,30
balanced,NoiseCorrectedMWST,estimated_q,PosteriorMAPConnected,0.14618055555555554,0.0009375000000000073,0.00800049200773929,-0.0019444444444444296,0.0036111111111111122,0.1261111111111111,0.5054276915489855,0.12647137329820177,-0.019709182257353693,0.4120099715009221,0.5249999999999999,0.47,0.004999999999999987,0.22611111111111104,0.46888888888888886,9.613345234157618,0.03542633666670549,30
balanced,NoiseCorrectedMWST,estimated_q,PosteriorMedianUnconstrained,0.1350347222222222,-0.0005555555555555536,0.008205436163355773,-0.0036458333333333204,0.0021180555555555623,0.05722222222222219,0.4592401326144187,0.11409250295719196,-0.020942219265030173,0.4591376813560464,0.5249999999999999,0.47,0.004999999999999987,0.0,0.46888888888888886,9.613345234157618,0.0031067166666919432,30
balanced,NoiseCorrectedMWST,estimated_q,ConnectedBayesHamming,0.14097222222222217,-0.0018055555555555615,0.009468061945230541,-0.005104166666666675,0.0015624999999999949,0.13277777777777774,0.4966446880079497,0.12158945940492293,-0.019382762817299237,0.4040427269361144,0.5249999999999999,0.47,0.004999999999999987,0.036666666666666625,0.46888888888888886,9.613345234157618,0.008949936666673798,30
balanced,BootstrapStabilityMWST,oracle_q,PosteriorMAPConnected,0.14812499999999998,0.003194444444444448,0.011047471003858693,-0.0007647569444444483,0.0070138888888889046,0.12944444444444442,0.4971658416761958,0.1270485294244845,-0.02107647057551546,0.39859028768037,0.5255555555555556,0.46944444444444444,0.004999999999999987,0.22388888888888886,0.48444444444444457,9.61651517830336,0.03604962333333783,30
balanced,BootstrapStabilityMWST,oracle_q,PosteriorMedianUnconstrained,0.13802083333333334,0.0016666666666666754,0.009423168084211118,-0.0016666666666666516,0.004930555555555555,0.05555555555555554,0.4513046243376847,0.1147219919269225,-0.023298841406410746,0.46768903124995465,0.5255555555555556,0.46944444444444444,0.004999999999999987,0.0,0.48444444444444457,9.61651517830336,0.0028147133333883303,30
balanced,BootstrapStabilityMWST,oracle_q,ConnectedBayesHamming,0.14357638888888888,3.472222222221192e-05,0.010138097480003267,-0.0035763888888888993,0.003542534722222204,0.12666666666666665,0.4903679825559794,0.12216460975083789,-0.02141177913805093,0.41411052087849515,0.5255555555555556,0.46944444444444444,0.004999999999999987,0.03555555555555553,0.48444444444444457,9.61651517830336,0.008522853333367135,30
balanced,BootstrapStabilityMWST,estimated_q,PosteriorMAPConnected,0.14826388888888883,0.003020833333333338,0.011126497219411113,-0.0010416666666666636,0.00673611111111112,0.12888888888888886,0.49790249782298807,0.12654507628740272,-0.02171881260148608,0.40423144090522756,0.5183333333333334,0.4766666666666666,0.004999999999999987,0.22222222222222224,0.48444444444444457,9.615748432929877,0.03751929000004562,30
balanced,BootstrapStabilityMWST,estimated_q,PosteriorMedianUnconstrained,0.13788194444444443,0.0022916666666666697,0.008870104823424813,-0.0009027777777777787,0.005416666666666667,0.05499999999999998,0.4458658223832902,0.1141011757167819,-0.02378076872766243,0.46935222910723456,0.5183333333333334,0.4766666666666666,0.004999999999999987,0.0,0.48444444444444457,9.615748432929877,0.00325371666658607,30
balanced,BootstrapStabilityMWST,estimated_q,ConnectedBayesHamming,0.1436458333333333,0.0008680555555555547,0.010563205378594622,-0.00281336805555557,0.004548611111111107,0.12555555555555553,0.48605196702846437,0.12168935725266132,-0.021956476080671933,0.4176457805213469,0.5183333333333334,0.4766666666666666,0.004999999999999987,0.03611111111111109,0.48444444444444457,9.615748432929877,0.00886597999994284,30
balanced,OracleQMarginalTree,oracle_q,PosteriorMAPConnected,0.14468749999999997,-0.00024305555555555146,0.01036150384323428,-0.003888888888888892,0.0033680555555555486,0.13999999999999999,0.5101759466364724,0.12586685828010688,-0.01882064171989306,0.41020916950862785,0.5405555555555555,0.4466666666666666,0.01277777777777774,0.19499999999999998,0.44444444444444453,9.604804578485927,0.03849546666660895,30
balanced,OracleQMarginalTree,oracle_q,PosteriorMedianUnconstrained,0.13493055555555553,-0.0014236111111111018,0.010078874069378269,-0.005173611111111091,0.0019097222222222289,0.07388888888888885,0.4620412946798488,0.11414453460945718,-0.020786020946098303,0.4963411925975969,0.5405555555555555,0.4466666666666666,0.01277777777777774,0.0,0.44444444444444453,9.604804578485927,0.00281712333323104,30
balanced,OracleQMarginalTree,oracle_q,ConnectedBayesHamming,0.14159722222222218,-0.0019444444444444565,0.010260077826153312,-0.005520833333333349,0.0014930555555555457,0.14499999999999996,0.49309779876262905,0.12123973805392094,-0.0203574841683012,0.44728318079016305,0.5405555555555555,0.4466666666666666,0.01277777777777774,0.025555555555555533,0.44444444444444453,9.604804578485927,0.008598723333170669,30
balanced,OracleQMarginalTree,estimated_q,PosteriorMAPConnected,0.14440972222222218,-0.000833333333333323,0.010041371555734117,-0.004374999999999974,0.0026736111111111144,0.13944444444444443,0.5141522512949172,0.12633194885864824,-0.01807777336357387,0.4046852758781326,0.5544444444444443,0.4333333333333333,0.01222222222222219,0.19222222222222224,0.44444444444444453,9.609247354521795,0.03616080666676372,30
balanced,OracleQMarginalTree,estimated_q,PosteriorMedianUnconstrained,0.13420138888888883,-0.0013888888888888896,0.01112307784706311,-0.005591145833333342,0.0022916666666666597,0.07888888888888884,0.4718694879174007,0.11511452330133115,-0.01908686558755764,0.49187785855703037,0.5544444444444443,0.4333333333333333,0.01222222222222219,0.0,0.44444444444444453,9.609247354521795,0.0032356533334374138,30
balanced,OracleQMarginalTree,estimated_q,ConnectedBayesHamming,0.1414583333333333,-0.0013194444444444519,0.010459442820970893,-0.005034722222222229,0.0022230902777777644,0.14833333333333332,0.49859870740795975,0.1219190790351893,-0.019539254298143953,0.44478054339212464,0.5544444444444443,0.4333333333333333,0.01222222222222219,0.024999999999999974,0.44444444444444453,9.609247354521795,0.008780430000069778,30
balanced,EstimatedQMarginalTree,oracle_q,PosteriorMAPConnected,0.1449305555555555,1.2490009027033011e-17,0.011364888036255709,-0.0038888888888888805,0.004063368055555568,0.13499999999999998,0.5123004397358141,0.12628523341537934,-0.018645322140176113,0.40086428458956763,0.5399999999999999,0.4522222222222222,0.007777777777777755,0.2111111111111111,0.44444444444444453,9.598770905477847,0.03615489666666079,30
balanced,EstimatedQMarginalTree,oracle_q,PosteriorMedianUnconstrained,0.13291666666666666,-0.0034374999999999913,0.00976078064710995,-0.006979166666666662,-0.0001388888888888768,0.07055555555555551,0.4782684388718004,0.1144190603020487,-0.018497606364617912,0.4623526795519093,0.5399999999999999,0.4522222222222222,0.007777777777777755,0.0,0.44444444444444453,9.598770905477847,0.0032160533332898458,30
balanced,EstimatedQMarginalTree,oracle_q,ConnectedBayesHamming,0.1394444444444444,-0.004097222222222232,0.011489095765977217,-0.008091145833333351,-1.1992721630586831e-17,0.14888888888888888,0.5082543065750392,0.12173609810013754,-0.017708346344306826,0.416876509728388,0.5399999999999999,0.4522222222222222,0.007777777777777755,0.02888888888888886,0.44444444444444453,9.598770905477847,0.008735699999927665,30
balanced,EstimatedQMarginalTree,estimated_q,PosteriorMAPConnected,0.14440972222222218,-0.0008333333333333169,0.012256366122811372,-0.005069444444444424,0.0035069444444444544,0.13444444444444445,0.5165004898049057,0.1263482213492308,-0.01806150087299133,0.3937324758116192,0.538888888888889,0.4511111111111111,0.009999999999999972,0.2122222222222222,0.44444444444444453,9.600491214305794,0.039039653333384154,30
balanced,EstimatedQMarginalTree,estimated_q,PosteriorMedianUnconstrained,0.13243055555555552,-0.0031597222222222174,0.010382426964401751,-0.007048611111111095,0.0002777777777777842,0.06999999999999997,0.4822473657182673,0.11475555979772262,-0.017674995757832834,0.453554545072063,0.538888888888889,0.4511111111111111,0.009999999999999972,0.0,0.44444444444444453,9.600491214305794,0.0030470100000608135,30
balanced,EstimatedQMarginalTree,estimated_q,ConnectedBayesHamming,0.13961805555555554,-0.0031597222222222235,0.012143144101713035,-0.0073611111111111,0.0011119791666666546,0.14666666666666664,0.509720796612337,0.12194368256998933,-0.017674372985566154,0.4075102374298402,0.538888888888889,0.4511111111111111,0.009999999999999972,0.028333333333333308,0.44444444444444453,9.600491214305794,0.008648613333419484,30
path,GeneratingTreeOracle,oracle_q,PosteriorMAPConnected,0.11232638888888885,-0.03354166666666667,0.015831726324981702,-0.03916666666666667,-0.027951388888888904,0.26444444444444437,0.6049651145116502,0.1144509842810947,0.0021245953922058533,0.2978082489716707,0.5683333333333335,0.4211111111111111,0.010555555555555525,0.21722222222222218,0.0,9.405632368948353,0.044813680000038374,30
path,GeneratingTreeOracle,oracle_q,PosteriorMedianUnconstrained,0.10215277777777775,-0.033402777777777774,0.014531757456567353,-0.03854253472222223,-0.02843749999999999,0.16666666666666666,0.57726683966343,0.10399982701524896,0.0018470492374712533,0.27700725345081323,0.5683333333333335,0.4211111111111111,0.010555555555555525,0.0,0.0,9.405632368948353,0.0029710433333017235,30
path,GeneratingTreeOracle,oracle_q,ConnectedBayesHamming,0.10809027777777773,-0.03475694444444446,0.012587942956272495,-0.03944444444444444,-0.030590277777777786,0.23833333333333329,0.5970187151822868,0.1110151198447882,0.0029248420670104497,0.2718304566672642,0.5683333333333335,0.4211111111111111,0.010555555555555525,0.00944444444444442,0.0,9.405632368948353,0.008340256666701813,30
path,GeneratingTreeOracle,estimated_q,PosteriorMAPConnected,0.11218749999999997,-0.03354166666666667,0.014696808108646422,-0.038715277777777786,-0.028402777777777787,0.26499999999999996,0.606005301005674,0.11480923801341625,0.0026217380134162986,0.28888551214191965,0.5505555555555557,0.441111111111111,0.008333333333333316,0.21666666666666667,0.0,9.407623943623502,0.04759778666672594,30
path,GeneratingTreeOracle,estimated_q,PosteriorMedianUnconstrained,0.10163194444444443,-0.032499999999999994,0.014866402985909645,-0.037951388888888875,-0.02739583333333333,0.16222222222222224,0.572973482030481,0.10378998230095701,0.002158037856512597,0.2746460426830741,0.5505555555555557,0.441111111111111,0.008333333333333316,0.0,0.0,9.407623943623502,0.003153593333399783,30
path,GeneratingTreeOracle,estimated_q,ConnectedBayesHamming,0.10836805555555554,-0.03291666666666666,0.014078388746354694,-0.03809027777777776,-0.028090277777777777,0.23222222222222216,0.5919559594954026,0.11106552432068571,0.002697468765130187,0.27193380070900375,0.5505555555555557,0.441111111111111,0.008333333333333316,0.00944444444444442,0.0,9.407623943623502,0.00818355000006548,30
path,DataAgnosticRandomTree,oracle_q,PosteriorMAPConnected,0.16270833333333332,0.016840277777777777,0.014452106974174248,0.011631944444444441,0.02184027777777777,0.07388888888888885,0.38185728709871364,0.12513749185231424,-0.03757084148101901,0.3511514111623173,0.4505555555555556,0.5449999999999999,0.004444444444444433,0.25499999999999995,0.8488888888888889,9.641729260943645,0.03426895000004601,30
path,DataAgnosticRandomTree,oracle_q,PosteriorMedianUnconstrained,0.15486111111111106,0.019305555555555572,0.013977388063416987,0.014340277777777773,0.02413194444444445,0.024444444444444404,0.27052728785916014,0.11121211242379142,-0.043648998687319626,0.4489463730116267,0.4505555555555556,0.5449999999999999,0.004444444444444433,0.0,0.8488888888888889,9.641729260943645,0.0024854633333840103,30
path,DataAgnosticRandomTree,oracle_q,ConnectedBayesHamming,0.1614236111111111,0.018576388888888892,0.013614919393540047,0.013749131944444437,0.0232638888888889,0.08555555555555551,0.3453287216716413,0.120180339374815,-0.04124327173629604,0.390066491869682,0.4505555555555556,0.5449999999999999,0.004444444444444433,0.03555555555555553,0.8488888888888889,9.641729260943645,0.007473410000034121,30
path,DataAgnosticRandomTree,estimated_q,PosteriorMAPConnected,0.16177083333333328,0.016041666666666666,0.013528120988195839,0.011354166666666655,0.020763888888888898,0.0744444444444444,0.3483469185266936,0.12235501060446999,-0.039415822728863244,0.44332930274493815,0.20222222222222222,0.7977777777777778,0.0,0.29777777777777775,0.8488888888888889,9.600831816718248,0.03669780666678733,30
path,DataAgnosticRandomTree,estimated_q,PosteriorMedianUnconstrained,0.14347222222222217,0.009340277777777769,0.011533139217382882,0.005276909722222198,0.013298611111111105,0.016111111111111083,0.10847614426474594,0.09388289863749259,-0.049589323584729554,0.4100295702815783,0.20222222222222222,0.7977777777777778,0.0,0.0,0.8488888888888889,9.600831816718248,0.002858476666642627,30
path,DataAgnosticRandomTree,estimated_q,ConnectedBayesHamming,0.15354166666666666,0.01225694444444445,0.013436771379753024,0.00753472222222223,0.017048611111111125,0.09333333333333328,0.2737076926294355,0.10968584359368182,-0.04385582307298475,0.42464767917003143,0.20222222222222222,0.7977777777777778,0.0,0.03555555555555553,0.8488888888888889,9.600831816718248,0.00772142333337337,30
path,BinaryMWST,oracle_q,PosteriorMAPConnected,0.14586805555555554,0.0,0.0,0.0,0.0,0.11388888888888885,0.45440186187799764,0.12777668479179172,-0.01809137076376377,0.3400939758014831,0.48666666666666664,0.5094444444444445,0.003888888888888873,0.30722222222222223,0.548888888888889,9.575617678864424,0.034450246666619895,30
path,BinaryMWST,oracle_q,PosteriorMedianUnconstrained,0.1355555555555555,0.0,0.0,0.0,0.0,0.04888888888888886,0.3971649818616333,0.11410990607918269,-0.021445649476372782,0.42565554414952195,0.48666666666666664,0.5094444444444445,0.003888888888888873,0.0,0.548888888888889,9.575617678864424,0.002740276666721253,30
path,BinaryMWST,oracle_q,ConnectedBayesHamming,0.14284722222222218,0.0,0.0,0.0,0.0,0.1011111111111111,0.44419203208988445,0.12257196783984457,-0.02027525438237757,0.3779591906334923,0.48666666666666664,0.5094444444444445,0.003888888888888873,0.09277777777777775,0.548888888888889,9.575617678864424,0.008617143333291662,30
path,BinaryMWST,estimated_q,PosteriorMAPConnected,0.14572916666666663,0.0,0.0,0.0,0.0,0.11222222222222218,0.4528059661164521,0.12516313748787267,-0.020566029178793924,0.3537880774830279,0.4188888888888888,0.5794444444444444,0.00166666666666666,0.30444444444444446,0.548888888888889,9.54959647811099,0.03513003666666156,30
path,BinaryMWST,estimated_q,PosteriorMedianUnconstrained,0.1341319444444444,0.0,0.0,0.0,0.0,0.042222222222222196,0.3575052733571887,0.10932940547664075,-0.024802538967803604,0.43645472116509176,0.4188888888888888,0.5794444444444444,0.00166666666666666,0.0,0.548888888888889,9.54959647811099,0.0027246500000349234,30
path,BinaryMWST,estimated_q,ConnectedBayesHamming,0.14128472222222216,0.0,0.0,0.0,0.0,0.09833333333333331,0.42525493673313064,0.11931540737403681,-0.021969314848185324,0.3908323901302969,0.4188888888888888,0.5794444444444444,0.00166666666666666,0.09388888888888886,0.548888888888889,9.54959647811099,0.007872979999979133,30
path,NoiseCorrectedMWST,oracle_q,PosteriorMAPConnected,0.14131944444444441,-0.004548611111111109,0.0123992688580899,-0.00895833333333333,-0.00034722222222221497,0.12499999999999997,0.48149589775747537,0.1235619761848363,-0.017757468259608063,0.2959469214446528,0.49111111111111116,0.5038888888888888,0.004999999999999987,0.2338888888888889,0.4755555555555556,9.542707229424309,0.03718763000002426,30
path,NoiseCorrectedMWST,oracle_q,PosteriorMedianUnconstrained,0.13173611111111108,-0.0038194444444444387,0.0090286987446537,-0.0069444444444444475,-0.0006935763888888884,0.05277777777777774,0.4160149800959869,0.11103922423856363,-0.02069688687254736,0.38915618130788376,0.49111111111111116,0.5038888888888888,0.004999999999999987,0.0,0.4755555555555556,9.542707229424309,0.0026812266667017104,30
path,NoiseCorrectedMWST,oracle_q,ConnectedBayesHamming,0.1378819444444444,-0.0049652777777777785,0.010927432193588127,-0.008958333333333339,-0.0012499999999999966,0.11055555555555555,0.46371423632748965,0.11897598285135162,-0.018905961593092706,0.3291674352657948,0.49111111111111116,0.5038888888888888,0.004999999999999987,0.03722222222222219,0.4755555555555556,9.542707229424309,0.007466326666728144,30
path,NoiseCorrectedMWST,estimated_q,PosteriorMAPConnected,0.14090277777777774,-0.0048263888888888905,0.011130307740539169,-0.008784722222222232,-0.0009722222222222243,0.12666666666666665,0.4822231574806624,0.12265689079617534,-0.01824588698160234,0.3069533389217713,0.45944444444444443,0.5355555555555556,0.004999999999999983,0.2344444444444444,0.4755555555555556,9.530760067026055,0.03781977333339905,30
path,NoiseCorrectedMWST,estimated_q,PosteriorMedianUnconstrained,0.13045138888888885,-0.003680555555555554,0.008653742112767078,-0.006840277777777768,-0.0006944444444444357,0.05222222222222219,0.39770594529854947,0.10872025382481361,-0.02173113506407519,0.3888684412692515,0.45944444444444443,0.5355555555555556,0.004999999999999983,0.0,0.4755555555555556,9.530760067026055,0.002866203333367857,30
path,NoiseCorrectedMWST,estimated_q,ConnectedBayesHamming,0.13611111111111107,-0.0051736111111110985,0.011193996852474339,-0.009236111111111089,-0.0013541666666666502,0.11388888888888886,0.4567627382706479,0.11751437172148621,-0.01859673938962482,0.3241875730897796,0.45944444444444443,0.5355555555555556,0.004999999999999983,0.03722222222222219,0.4755555555555556,9.530760067026055,0.008201110000019622,30
path,BootstrapStabilityMWST,oracle_q,PosteriorMAPConnected,0.1409375,-0.004930555555555561,0.012239666126319798,-0.009409722222222224,-0.0006249999999999968,0.12444444444444443,0.4820832096946114,0.12256310006340972,-0.018374399936590225,0.3212871571986073,0.4933333333333333,0.5,0.00666666666666665,0.23777777777777775,0.4644444444444445,9.54385967781445,0.03879129333331544,30
path,BootstrapStabilityMWST,oracle_q,PosteriorMedianUnconstrained,0.1315972222222222,-0.0039583333333333285,0.009959057709430648,-0.007430555555555561,-0.00041666666666667255,0.05833333333333331,0.4149706342442644,0.1099651181035465,-0.021632104118675628,0.3940689261460876,0.4933333333333333,0.5,0.00666666666666665,0.0,0.4644444444444445,9.54385967781445,0.002720019999977266,30
path,BootstrapStabilityMWST,oracle_q,ConnectedBayesHamming,0.1369444444444444,-0.005902777777777776,0.01112644117259896,-0.009791666666666662,-0.002222222222222217,0.1222222222222222,0.46578428476716893,0.11782603994539172,-0.019118404499052624,0.34343718538974394,0.4933333333333333,0.5,0.00666666666666665,0.0261111111111111,0.4644444444444445,9.54385967781445,0.007827316666718266,30
path,BootstrapStabilityMWST,estimated_q,PosteriorMAPConnected,0.1406597222222222,-0.0050694444444444485,0.010865796482799565,-0.00895833333333333,-0.0013541666666666654,0.12555555555555553,0.48298572683466945,0.12167945082048973,-0.018980271401732415,0.33546568023148676,0.4611111111111111,0.5355555555555556,0.003333333333333323,0.2372222222222222,0.4644444444444445,9.531736847721751,0.03936505999996974,30
path,BootstrapStabilityMWST,estimated_q,PosteriorMedianUnconstrained,0.1297569444444444,-0.0043749999999999995,0.009410453397247264,-0.007673611111111128,-0.001144965277777775,0.05499999999999998,0.4011679329613736,0.10771313139927072,-0.022043813045173662,0.39600455247528005,0.4611111111111111,0.5355555555555556,0.003333333333333323,0.0,0.4644444444444445,9.531736847721751,0.0028999633333417333,30
path,BootstrapStabilityMWST,estimated_q,ConnectedBayesHamming,0.13545138888888886,-0.005833333333333326,0.011562677978334063,-0.010069444444444435,-0.0019444444444444342,0.12111111111111109,0.4594803075311068,0.11645502257940926,-0.018996366309479533,0.35188289302861897,0.4611111111111111,0.5355555555555556,0.003333333333333323,0.026666666666666655,0.4644444444444445,9.531736847721751,0.007944243333334523,30
path,OracleQMarginalTree,oracle_q,PosteriorMAPConnected,0.13753472222222218,-0.008333333333333337,0.012141654734569188,-0.012604166666666668,-0.004166666666666677,0.14166666666666664,0.5015348223458571,0.12081593498096195,-0.016718787241260188,0.31994191894631846,0.5144444444444445,0.4788888888888889,0.006666666666666644,0.1955555555555556,0.4644444444444445,9.511182906008877,0.04018145666668712,30
path,OracleQMarginalTree,oracle_q,PosteriorMedianUnconstrained,0.12607638888888886,-0.00947916666666666,0.008162536707890683,-0.012361111111111116,-0.006701388888888872,0.07055555555555551,0.4476928822101743,0.10891314529069075,-0.01716324359819805,0.3592209236340012,0.5144444444444445,0.4788888888888889,0.006666666666666644,0.0,0.4644444444444445,9.511182906008877,0.0029660699999870203,30
path,OracleQMarginalTree,oracle_q,ConnectedBayesHamming,0.1322569444444444,-0.010590277777777777,0.008685463172108247,-0.01361197916666668,-0.007499999999999994,0.13277777777777774,0.48849098636193583,0.11658710671643883,-0.015669837728005495,0.3037192458189205,0.5144444444444445,0.4788888888888889,0.006666666666666644,0.018333333333333313,0.4644444444444445,9.511182906008877,0.008610143333316906,30
path,OracleQMarginalTree,estimated_q,PosteriorMAPConnected,0.13763888888888884,-0.008090277777777785,0.01188527778326248,-0.012291666666666668,-0.003888888888888899,0.1422222222222222,0.5017055441607093,0.1206596826250736,-0.016979206263815192,0.325246516532896,0.5016666666666666,0.49166666666666664,0.006666666666666646,0.19666666666666668,0.4644444444444445,9.509032082267288,0.03909148999997943,30
path,OracleQMarginalTree,estimated_q,PosteriorMedianUnconstrained,0.12559027777777773,-0.008541666666666664,0.008691133401831372,-0.01163194444444444,-0.0055208333333333385,0.06999999999999997,0.4454467681309225,0.10854627191479724,-0.01704400586298045,0.34903710378245695,0.5016666666666666,0.49166666666666664,0.006666666666666646,0.0,0.4644444444444445,9.509032082267288,0.0030012399999880266,30
path,OracleQMarginalTree,estimated_q,ConnectedBayesHamming,0.13184027777777776,-0.009444444444444438,0.009150543116989698,-0.012638888888888873,-0.0062152777777777736,0.13388888888888886,0.48847068612110406,0.11634319505157495,-0.015497082726202748,0.2965804916612039,0.5016666666666666,0.49166666666666664,0.006666666666666646,0.018333333333333313,0.4644444444444445,9.509032082267288,0.008135793333318918,30
path,EstimatedQMarginalTree,oracle_q,PosteriorMAPConnected,0.13999999999999999,-0.005868055555555562,0.011620403364146461,-0.010173611111111125,-0.001944444444444444,0.13444444444444445,0.4907274115580093,0.1222045342106393,-0.017795465789360605,0.3248904523377016,0.5122222222222222,0.48111111111111104,0.006666666666666646,0.22166666666666668,0.46,9.524024170248486,0.03845217333328033,30
path,EstimatedQMarginalTree,oracle_q,PosteriorMedianUnconstrained,0.12961805555555553,-0.005937500000000001,0.008008905708132815,-0.008854166666666656,-0.0031597222222222205,0.061111111111111095,0.4356247471271653,0.11030605466207034,-0.019312000893485115,0.3742411824705734,0.5122222222222222,0.48111111111111104,0.006666666666666646,0.0,0.46,9.524024170248486,0.00302014999998993,30
path,EstimatedQMarginalTree,oracle_q,ConnectedBayesHamming,0.1352083333333333,-0.007638888888888891,0.01062765254996893,-0.011458333333333343,-0.003993055555555555,0.1183333333333333,0.4788002048054818,0.11783620525549088,-0.017372128077842327,0.31131356745943556,0.5122222222222222,0.48111111111111104,0.006666666666666646,0.027777777777777755,0.46,9.524024170248486,0.008346266666649112,30
path,EstimatedQMarginalTree,estimated_q,PosteriorMAPConnected,0.13979166666666665,-0.005937500000000008,0.010983670339570137,-0.010000000000000012,-0.0022569444444444442,0.13499999999999998,0.4902194520660236,0.12176448771000555,-0.018027178956661047,0.3330571727268178,0.49,0.5022222222222222,0.007777777777777751,0.22444444444444442,0.46,9.516292197615766,0.03944878666661676,30
path,EstimatedQMarginalTree,estimated_q,PosteriorMedianUnconstrained,0.12777777777777774,-0.0063541666666666625,0.008686611871965745,-0.009513888888888876,-0.00333333333333334,0.06055555555555552,0.4256413206514873,0.10887056332619349,-0.018907214451584168,0.36382789252080866,0.49,0.5022222222222222,0.007777777777777751,0.0,0.46,9.516292197615766,0.0031632133332701604,30
path,EstimatedQMarginalTree,estimated_q,ConnectedBayesHamming,0.1339583333333333,-0.00732638888888888,0.011267292389644539,-0.011388888888888877,-0.0035069444444444293,0.11833333333333328,0.4727008296987095,0.11694845157725006,-0.017009881756083194,0.3103224196780096,0.49,0.5022222222222222,0.007777777777777751,0.028333333333333308,0.46,9.516292197615766,0.008553643333296604,30
random,GeneratingTreeOracle,oracle_q,PosteriorMAPConnected,0.12486111111111106,-0.02715277777777779,0.012466830192342388,-0.03180555555555557,-0.023055555555555562,0.22888888888888884,0.588690985718479,0.12206782444795741,-0.0027932866631536833,0.37605844811033234,0.5655555555555556,0.42944444444444435,0.004999999999999987,0.18166666666666667,0.0,9.46951405790726,0.029522903333349806,30
random,GeneratingTreeOracle,oracle_q,PosteriorMedianUnconstrained,0.11496527777777772,-0.026770833333333344,0.011715536756148835,-0.03104166666666666,-0.022847222222222227,0.12333333333333331,0.5601475994749165,0.11134532683054797,-0.0036199509472297337,0.3891610994410458,0.5655555555555556,0.42944444444444435,0.004999999999999987,0.0,0.0,9.46951405790726,0.0020597833333643165,30
random,GeneratingTreeOracle,oracle_q,ConnectedBayesHamming,0.12121527777777774,-0.027326388888888893,0.011630702384078045,-0.03156250000000001,-0.023368055555555562,0.1933333333333333,0.579504003496778,0.11807153955360732,-0.0031437382241704045,0.35239044993533425,0.5655555555555556,0.42944444444444435,0.004999999999999987,0.02333333333333331,0.0,9.46951405790726,0.006692253333312643,30
random,GeneratingTreeOracle,estimated_q,PosteriorMAPConnected,0.1252430555555555,-0.026631944444444448,0.011720432776156715,-0.031041666666666665,-0.022881944444444437,0.22833333333333333,0.5878452470925818,0.12230029627125429,-0.0029427592843012233,0.3858762134554751,0.5611111111111112,0.4333333333333333,0.005555555555555539,0.18166666666666667,0.0,9.472914340464188,0.029505013333376396,30
random,GeneratingTreeOracle,estimated_q,PosteriorMedianUnconstrained,0.11493055555555555,-0.02684027777777777,0.012366635700950587,-0.03142361111111111,-0.022673611111111103,0.11944444444444444,0.5557495132053327,0.11135703165478658,-0.003573523900768917,0.40114835288775763,0.5611111111111112,0.4333333333333333,0.005555555555555539,0.0,0.0,9.472914340464188,0.00235608666670634,30
random,GeneratingTreeOracle,estimated_q,ConnectedBayesHamming,0.12114583333333333,-0.026944444444444438,0.011707816046439537,-0.031249999999999986,-0.02291579861111111,0.1922222222222222,0.5768271950378555,0.1181552907922612,-0.002990542541072076,0.3558907675071471,0.5611111111111112,0.4333333333333333,0.005555555555555539,0.02333333333333331,0.0,9.472914340464188,0.006385576666715025,30
random,DataAgnosticRandomTree,oracle_q,PosteriorMAPConnected,0.1721180555555555,0.02010416666666667,0.014675789637517781,0.015104166666666669,0.025312500000000005,0.0672222222222222,0.3759324196441397,0.12806241357190473,-0.044055641983650744,0.4306651229615775,0.4322222222222223,0.5633333333333334,0.0044444444444444306,0.2683333333333333,0.8533333333333334,9.71899076800283,0.03137599333334335,30
random,DataAgnosticRandomTree,oracle_q,PosteriorMedianUnconstrained,0.1615972222222222,0.019861111111111107,0.01581407000191737,0.014236111111111116,0.025382812499999994,0.020555555555555532,0.2784154549582593,0.11314071564249494,-0.048456506579727186,0.47281866323290594,0.4322222222222223,0.5633333333333334,0.0044444444444444306,0.0,0.8533333333333334,9.71899076800283,0.002144599999981684,30
random,DataAgnosticRandomTree,oracle_q,ConnectedBayesHamming,0.16993055555555556,0.02138888888888888,0.015699614311423665,0.01586805555555555,0.027013888888888886,0.0822222222222222,0.34556979573185226,0.12246395684465537,-0.0474665987109001,0.44387174004820523,0.4322222222222223,0.5633333333333334,0.0044444444444444306,0.033888888888888864,0.8533333333333334,9.71899076800283,0.006639303333334535,30
random,DataAgnosticRandomTree,estimated_q,PosteriorMAPConnected,0.17312500000000003,0.021250000000000012,0.015242197771708554,0.015902777777777787,0.026631944444444444,0.0694444444444444,0.3475760994841733,0.12477470647980589,-0.04835029352019404,0.5284775009141983,0.24777777777777774,0.7522222222222221,0.0,0.29888888888888887,0.8533333333333334,9.685211953596253,0.03098689666667265,30
random,DataAgnosticRandomTree,estimated_q,PosteriorMedianUnconstrained,0.15656249999999997,0.014791666666666667,0.015720255620746415,0.009409722222222224,0.02052083333333334,0.022222222222222192,0.13807253271934858,0.09819288172060335,-0.05836961827939654,0.4857871166128577,0.24777777777777774,0.7522222222222221,0.0,0.0,0.8533333333333334,9.685211953596253,0.0021943799999765063,30
random,DataAgnosticRandomTree,estimated_q,ConnectedBayesHamming,0.16642361111111106,0.01833333333333333,0.01544944480645134,0.01308940972222221,0.02385416666666667,0.09666666666666664,0.2753357914196528,0.11313604252961097,-0.05328756858150004,0.5025064708176543,0.24777777777777774,0.7522222222222221,0.0,0.034444444444444416,0.8533333333333334,9.685211953596253,0.006386793333308517,30
random,BinaryMWST,oracle_q,PosteriorMAPConnected,0.15201388888888884,0.0,0.0,0.0,0.0,0.1222222222222222,0.46626217364650846,0.1318766370560299,-0.020137251832858895,0.4186916839874183,0.4811111111111111,0.5144444444444444,0.004444444444444427,0.3494444444444444,0.5488888888888889,9.626795322842293,0.030925566666663403,30
random,BinaryMWST,oracle_q,PosteriorMedianUnconstrained,0.1417361111111111,0.0,0.0,0.0,0.0,0.04222222222222219,0.4194505997015672,0.1172007261341529,-0.024535384976958126,0.4758546636357369,0.4811111111111111,0.5144444444444444,0.004444444444444427,0.0,0.5488888888888889,9.626795322842293,0.0020044000000097604,30
random,BinaryMWST,oracle_q,ConnectedBayesHamming,0.14854166666666663,0.0,0.0,0.0,0.0,0.11333333333333331,0.4637024657607849,0.12621223860913947,-0.022329428057527124,0.4403060109656896,0.4811111111111111,0.5144444444444444,0.004444444444444427,0.11166666666666662,0.5488888888888889,9.626795322842293,0.006196133333348013,30
random,BinaryMWST,estimated_q,PosteriorMAPConnected,0.15187499999999998,0.0,0.0,0.0,0.0,0.1211111111111111,0.4631632817423269,0.13028527049674263,-0.02158972950325728,0.4322549099884407,0.45333333333333325,0.5444444444444444,0.0022222222222222135,0.34833333333333333,0.5488888888888889,9.612638942830786,0.0278321933333169,30
random,BinaryMWST,estimated_q,PosteriorMedianUnconstrained,0.1417708333333333,0.0,0.0,0.0,0.0,0.0383333333333333,0.39021125159946296,0.11460088579571114,-0.0271699475376221,0.48270782786532074,0.45333333333333325,0.5444444444444444,0.0022222222222222135,0.0,0.5488888888888889,9.612638942830786,0.0019627333333194366,30
random,BinaryMWST,estimated_q,ConnectedBayesHamming,0.14809027777777778,0.0,0.0,0.0,0.0,0.1111111111111111,0.4472236449133041,0.12445714442147171,-0.023633133356305975,0.45212065001267365,0.45333333333333325,0.5444444444444444,0.0022222222222222135,0.1133333333333333,0.5488888888888889,9.612638942830786,0.006216326666662963,30
random,NoiseCorrectedMWST,oracle_q,PosteriorMAPConnected,0.14590277777777771,-0.006111111111111113,0.008900984795631107,-0.009340277777777775,-0.003090277777777779,0.1383333333333333,0.495468292986476,0.1267382288004767,-0.019164548977300987,0.38255514239244165,0.4972222222222223,0.4988888888888889,0.003888888888888877,0.2322222222222222,0.47555555555555556,9.610269715759276,0.031055369999989986,30
random,NoiseCorrectedMWST,oracle_q,PosteriorMedianUnconstrained,0.13673611111111109,-0.004999999999999987,0.010167273158845995,-0.008715277777777761,-0.0016666666666666423,0.054444444444444406,0.4350735374628562,0.11385018693072471,-0.02288592418038635,0.4282290897780832,0.4972222222222223,0.4988888888888889,0.003888888888888877,0.0,0.47555555555555556,9.610269715759276,0.002242489999972906,30
random,NoiseCorrectedMWST,oracle_q,ConnectedBayesHamming,0.1417708333333333,-0.006770833333333331,0.00822373147294345,-0.009722222222222231,-0.0039583333333333285,0.13055555555555554,0.4823976659766411,0.1217079391589637,-0.020062894174369555,0.3924133866070818,0.4972222222222223,0.4988888888888889,0.003888888888888877,0.03666666666666663,0.47555555555555556,9.610269715759276,0.00634693333331592,30
random,NoiseCorrectedMWST,estimated_q,PosteriorMAPConnected,0.14586805555555551,-0.00600694444444444,0.008020732260397156,-0.008888888888888884,-0.0031944444444444386,0.13777777777777772,0.49647935735912274,0.12662590695230969,-0.01924214860324579,0.38612626796685134,0.49666666666666665,0.4988888888888889,0.004444444444444434,0.2322222222222222,0.47555555555555556,9.61078375770773,0.02970914666662636,30
random,NoiseCorrectedMWST,estimated_q,PosteriorMedianUnconstrained,0.1369444444444444,-0.004826388888888892,0.0099893806362002,-0.008576388888888878,-0.001493055555555558,0.05777777777777774,0.43155871063104895,0.11373174441358465,-0.023212700030859724,0.433129743606622,0.49666666666666665,0.4988888888888889,0.004444444444444434,0.0,0.47555555555555556,9.61078375770773,0.002054243333304787,30
random,NoiseCorrectedMWST,estimated_q,ConnectedBayesHamming,0.1419444444444444,-0.006145833333333332,0.008823370208117865,-0.009375000000000003,-0.003124999999999999,0.13277777777777774,0.4797897047279063,0.12162580259965465,-0.02031864184478969,0.3959190656468564,0.49666666666666665,0.4988888888888889,0.004444444444444434,0.03611111111111108,0.47555555555555556,9.61078375770773,0.006214683333284137,30
random,BootstrapStabilityMWST,oracle_q,PosteriorMAPConnected,0.1484722222222222,-0.003541666666666671,0.00916960506718377,-0.006701388888888893,-0.00027777777777778884,0.1361111111111111,0.48672357536013316,0.12698912364842269,-0.021483098573799427,0.40551017212155893,0.5016666666666667,0.4944444444444444,0.003888888888888877,0.25055555555555553,0.4866666666666667,9.620520163637138,0.02938786333331028,30
random,BootstrapStabilityMWST,oracle_q,PosteriorMedianUnconstrained,0.13670138888888886,-0.005034722222222212,0.00885187738040507,-0.008055555555555554,-0.0019097222222222035,0.05611111111111107,0.43457988699964345,0.1136854419014372,-0.0230159469874516,0.4192961344482273,0.5016666666666667,0.4944444444444444,0.003888888888888877,0.0,0.4866666666666667,9.620520163637138,0.0020971966666516934,30
random,BootstrapStabilityMWST,oracle_q,ConnectedBayesHamming,0.14236111111111108,-0.00618055555555555,0.009031184886104302,-0.009340277777777779,-0.0030555555555555488,0.1288888888888889,0.4786508824462683,0.12178954442838687,-0.02057156668272414,0.3965216988021997,0.5016666666666667,0.4944444444444444,0.003888888888888877,0.0483333333333333,0.4866666666666667,9.620520163637138,0.006053793333315557,30
random,BootstrapStabilityMWST,estimated_q,PosteriorMAPConnected,0.14826388888888883,-0.0036111111111111083,0.008841938536053681,-0.0068402777777777654,-0.0005555555555555582,0.1361111111111111,0.48689803052894304,0.12681662931291984,-0.02144725957596897,0.4074652083431609,0.49444444444444446,0.5022222222222222,0.003333333333333323,0.25055555555555553,0.4866666666666667,9.619100046066164,0.028271073333379058,30
random,BootstrapStabilityMWST,estimated_q,PosteriorMedianUnconstrained,0.13659722222222215,-0.005173611111111121,0.0086179977637835,-0.008229166666666673,-0.0021527777777777895,0.052777777777777736,0.42759016067466493,0.11331566312881507,-0.02328155909340707,0.41895359559116196,0.49444444444444446,0.5022222222222222,0.003333333333333323,0.0,0.4866666666666667,9.619100046066164,0.0021129700000300997,30
random,BootstrapStabilityMWST,estimated_q,ConnectedBayesHamming,0.14197916666666663,-0.006111111111111115,0.009399844687040594,-0.009444444444444445,-0.0028472222222222275,0.12833333333333333,0.47508732524785396,0.12154074754443496,-0.020438419122231613,0.392829626523732,0.49444444444444446,0.5022222222222222,0.003333333333333323,0.0483333333333333,0.4866666666666667,9.619100046066164,0.006456176666658046,30
random,OracleQMarginalTree,oracle_q,PosteriorMAPConnected,0.15024305555555553,-0.0017708333333333363,0.01136867350698529,-0.0057291666666666775,0.0022916666666666623,0.1261111111111111,0.48573043976890234,0.12415908630391696,-0.02608396925163853,0.4232056291418427,0.5094444444444446,0.48722222222222217,0.0033333333333333205,0.2205555555555555,0.49111111111111116,9.587937591248656,0.0346593266666559,30
random,OracleQMarginalTree,oracle_q,PosteriorMedianUnconstrained,0.1382986111111111,-0.003437499999999987,0.011987050753870283,-0.007534722222222205,0.000833333333333347,0.052777777777777764,0.4347225714214436,0.11178853231106886,-0.02651007880004214,0.4590609142893236,0.5094444444444446,0.48722222222222217,0.0033333333333333205,0.0,0.49111111111111116,9.587937591248656,0.002051509999963197,30
random,OracleQMarginalTree,oracle_q,ConnectedBayesHamming,0.1438194444444444,-0.004722222222222211,0.010201562575951792,-0.008298611111111102,-0.0011805555555555343,0.12499999999999996,0.4779962237601481,0.11974754753951525,-0.024071896904929103,0.41387480789498,0.5094444444444446,0.48722222222222217,0.0033333333333333205,0.0272222222222222,0.49111111111111116,9.587937591248656,0.006836646666632322,30
random,OracleQMarginalTree,estimated_q,PosteriorMAPConnected,0.15006944444444442,-0.0018055555555555529,0.010537848755115818,-0.005486111111111109,0.001945312500000004,0.1261111111111111,0.48741379998283224,0.12450263950204701,-0.02556680494239735,0.4145492379288583,0.5194444444444445,0.4744444444444444,0.006111111111111094,0.22055555555555553,0.49111111111111116,9.592285727863302,0.034786790000020974,30
random,OracleQMarginalTree,estimated_q,PosteriorMedianUnconstrained,0.13874999999999993,-0.003020833333333336,0.011558632339567797,-0.0071883680555555616,0.001041666666666663,0.054999999999999986,0.4378090704662424,0.11269063535787295,-0.026059364642126957,0.4512732312295109,0.5194444444444445,0.4744444444444444,0.006111111111111094,0.0,0.49111111111111116,9.592285727863302,0.002473843333329213,30
random,OracleQMarginalTree,estimated_q,ConnectedBayesHamming,0.14420138888888884,-0.003888888888888891,0.010452285844455346,-0.007569444444444448,-0.00017361111111111605,0.12722222222222218,0.47930401424115876,0.12034756286358726,-0.02385382602530151,0.4090876628035987,0.5194444444444445,0.4744444444444444,0.006111111111111094,0.0272222222222222,0.49111111111111116,9.592285727863302,0.007351806666633776,30
random,EstimatedQMarginalTree,oracle_q,PosteriorMAPConnected,0.1490277777777777,-0.0029861111111111126,0.010216222809481772,-0.006423611111111113,0.000729166666666666,0.13277777777777777,0.4904704554537948,0.125005635667177,-0.024022142110600688,0.3983458736887011,0.5022222222222222,0.4938888888888889,0.003888888888888877,0.21388888888888885,0.4800000000000001,9.59055361518009,0.03480612999997745,30
random,EstimatedQMarginalTree,oracle_q,PosteriorMedianUnconstrained,0.13777777777777772,-0.0039583333333333285,0.009996557118056176,-0.0074999999999999945,-0.0005208333333333148,0.05611111111111109,0.43548443028036854,0.11269211504247718,-0.025085662735300485,0.4488926187077319,0.5022222222222222,0.4938888888888889,0.003888888888888877,0.0,0.4800000000000001,9.59055361518009,0.0023974733333640102,30
random,EstimatedQMarginalTree,oracle_q,ConnectedBayesHamming,0.14312499999999997,-0.005416666666666661,0.009370608805567192,-0.008680555555555546,-0.00208333333333332,0.12833333333333333,0.48105313269464134,0.12037204028923114,-0.02275295971076878,0.4054304477507878,0.5022222222222222,0.4938888888888889,0.003888888888888877,0.031111111111111082,0.4800000000000001,9.59055361518009,0.006766466666689003,30
random,EstimatedQMarginalTree,estimated_q,PosteriorMAPConnected,0.14871527777777777,-0.0031597222222222213,0.010023034314727338,-0.006562499999999999,0.000416666666666667,0.13277777777777777,0.4920164987301974,0.1252953247981171,-0.023419952979660572,0.39130469837448406,0.515,0.47944444444444445,0.005555555555555544,0.2144444444444444,0.4800000000000001,9.59486588673308,0.033094393333362816,30
random,EstimatedQMarginalTree,estimated_q,PosteriorMedianUnconstrained,0.13822916666666663,-0.003541666666666665,0.009956051655118465,-0.006979166666666662,-0.00010416666666665376,0.06111111111111109,0.4381289527373723,0.11336265274930293,-0.024866513917363667,0.44075288489767817,0.515,0.47944444444444445,0.005555555555555544,0.0,0.4800000000000001,9.59486588673308,0.002080686666681637,30
random,EstimatedQMarginalTree,estimated_q,ConnectedBayesHamming,0.14295138888888884,-0.005138888888888883,0.009968570901136389,-0.008576388888888882,-0.0015624999999999944,0.13222222222222219,0.48327939210818016,0.12081995264380357,-0.022131436245085217,0.39328462529995944,0.515,0.47944444444444445,0.005555555555555544,0.031666666666666635,0.4800000000000001,9.59486588673308,0.006375443333316329,30
star,GeneratingTreeOracle,oracle_q,PosteriorMAPConnected,0.16218749999999998,-0.007048611111111108,0.012174532389576739,-0.011736111111111098,-0.003124999999999998,0.16999999999999998,0.6410596154584846,0.16280003817720934,0.0006125381772094204,0.5288936493834827,0.44611111111111107,0.5538888888888889,0.0,0.6327777777777778,0.0,10.061475051333359,0.030048630000055657,30
star,GeneratingTreeOracle,oracle_q,PosteriorMedianUnconstrained,0.1466666666666666,-0.004756944444444443,0.009467073935744509,-0.008402777777777775,-0.0018055555555555464,0.03388888888888885,0.6711713580469821,0.14551649255667737,-0.0011501741099892362,0.5494866618682599,0.44611111111111107,0.5538888888888889,0.0,0.0,0.0,10.061475051333359,0.0021160266667265633,30
star,GeneratingTreeOracle,oracle_q,ConnectedBayesHamming,0.15822916666666664,-0.004201388888888885,0.008565739720002583,-0.007361111111111106,-0.0013194444444444406,0.16388888888888886,0.6710011114205681,0.15855230586836822,0.0003231392017015667,0.5060498989911005,0.44611111111111107,0.5538888888888889,0.0,0.5055555555555555,0.0,10.061475051333359,0.007967380000051535,30
star,GeneratingTreeOracle,estimated_q,PosteriorMAPConnected,0.16315972222222222,-0.005659722222222217,0.012339375477742593,-0.010138888888888883,-0.0015277777777777696,0.16999999999999998,0.6374587869707421,0.16333383667012688,0.0001741144479047303,0.5386407257745102,0.44611111111111107,0.5538888888888889,0.0,0.6372222222222221,0.0,10.06214995386747,0.030443013333342556,30
star,GeneratingTreeOracle,estimated_q,PosteriorMedianUnconstrained,0.14670138888888884,-0.005694444444444447,0.008527433005623062,-0.009027777777777768,-0.0028472222222222254,0.0333333333333333,0.6647910495099334,0.14530803903662495,-0.0013933498522638696,0.5524442131257596,0.44611111111111107,0.5538888888888889,0.0,0.0,0.0,10.06214995386747,0.0025141199999779403,30
star,GeneratingTreeOracle,estimated_q,ConnectedBayesHamming,0.1583333333333333,-0.004861111111111103,0.00798637139339297,-0.007881944444444434,-0.002222222222222218,0.16499999999999998,0.665005957487676,0.15832876954741945,-4.563785913826457e-06,0.5069808902381293,0.44611111111111107,0.5538888888888889,0.0,0.5338888888888889,0.0,10.06214995386747,0.008050329999999373,30
star,DataAgnosticRandomTree,oracle_q,PosteriorMAPConnected,0.2183333333333333,0.04909722222222223,0.01886485681041999,0.042222222222222244,0.05545138888888889,0.09555555555555555,0.44707433950853714,0.14342568159056449,-0.07490765174276874,0.6088201128440287,0.5211111111111111,0.46666666666666673,0.012222222222222193,0.20666666666666667,0.8733333333333333,10.471814109119524,0.036595100000022245,30
star,DataAgnosticRandomTree,oracle_q,PosteriorMedianUnconstrained,0.21340277777777772,0.061979166666666655,0.021794889571786318,0.054374131944444425,0.06982638888888888,0.024999999999999967,0.3867150892777043,0.12927836759362904,-0.08412441018414867,0.6292905753556017,0.5211111111111111,0.46666666666666673,0.012222222222222193,0.0,0.8733333333333333,10.471814109119524,0.0027587366666920834,30
star,DataAgnosticRandomTree,oracle_q,ConnectedBayesHamming,0.22083333333333333,0.05840277777777779,0.02097818417705734,0.05131944444444445,0.06579861111111114,0.10277777777777773,0.4145651563480065,0.1366633355208061,-0.08416999781252717,0.6302416862271559,0.5211111111111111,0.46666666666666673,0.012222222222222193,0.031111111111111082,0.8733333333333333,10.471814109119524,0.008073536666658233,30
star,DataAgnosticRandomTree,estimated_q,PosteriorMAPConnected,0.2152777777777777,0.04645833333333335,0.020424508815264742,0.03937413194444443,0.053368923611111105,0.10388888888888885,0.48208272377281386,0.15184056122618736,-0.06343721655159035,0.5680106763892451,0.6144444444444445,0.36166666666666664,0.02388888888888885,0.21277777777777776,0.8733333333333333,10.425687425878133,0.037021766666596956,30
star,DataAgnosticRandomTree,estimated_q,PosteriorMedianUnconstrained,0.20864583333333325,0.05625,0.020207925994235664,0.04909722222222222,0.0633333333333333,0.032777777777777746,0.4654741582970017,0.13936483475229902,-0.06928099858103423,0.5913760594457725,0.6144444444444445,0.36166666666666664,0.02388888888888885,0.0,0.8733333333333333,10.425687425878133,0.0031928466666764537,30
star,DataAgnosticRandomTree,estimated_q,ConnectedBayesHamming,0.2159722222222222,0.052777777777777785,0.019442306259012103,0.0457638888888889,0.059409722222222225,0.09722222222222218,0.4767844501257669,0.14464337038850333,-0.07132885183371876,0.5794292410173132,0.6144444444444445,0.36166666666666664,0.02388888888888885,0.029999999999999975,0.8733333333333333,10.425687425878133,0.00845927999994269,30
star,BinaryMWST,oracle_q,PosteriorMAPConnected,0.16923611111111111,0.0,0.0,0.0,0.0,0.1633333333333333,0.6170084434608302,0.16182754737832683,-0.007408563732784243,0.5721925073747992,0.47944444444444445,0.5194444444444445,0.0011111111111111068,0.5638888888888889,0.08888888888888884,10.098378969728838,0.02928198666665286,30
star,BinaryMWST,oracle_q,PosteriorMedianUnconstrained,0.15142361111111108,0.0,0.0,0.0,0.0,0.033333333333333305,0.6505922737413551,0.14460627135526766,-0.00681733975584339,0.5525389722342218,0.47944444444444445,0.5194444444444445,0.0011111111111111068,0.0,0.08888888888888884,10.098378969728838,0.0023617933333752706,30
star,BinaryMWST,oracle_q,ConnectedBayesHamming,0.16243055555555552,0.0,0.0,0.0,0.0,0.15611111111111112,0.6516250947913563,0.1563651332018196,-0.006065422353735924,0.5152383401034601,0.47944444444444445,0.5194444444444445,0.0011111111111111068,0.40944444444444444,0.08888888888888884,10.098378969728838,0.007697213333343183,30
star,BinaryMWST,estimated_q,PosteriorMAPConnected,0.16881944444444444,0.0,0.0,0.0,0.0,0.1633333333333333,0.6177289974440234,0.16292675850319444,-0.005892685941249966,0.5663828468926628,0.47500000000000003,0.5205555555555555,0.004444444444444437,0.5666666666666667,0.08888888888888884,10.096884891211271,0.02900074333333572,30
star,BinaryMWST,estimated_q,PosteriorMedianUnconstrained,0.15239583333333329,0.0,0.0,0.0,0.0,0.032777777777777746,0.6493008786864668,0.14466296877092807,-0.00773286456240524,0.5611512181024427,0.47500000000000003,0.5205555555555555,0.004444444444444437,0.0,0.08888888888888884,10.096884891211271,0.0026604933333449275,30
star,BinaryMWST,estimated_q,ConnectedBayesHamming,0.1631944444444444,0.0,0.0,0.0,0.0,0.15833333333333333,0.6510708799441587,0.15634114876075347,-0.006853295683690934,0.5245093684043354,0.47500000000000003,0.5205555555555555,0.004444444444444437,0.41833333333333333,0.08888888888888884,10.096884891211271,0.007704399999981083,30
star,NoiseCorrectedMWST,oracle_q,PosteriorMAPConnected,0.18312499999999998,0.013888888888888897,0.012374650878107405,0.009583333333333359,0.01836805555555556,0.13833333333333328,0.5700260981892094,0.15983879071711546,-0.02328620928288447,0.617925051346431,0.5177777777777778,0.4755555555555556,0.006666666666666651,0.4683333333333333,0.26666666666666666,10.170375312630158,0.03176526000002008,30
star,NoiseCorrectedMWST,oracle_q,PosteriorMedianUnconstrained,0.1630208333333333,0.011597222222222226,0.013622200111861944,0.007187500000000008,0.016701388888888887,0.027222222222222186,0.6088135550631366,0.14246771715513662,-0.02055311617819662,0.5810098372707291,0.5177777777777778,0.4755555555555556,0.006666666666666651,0.0,0.26666666666666666,10.170375312630158,0.0025853833332954404,30
star,NoiseCorrectedMWST,oracle_q,ConnectedBayesHamming,0.17402777777777773,0.01159722222222223,0.012091422843722565,0.00750000000000001,0.01590277777777778,0.1311111111111111,0.6104084640452095,0.15241815427479247,-0.021609623502985217,0.5462320800975602,0.5177777777777778,0.4755555555555556,0.006666666666666651,0.2594444444444445,0.26666666666666666,10.170375312630158,0.008240399999992046,30
star,NoiseCorrectedMWST,estimated_q,PosteriorMAPConnected,0.18270833333333333,0.013888888888888899,0.011684142972367422,0.009791666666666672,0.0179513888888889,0.13999999999999996,0.573557461461143,0.1628577836161757,-0.019850549717157575,0.6107824993845061,0.5294444444444444,0.46166666666666667,0.008888888888888873,0.4716666666666666,0.26666666666666666,10.160849757644986,0.030739633333359908,30
star,NoiseCorrectedMWST,estimated_q,PosteriorMedianUnconstrained,0.16274305555555557,0.010347222222222214,0.011537842395871918,0.006423611111111118,0.014583333333333321,0.028888888888888853,0.6188816304141003,0.14397121098597704,-0.018771844569578484,0.5790158270948282,0.5294444444444444,0.46166666666666667,0.008888888888888873,0.0,0.26666666666666666,10.160849757644986,0.002791153333373533,30
star,NoiseCorrectedMWST,estimated_q,ConnectedBayesHamming,0.17340277777777774,0.010208333333333338,0.011562030771259682,0.006250000000000001,0.014444444444444449,0.1311111111111111,0.6195671141132786,0.15351408162532257,-0.01988869615245513,0.5383108658588539,0.5294444444444444,0.46166666666666667,0.008888888888888873,0.2644444444444444,0.26666666666666666,10.160849757644986,0.008282723333301528,30
star,BootstrapStabilityMWST,oracle_q,PosteriorMAPConnected,0.18503472222222223,0.015798611111111117,0.011996203319270099,0.011562500000000012,0.020173611111111125,0.13388888888888884,0.5640509917596664,0.15846093680056486,-0.026573785421657257,0.6072323661105016,0.5183333333333333,0.4761111111111111,0.005555555555555544,0.44888888888888895,0.29333333333333333,10.179809098530935,0.03257345999995772,30
star,BootstrapStabilityMWST,oracle_q,PosteriorMedianUnconstrained,0.16475694444444441,0.013333333333333338,0.01155231831404929,0.00940972222222224,0.017500000000000005,0.031666666666666635,0.6005180312197598,0.14172595112513375,-0.023030993319310644,0.5815724101753884,0.5183333333333333,0.4761111111111111,0.005555555555555544,0.0,0.29333333333333333,10.179809098530935,0.0025162299999919335,30
star,BootstrapStabilityMWST,oracle_q,ConnectedBayesHamming,0.17513888888888882,0.012708333333333332,0.010652502718903435,0.009062500000000006,0.01659722222222222,0.13722222222222222,0.6042854077875675,0.15142688230267287,-0.023712006586215955,0.5476752666110429,0.5183333333333333,0.4761111111111111,0.005555555555555544,0.24111111111111108,0.29333333333333333,10.179809098530935,0.009260509999967272,30
star,BootstrapStabilityMWST,estimated_q,PosteriorMAPConnected,0.1839930555555555,0.015173611111111113,0.010522747682516702,0.01149305555555556,0.01875000000000001,0.13388888888888884,0.5732263928673907,0.16104766357248682,-0.02294539198306862,0.5975381814761308,0.5272222222222223,0.46388888888888885,0.00888888888888886,0.4466666666666666,0.29333333333333333,10.167859016410699,0.0324523966666523,30
star,BootstrapStabilityMWST,estimated_q,PosteriorMedianUnconstrained,0.16402777777777774,0.011631944444444434,0.010144000804160804,0.008159722222222218,0.01531249999999999,0.02999999999999996,0.6134996837073542,0.14371528593658875,-0.020312491841188964,0.5694270678255384,0.5272222222222223,0.46388888888888885,0.00888888888888886,0.0,0.29333333333333333,10.167859016410699,0.0028652299999520903,30
star,BootstrapStabilityMWST,estimated_q,ConnectedBayesHamming,0.17444444444444443,0.011250000000000008,0.009366615024196003,0.008158854166666661,0.014687500000000003,0.13666666666666663,0.6156974505221099,0.15288827060079446,-0.021556173843649936,0.5345728937390971,0.5272222222222223,0.46388888888888885,0.00888888888888886,0.24555555555555555,0.29333333333333333,10.167859016410699,0.00882057000000406,30
star,OracleQMarginalTree,oracle_q,PosteriorMAPConnected,0.18163194444444444,0.01239583333333333,0.014249435989039954,0.007465277777777784,0.017638888888888878,0.13777777777777772,0.5746031440452922,0.1593470559009454,-0.02228488854349901,0.6190866459532212,0.5316666666666667,0.46055555555555555,0.007777777777777758,0.44,0.2688888888888889,10.160306534624397,0.02982061000002428,30
star,OracleQMarginalTree,oracle_q,PosteriorMedianUnconstrained,0.16197916666666665,0.010555555555555547,0.012786273308565245,0.006041666666666658,0.015208333333333322,0.030555555555555523,0.6145964623497266,0.14238473803224927,-0.019594428634417335,0.5813469524196668,0.5316666666666667,0.46055555555555555,0.007777777777777758,0.0,0.2688888888888889,10.160306534624397,0.00239441000001832,30
star,OracleQMarginalTree,oracle_q,ConnectedBayesHamming,0.17274305555555544,0.010312500000000006,0.012222586174265918,0.006145833333333346,0.014618055555555568,0.13333333333333328,0.6151350381217131,0.1520014313565435,-0.020741624199011984,0.5481499749307582,0.5316666666666667,0.46055555555555555,0.007777777777777758,0.2533333333333333,0.2688888888888889,10.160306534624397,0.007443610000033557,30
star,OracleQMarginalTree,estimated_q,PosteriorMAPConnected,0.18125,0.012430555555555556,0.014214162830362939,0.007430555555555552,0.01753472222222222,0.13833333333333328,0.5774604145338456,0.16231514308354145,-0.01893485691645845,0.6088074286800725,0.5405555555555556,0.45055555555555554,0.008888888888888866,0.44499999999999995,0.2688888888888889,10.152351445921068,0.03121769333329207,30
star,OracleQMarginalTree,estimated_q,PosteriorMedianUnconstrained,0.1619444444444444,0.009548611111111112,0.012967443222641822,0.004965277777777775,0.014202256944444434,0.029999999999999968,0.6210742263067028,0.14355483631327723,-0.018389608131167138,0.5830845142192839,0.5405555555555556,0.45055555555555554,0.008888888888888866,0.0,0.2688888888888889,10.152351445921068,0.0024939566665579628,30
star,OracleQMarginalTree,estimated_q,ConnectedBayesHamming,0.1722222222222222,0.009027777777777786,0.012767531394841478,0.004548611111111126,0.013438368055555552,0.13499999999999995,0.6218526820679579,0.15284041456774994,-0.019381807654472186,0.5449684899602959,0.5405555555555556,0.45055555555555554,0.008888888888888866,0.2538888888888889,0.2688888888888889,10.152351445921068,0.007756049999988985,30
star,EstimatedQMarginalTree,oracle_q,PosteriorMAPConnected,0.18503472222222223,0.01579861111111112,0.013401639346763325,0.011180555555555567,0.020694444444444453,0.1366666666666666,0.5630342292616034,0.15985679074791587,-0.02517793147430631,0.6250067892869572,0.5177777777777778,0.4755555555555556,0.006666666666666651,0.46499999999999997,0.2822222222222222,10.183345525892923,0.030810980000069273,30
star,EstimatedQMarginalTree,oracle_q,PosteriorMedianUnconstrained,0.16427083333333328,0.012847222222222222,0.0142231098935746,0.008194444444444457,0.01802083333333333,0.027777777777777745,0.6032369452541883,0.14231544315529615,-0.0219553901780371,0.5855251522366121,0.5177777777777778,0.4755555555555556,0.006666666666666651,0.0,0.2822222222222222,10.183345525892923,0.002743686666720614,30
star,EstimatedQMarginalTree,oracle_q,ConnectedBayesHamming,0.17527777777777773,0.012847222222222225,0.013083064887306258,0.008437500000000013,0.017604166666666667,0.12944444444444442,0.6052230768502181,0.15219117796334683,-0.023086599814430866,0.5542843291104452,0.5177777777777778,0.4755555555555556,0.006666666666666651,0.24666666666666665,0.2822222222222222,10.183345525892923,0.007866810000086797,30
star,EstimatedQMarginalTree,estimated_q,PosteriorMAPConnected,0.18427083333333333,0.015451388888888898,0.013184909717887262,0.010833333333333339,0.02010416666666668,0.13833333333333328,0.5684318620008092,0.16305322106942344,-0.021217612263909814,0.6165279730380893,0.5288888888888889,0.46166666666666667,0.009444444444444425,0.4672222222222222,0.2822222222222222,10.17324702430401,0.030947156666707044,30
star,EstimatedQMarginalTree,estimated_q,PosteriorMedianUnconstrained,0.16420138888888888,0.011805555555555547,0.012536862950152512,0.0075685763888888756,0.01638888888888888,0.02944444444444441,0.613759078711698,0.14429194466883058,-0.01990944422005827,0.5859077442236118,0.5288888888888889,0.46166666666666667,0.009444444444444425,0.0,0.2822222222222222,10.17324702430401,0.0026547300000401633,30
star,EstimatedQMarginalTree,estimated_q,ConnectedBayesHamming,0.17510416666666664,0.01190972222222223,0.012951852720937398,0.00746527777777777,0.01659722222222222,0.1288888888888889,0.6142623880580208,0.15369792365079055,-0.021406243015876073,0.5486913388160103,0.5288888888888889,0.46166666666666667,0.009444444444444425,0.2544444444444444,0.2822222222222222,10.17324702430401,0.00790776999994396,30
