effect_name,scope,tree_source,q_mode,mean_effect,effect_sd,ci_lower,ci_upper,num_seeds
ExactRow_MAP_minus_ConnectedMBR,overall,GeneratingTreeOracle,oracle_q,0.022500000000000003,0.0131123935992016,0.017916666666666674,0.02722222222222222,30
ExactRow_MAP_minus_ConnectedMBR,overall,GeneratingTreeOracle,estimated_q,0.025138888888888895,0.014076085214578362,0.020277777777777787,0.03027777777777778,30
ExactRow_MAP_minus_ConnectedMBR,overall,DataAgnosticRandomTree,oracle_q,-0.01347222222222222,0.01279270949984333,-0.018059027777777775,-0.009027777777777779,30
ExactRow_MAP_minus_ConnectedMBR,overall,DataAgnosticRandomTree,estimated_q,-0.01680555555555556,0.013775156946998155,-0.021666666666666667,-0.01194444444444445,30
ExactRow_MAP_minus_ConnectedMBR,overall,BinaryMWST,oracle_q,0.007500000000000001,0.014241687768592748,0.0026388888888888833,0.012364583333333297,30
ExactRow_MAP_minus_ConnectedMBR,overall,BinaryMWST,estimated_q,0.007916666666666662,0.01548814588113274,0.0024999999999999974,0.013472222222222219,30
ExactRow_MAP_minus_ConnectedMBR,overall,NoiseCorrectedMWST,oracle_q,0.004722222222222223,0.017498403503166865,-0.0015277777777777785,0.010833333333333337,30
ExactRow_MAP_minus_ConnectedMBR,overall,NoiseCorrectedMWST,estimated_q,0.005000000000000006,0.01772501749535746,-0.0012499999999999942,0.011388888888888895,30
ExactRow_MAP_minus_ConnectedMBR,overall,BootstrapStabilityMWST,oracle_q,0.0022222222222222253,0.014001459511588838,-0.00263888888888889,0.007222222222222225,30
ExactRow_MAP_minus_ConnectedMBR,overall,BootstrapStabilityMWST,estimated_q,0.0031944444444444524,0.015345764784042277,-0.00222222222222222,0.008611111111111116,30
ExactRow_MAP_minus_ConnectedMBR,overall,OracleQMarginalTree,oracle_q,0.0023611111111111094,0.013297515348051797,-0.0020833333333333415,0.0070833333333333295,30
ExactRow_MAP_minus_ConnectedMBR,overall,OracleQMarginalTree,estimated_q,0.0004166666666666618,0.01407041337584116,-0.004444444444444449,0.00555555555555555,30
ExactRow_MAP_minus_ConnectedMBR,overall,EstimatedQMarginalTree,oracle_q,0.0034722222222222277,0.01578423017110775,-0.002083333333333328,0.009027777777777782,30
ExactRow_MAP_minus_ConnectedMBR,overall,EstimatedQMarginalTree,estimated_q,0.0036111111111111188,0.0164400299552573,-0.002222222222222213,0.009305555555555565,30
ExactRow_MAP_minus_ConnectedMBR,balanced,GeneratingTreeOracle,oracle_q,0.022222222222222237,0.045556022799211185,0.006666666666666673,0.038888888888888896,30
ExactRow_MAP_minus_ConnectedMBR,balanced,GeneratingTreeOracle,estimated_q,0.026666666666666686,0.04368118561819831,0.011666666666666681,0.0427777777777778,30
ExactRow_MAP_minus_ConnectedMBR,balanced,DataAgnosticRandomTree,oracle_q,-0.020000000000000014,0.02816209239875229,-0.029999999999999995,-0.01000000000000002,30
ExactRow_MAP_minus_ConnectedMBR,balanced,DataAgnosticRandomTree,estimated_q,-0.027777777777777787,0.03196422009902559,-0.03833333333333335,-0.016666666666666684,30
ExactRow_MAP_minus_ConnectedMBR,balanced,BinaryMWST,oracle_q,0.0011111111111111085,0.043972591021850964,-0.014444444444444446,0.01666666666666666,30
ExactRow_MAP_minus_ConnectedMBR,balanced,BinaryMWST,estimated_q,0.002777777777777781,0.04633778473062796,-0.01333333333333333,0.018888888888888903,30
ExactRow_MAP_minus_ConnectedMBR,balanced,NoiseCorrectedMWST,oracle_q,-0.010555555555555539,0.0414033827382635,-0.024444444444444432,0.004444444444444459,30
ExactRow_MAP_minus_ConnectedMBR,balanced,NoiseCorrectedMWST,estimated_q,-0.006666666666666656,0.04234505222898965,-0.021111111111111098,0.009444444444444446,30
ExactRow_MAP_minus_ConnectedMBR,balanced,BootstrapStabilityMWST,oracle_q,0.0027777777777777788,0.029388184522482142,-0.007222222222222235,0.013333333333333334,30
ExactRow_MAP_minus_ConnectedMBR,balanced,BootstrapStabilityMWST,estimated_q,0.0033333333333333335,0.03512430035026728,-0.008333333333333349,0.016666666666666663,30
ExactRow_MAP_minus_ConnectedMBR,balanced,OracleQMarginalTree,oracle_q,-0.004999999999999992,0.03190923430163243,-0.016111111111111114,0.006666666666666672,30
ExactRow_MAP_minus_ConnectedMBR,balanced,OracleQMarginalTree,estimated_q,-0.008888888888888887,0.030866581431988446,-0.019444444444444448,0.0022222222222222318,30
ExactRow_MAP_minus_ConnectedMBR,balanced,EstimatedQMarginalTree,oracle_q,-0.013888888888888876,0.03277794012558016,-0.025555555555555533,-0.0027638888888890613,30
ExactRow_MAP_minus_ConnectedMBR,balanced,EstimatedQMarginalTree,estimated_q,-0.012222222222222207,0.03444506240948562,-0.023888888888888894,-0.0005555555555555295,30
ExactRow_MAP_minus_ConnectedMBR,path,GeneratingTreeOracle,oracle_q,0.026111111111111116,0.044567597573934054,0.010000000000000002,0.04112499999999982,30
ExactRow_MAP_minus_ConnectedMBR,path,GeneratingTreeOracle,estimated_q,0.03277777777777778,0.05075735481374476,0.015000000000000008,0.051111111111111114,30
ExactRow_MAP_minus_ConnectedMBR,path,DataAgnosticRandomTree,oracle_q,-0.011666666666666662,0.03819440090558298,-0.024999999999999998,0.001111111111111117,30
ExactRow_MAP_minus_ConnectedMBR,path,DataAgnosticRandomTree,estimated_q,-0.01888888888888889,0.038589432708068194,-0.03222222222222223,-0.005000000000000008,30
ExactRow_MAP_minus_ConnectedMBR,path,BinaryMWST,oracle_q,0.012777777777777775,0.031159991704332157,0.002222222222222214,0.02388888888888889,30
ExactRow_MAP_minus_ConnectedMBR,path,BinaryMWST,estimated_q,0.013888888888888888,0.03817767831244096,7.389922007661209e-18,0.027777777777777776,30
ExactRow_MAP_minus_ConnectedMBR,path,NoiseCorrectedMWST,oracle_q,0.014444444444444433,0.044146510979612565,-0.0011111111111111233,0.02999999999999999,30
ExactRow_MAP_minus_ConnectedMBR,path,NoiseCorrectedMWST,estimated_q,0.012777777777777784,0.04906859170803103,-0.004444444444444436,0.030000000000000013,30
ExactRow_MAP_minus_ConnectedMBR,path,BootstrapStabilityMWST,oracle_q,0.0022222222222222274,0.036286781665326506,-0.010555555555555556,0.014444444444444452,30
ExactRow_MAP_minus_ConnectedMBR,path,BootstrapStabilityMWST,estimated_q,0.004444444444444462,0.038140025670020665,-0.009444444444444429,0.017777777777777806,30
ExactRow_MAP_minus_ConnectedMBR,path,OracleQMarginalTree,oracle_q,0.008888888888888885,0.03438940108185716,-0.00333333333333334,0.02055555555555556,30
ExactRow_MAP_minus_ConnectedMBR,path,OracleQMarginalTree,estimated_q,0.008333333333333328,0.034114411961050674,-0.004444444444444456,0.020000000000000004,30
ExactRow_MAP_minus_ConnectedMBR,path,EstimatedQMarginalTree,oracle_q,0.01611111111111112,0.04186351966111244,0.0016666666666666594,0.03055555555555557,30
ExactRow_MAP_minus_ConnectedMBR,path,EstimatedQMarginalTree,estimated_q,0.016666666666666677,0.04398711061644243,0.0016527777777777836,0.032222222222222235,30
ExactRow_MAP_minus_ConnectedMBR,random,GeneratingTreeOracle,oracle_q,0.035555555555555556,0.04052654712298305,0.021666666666666657,0.04944444444444445,30
ExactRow_MAP_minus_ConnectedMBR,random,GeneratingTreeOracle,estimated_q,0.0361111111111111,0.041771897768323914,0.02166666666666666,0.05055555555555555,30
ExactRow_MAP_minus_ConnectedMBR,random,DataAgnosticRandomTree,oracle_q,-0.015000000000000005,0.026388636820736024,-0.024444444444444453,-0.005555555555555569,30
ExactRow_MAP_minus_ConnectedMBR,random,DataAgnosticRandomTree,estimated_q,-0.027222222222222224,0.031098451173483355,-0.03833333333333333,-0.01611111111111111,30
ExactRow_MAP_minus_ConnectedMBR,random,BinaryMWST,oracle_q,0.00888888888888889,0.04326992118299537,-0.006666666666666658,0.023888888888888894,30
ExactRow_MAP_minus_ConnectedMBR,random,BinaryMWST,estimated_q,0.009999999999999992,0.04476417560532665,-0.0066666666666666576,0.025555555555555547,30
ExactRow_MAP_minus_ConnectedMBR,random,NoiseCorrectedMWST,oracle_q,0.007777777777777782,0.043490725072194834,-0.0072222222222222245,0.023333333333333334,30
ExactRow_MAP_minus_ConnectedMBR,random,NoiseCorrectedMWST,estimated_q,0.005000000000000008,0.04224313859812844,-0.009444444444444434,0.020000000000000007,30
ExactRow_MAP_minus_ConnectedMBR,random,BootstrapStabilityMWST,oracle_q,0.0072222222222222245,0.0462550263051809,-0.008888888888888887,0.024444444444444442,30
ExactRow_MAP_minus_ConnectedMBR,random,BootstrapStabilityMWST,estimated_q,0.007777777777777785,0.045218357691164314,-0.00777777777777777,0.023888888888888897,30
ExactRow_MAP_minus_ConnectedMBR,random,OracleQMarginalTree,oracle_q,0.0011111111111111113,0.03388433484883757,-0.010555555555555558,0.013333333333333332,30
ExactRow_MAP_minus_ConnectedMBR,random,OracleQMarginalTree,estimated_q,-0.0011111111111111118,0.03273407697885686,-0.012222222222222238,0.01055555555555555,30
ExactRow_MAP_minus_ConnectedMBR,random,EstimatedQMarginalTree,oracle_q,0.004444444444444453,0.039131699561867433,-0.009444444444444429,0.018333333333333347,30
ExactRow_MAP_minus_ConnectedMBR,random,EstimatedQMarginalTree,estimated_q,0.0005555555555555633,0.036745821910002696,-0.012222222222222207,0.013333333333333348,30
ExactRow_MAP_minus_ConnectedMBR,star,GeneratingTreeOracle,oracle_q,0.006111111111111106,0.012748174937617615,0.0016666666666666713,0.011111111111111092,30
ExactRow_MAP_minus_ConnectedMBR,star,GeneratingTreeOracle,estimated_q,0.004999999999999995,0.009932723887807294,0.0016666666666666622,0.00833333333333334,30
ExactRow_MAP_minus_ConnectedMBR,star,DataAgnosticRandomTree,oracle_q,-0.007222222222222213,0.030223729396721237,-0.018333333333333313,0.0033333333333333266,30
ExactRow_MAP_minus_ConnectedMBR,star,DataAgnosticRandomTree,estimated_q,0.006666666666666662,0.03174370544295421,-0.004444444444444445,0.017777777777777764,30
ExactRow_MAP_minus_ConnectedMBR,star,BinaryMWST,oracle_q,0.0072222222222222245,0.027572034993184474,-0.002777777777777771,0.016666666666666656,30
ExactRow_MAP_minus_ConnectedMBR,star,BinaryMWST,estimated_q,0.004999999999999999,0.026315940713418997,-0.004444444444444435,0.013888888888888897,30
ExactRow_MAP_minus_ConnectedMBR,star,NoiseCorrectedMWST,oracle_q,0.007222222222222213,0.030223729396721254,-0.003333333333333346,0.017777777777777774,30
ExactRow_MAP_minus_ConnectedMBR,star,NoiseCorrectedMWST,estimated_q,0.008888888888888884,0.02861199455541916,-0.0011111111111111252,0.01888888888888888,30
ExactRow_MAP_minus_ConnectedMBR,star,BootstrapStabilityMWST,oracle_q,-0.0033333333333333288,0.027473428472446822,-0.012777777777777782,0.006111111111111121,30
ExactRow_MAP_minus_ConnectedMBR,star,BootstrapStabilityMWST,estimated_q,-0.002777777777777771,0.02665349291456217,-0.012222222222222226,0.006666666666666676,30
ExactRow_MAP_minus_ConnectedMBR,star,OracleQMarginalTree,oracle_q,0.004444444444444434,0.03061731828229718,-0.006111111111111126,0.014999999999999994,30
ExactRow_MAP_minus_ConnectedMBR,star,OracleQMarginalTree,estimated_q,0.003333333333333318,0.03137952086157332,-0.007222222222222239,0.01444444444444443,30
ExactRow_MAP_minus_ConnectedMBR,star,EstimatedQMarginalTree,oracle_q,0.007222222222222213,0.03146588900915805,-0.003888888888888896,0.018333333333333316,30
ExactRow_MAP_minus_ConnectedMBR,star,EstimatedQMarginalTree,estimated_q,0.00944444444444444,0.02990512883308859,-0.0011111111111110998,0.019999999999999997,30
