scope,q_mode,decoder,mean_tree_gain,tree_gain_sd,ci_lower,ci_upper,num_seeds
overall,oracle_q,PosteriorMAPConnected,-0.0017361111111111145,0.005302812847350863,-0.0035850694444444506,0.00015646701388888595,30
overall,oracle_q,PosteriorMedianUnconstrained,0.00012152777777777527,0.005546971262408287,-0.0018663194444444474,0.0020401475694444404,30
overall,oracle_q,ConnectedBayesHamming,0.001076388888888889,0.005468422153099407,-0.000868055555555555,0.0030555555555555527,30
overall,estimated_q,PosteriorMAPConnected,-0.0013802083333333379,0.005064533369316709,-0.003211805555555562,0.00036458333333332847,30
overall,estimated_q,PosteriorMedianUnconstrained,0.00031249999999999936,0.004938407756411209,-0.0014583333333333356,0.0020141059027777826,30
overall,estimated_q,ConnectedBayesHamming,0.0009288194444444399,0.005475238749937202,-0.0009722222222222279,0.002838758680555551,30
balanced,oracle_q,PosteriorMAPConnected,-1.2490009027033011e-17,0.011364888036255709,-0.0040625,0.003923611111111104,30
balanced,oracle_q,PosteriorMedianUnconstrained,0.0034374999999999913,0.00976078064710995,0.0002430555555555537,0.00697916666666666,30
balanced,oracle_q,ConnectedBayesHamming,0.004097222222222232,0.011489095765977217,3.472222222223598e-05,0.00815972222222223,30
balanced,estimated_q,PosteriorMAPConnected,0.0008333333333333169,0.012256366122811372,-0.003472222222222242,0.00517361111111109,30
balanced,estimated_q,PosteriorMedianUnconstrained,0.0031597222222222174,0.010382426964401751,-0.0002777777777777907,0.00694444444444444,30
balanced,estimated_q,ConnectedBayesHamming,0.0031597222222222235,0.012143144101713035,-0.0010763888888888841,0.007430555555555562,30
path,oracle_q,PosteriorMAPConnected,0.005868055555555562,0.011620403364146461,0.0019097222222222256,0.010069444444444454,30
path,oracle_q,PosteriorMedianUnconstrained,0.005937500000000001,0.008008905708132815,0.003125000000000004,0.008715277777777782,30
path,oracle_q,ConnectedBayesHamming,0.007638888888888891,0.01062765254996893,0.0039930555555555535,0.011527777777777788,30
path,estimated_q,PosteriorMAPConnected,0.005937500000000008,0.010983670339570137,0.0022213541666666597,0.009930555555555573,30
path,estimated_q,PosteriorMedianUnconstrained,0.0063541666666666625,0.008686611871965745,0.0033333333333333266,0.009409722222222234,30
path,estimated_q,ConnectedBayesHamming,0.00732638888888888,0.011267292389644539,0.0034375,0.011388888888888872,30
random,oracle_q,PosteriorMAPConnected,0.0029861111111111126,0.010216222809481772,-0.000694444444444443,0.006423611111111103,30
random,oracle_q,PosteriorMedianUnconstrained,0.0039583333333333285,0.009996557118056176,0.0005208333333333481,0.0074652777777777695,30
random,oracle_q,ConnectedBayesHamming,0.005416666666666661,0.009370608805567192,0.002013888888888878,0.008577256944444438,30
random,estimated_q,PosteriorMAPConnected,0.0031597222222222213,0.010023034314727338,-0.00048611111111110475,0.0065972222222222135,30
random,estimated_q,PosteriorMedianUnconstrained,0.003541666666666665,0.009956051655118465,0.00010416666666665934,0.007083333333333333,30
random,estimated_q,ConnectedBayesHamming,0.005138888888888883,0.009968570901136389,0.0015616319444444276,0.008645833333333318,30
star,oracle_q,PosteriorMAPConnected,-0.01579861111111112,0.013401639346763325,-0.020659722222222232,-0.01111111111111113,30
star,oracle_q,PosteriorMedianUnconstrained,-0.012847222222222222,0.0142231098935746,-0.018194444444444433,-0.008193576388888894,30
star,oracle_q,ConnectedBayesHamming,-0.012847222222222225,0.013083064887306258,-0.017499999999999998,-0.008437499999999999,30
star,estimated_q,PosteriorMAPConnected,-0.015451388888888898,0.013184909717887262,-0.020069444444444456,-0.010798611111111115,30
star,estimated_q,PosteriorMedianUnconstrained,-0.011805555555555547,0.012536862950152512,-0.01645833333333332,-0.00760416666666666,30
star,estimated_q,ConnectedBayesHamming,-0.01190972222222223,0.012951852720937398,-0.016562500000000004,-0.00736111111111111,30
