scope,estimator,decoder,mean_test_hamming,mean_test_hamming_excess,excess_sd,excess_ci_lower,excess_ci_upper,mean_exact_row_recovery,mean_test_clean_f1,mean_train_nll_per_row,mean_validation_nll_per_row,mean_test_nll_per_row,mean_tree_edge_disagreement,mean_tree_runtime_seconds,mean_q_absolute_error,num_seeds
overall,GeneratingTreeOracle,MatchedPrior,0.13052951388888884,0.0,0.0,0.0,0.0,0.22319444444444445,0.609171614654848,9.615531704830197,9.63693917148307,9.610510972930992,0.0,0.00022165249999181146,0.0,30
overall,GeneratingTreeOracle,UniformConnectedMLE,0.1530034722222222,0.0,0.0,0.0,0.0,0.1766666666666666,0.6109150383112504,9.615531704830197,9.63693917148307,9.610510972930992,0.0,0.00022165249999181146,0.0,30
overall,DataAgnosticRandomTree,MatchedPrior,0.18061631944444442,0.05008680555555556,0.007750391693331631,0.047378255208333324,0.05276909722222222,0.07486111111111109,0.4007325463860261,9.908689984939384,9.917245201282828,9.892559472410817,0.8594444444444446,0.0005896441660297024,0.0,30
overall,DataAgnosticRandomTree,UniformConnectedMLE,0.19625868055555548,0.043255208333333336,0.009695383159353787,0.03980881076388891,0.046692925347222226,0.0684722222222222,0.4521044262293528,9.908689984939384,9.917245201282828,9.892559472410817,0.8594444444444446,0.0005896441660297024,0.0,30
overall,BinaryMWST,MatchedPrior,0.15301215277777777,0.022482638888888885,0.007780506008403767,0.019791666666666662,0.02528645833333333,0.13166666666666665,0.5098158526885036,9.61385957883977,9.753597200986787,9.731999838432563,0.4255555555555556,0.001046000833715225,0.0,30
overall,BinaryMWST,UniformConnectedMLE,0.1882291666666666,0.03522569444444444,0.008061157004732568,0.03243055555555555,0.038072916666666665,0.08999999999999996,0.5354514066839141,9.61385957883977,9.753597200986787,9.731999838432563,0.4255555555555556,0.001046000833715225,0.0,30
overall,NoiseCorrectedMWST,MatchedPrior,0.15425347222222216,0.023723958333333336,0.00696671439631088,0.021345486111111114,0.026232855902777765,0.13194444444444442,0.5126858087688164,9.589662059559037,9.756137459848567,9.73452034794269,0.4216666666666667,0.0006715174997224924,0.0,30
overall,NoiseCorrectedMWST,UniformConnectedMLE,0.17555555555555552,0.022552083333333337,0.00663497935863853,0.020251519097222212,0.024895833333333322,0.10541666666666666,0.538224028673051,9.589662059559037,9.756137459848567,9.73452034794269,0.4216666666666667,0.0006715174997224924,0.0,30
overall,BootstrapStabilityMWST,MatchedPrior,0.15564236111111107,0.025112847222222224,0.00661983601250177,0.022708116319444444,0.027396050347222225,0.1309722222222222,0.5075059046226518,9.597344054630655,9.760329610301342,9.74017602957147,0.43222222222222223,0.06908248916746132,0.0,30
overall,BootstrapStabilityMWST,UniformConnectedMLE,0.17453993055555556,0.02153645833333333,0.007401532100015662,0.018940972222222227,0.024157986111111116,0.10805555555555553,0.5378762246928076,9.597344054630655,9.760329610301342,9.74017602957147,0.43222222222222223,0.06908248916746132,0.0,30
overall,OracleQMarginalTree,MatchedPrior,0.15352430555555552,0.022994791666666667,0.006456547972310744,0.02070312500000001,0.025182508680555556,0.13638888888888887,0.5180110881991311,9.563754153038712,9.745453816382183,9.716057902591963,0.41722222222222227,8.790774070833141,0.0,30
overall,OracleQMarginalTree,UniformConnectedMLE,0.16950520833333327,0.016501736111111116,0.0070921767413197325,0.014036458333333335,0.01894986979166667,0.11361111111111108,0.5468155968391082,9.563754153038712,9.745453816382183,9.716057902591963,0.41722222222222227,8.790774070833141,0.0,30
overall,EstimatedQMarginalTree,MatchedPrior,0.154296875,0.023767361111111118,0.006228986665924019,0.021623263888888897,0.0259375,0.13513888888888886,0.516792075650484,9.568965223886284,9.733922412480043,9.721224080739661,0.41666666666666663,12.978522586667289,0.03674009526756757,30
overall,EstimatedQMarginalTree,UniformConnectedMLE,0.17236979166666666,0.01936631944444444,0.006899299123056467,0.016874565972222217,0.021901041666666666,0.11027777777777774,0.5438303477034351,9.568965223886284,9.733922412480043,9.721224080739661,0.41666666666666663,12.978522586667289,0.03674009526756757,30
balanced,GeneratingTreeOracle,MatchedPrior,0.12274305555555552,0.0,0.0,0.0,0.0,0.22944444444444445,0.601970742930778,9.50779767218255,9.52925153340426,9.505422413534985,0.0,0.0002809533340041,0.0,30
balanced,GeneratingTreeOracle,UniformConnectedMLE,0.13687499999999997,0.0,0.0,0.0,0.0,0.19333333333333336,0.6098099863793837,9.50779767218255,9.52925153340426,9.505422413534985,0.0,0.0002809533340041,0.0,30
balanced,DataAgnosticRandomTree,MatchedPrior,0.16930555555555551,0.046562499999999986,0.014835539799408938,0.04145833333333334,0.051631944444444446,0.06277777777777775,0.39806613929271417,9.777402193188697,9.772387240419166,9.737703751577264,0.8622222222222223,0.0006851299995711133,0.0,30
balanced,DataAgnosticRandomTree,UniformConnectedMLE,0.1896180555555555,0.05274305555555552,0.016286255176645104,0.04690972222222221,0.05847222222222219,0.05611111111111108,0.4358401796613631,9.777402193188697,9.772387240419166,9.737703751577264,0.8622222222222223,0.0006851299995711133,0.0,30
balanced,BinaryMWST,MatchedPrior,0.14493055555555548,0.022187499999999992,0.014785012466354842,0.017048611111111105,0.02749999999999998,0.12722222222222218,0.5015909317686784,9.516615886291568,9.657539746638578,9.627207382294696,0.5155555555555555,0.0012383633351418636,0.0,30
balanced,BinaryMWST,UniformConnectedMLE,0.18010416666666662,0.043229166666666666,0.01719212537901852,0.037187500000000005,0.04941059027777776,0.09111111111111109,0.5261062234218683,9.516615886291568,9.657539746638578,9.627207382294696,0.5155555555555555,0.0012383633351418636,0.0,30
balanced,NoiseCorrectedMWST,MatchedPrior,0.14666666666666664,0.02392361111111111,0.013225710962959004,0.01930468749999999,0.028680555555555546,0.1261111111111111,0.5037529461421049,9.48224346367218,9.638954716595006,9.614729133957018,0.46888888888888886,0.00084408666637799,0.0,30
balanced,NoiseCorrectedMWST,UniformConnectedMLE,0.16569444444444442,0.028819444444444443,0.015836294843019443,0.023090277777777776,0.03427083333333333,0.10555555555555553,0.5289322568806093,9.48224346367218,9.638954716595006,9.614729133957018,0.46888888888888886,0.00084408666637799,0.0,30
balanced,BootstrapStabilityMWST,MatchedPrior,0.14812499999999998,0.025381944444444447,0.01305773028985044,0.020763888888888884,0.029999999999999992,0.12944444444444442,0.4971658416761958,9.493396842288174,9.643089584409195,9.61651517830336,0.48444444444444457,0.0923778533338918,0.0,30
balanced,BootstrapStabilityMWST,UniformConnectedMLE,0.16524305555555552,0.028368055555555556,0.015792169279499335,0.02284722222222222,0.03399305555555555,0.10722222222222218,0.5270573598634953,9.493396842288174,9.643089584409195,9.61651517830336,0.48444444444444457,0.0923778533338918,0.0,30
balanced,OracleQMarginalTree,MatchedPrior,0.14468749999999997,0.021944444444444444,0.012648582131959074,0.017500000000000012,0.026388888888888875,0.13999999999999999,0.5101759466364724,9.454538908309805,9.629915938995232,9.604804578485927,0.44444444444444453,11.868743579999137,0.0,30
balanced,OracleQMarginalTree,UniformConnectedMLE,0.15972222222222218,0.02284722222222222,0.01212603104857728,0.018750000000000003,0.02708420138888888,0.11666666666666664,0.5356022678945213,9.454538908309805,9.629915938995232,9.604804578485927,0.44444444444444453,11.868743579999137,0.0,30
balanced,EstimatedQMarginalTree,MatchedPrior,0.14440972222222218,0.02166666666666667,0.012084200325614362,0.017361111111111122,0.0259375,0.13444444444444445,0.5165004898049057,9.461977617418476,9.613518440614321,9.600491214305794,0.44444444444444453,16.49147057333418,0.02251624752057903,30
balanced,EstimatedQMarginalTree,UniformConnectedMLE,0.16173611111111105,0.0248611111111111,0.014339435571735875,0.019965277777777776,0.02993142361111109,0.1144444444444444,0.5379937503040008,9.461977617418476,9.613518440614321,9.600491214305794,0.44444444444444453,16.49147057333418,0.02251624752057903,30
path,GeneratingTreeOracle,MatchedPrior,0.11232638888888885,0.0,0.0,0.0,0.0,0.26444444444444437,0.6049651145116502,9.36102108207602,9.425479271446896,9.405632368948353,0.0,0.00023239999864011664,0.0,30
path,GeneratingTreeOracle,UniformConnectedMLE,0.11878472222222218,0.0,0.0,0.0,0.0,0.2522222222222222,0.6016697120973201,9.36102108207602,9.425479271446896,9.405632368948353,0.0,0.00023239999864011664,0.0,30
path,DataAgnosticRandomTree,MatchedPrior,0.16270833333333332,0.05038194444444444,0.017600209404684965,0.04440972222222222,0.056493055555555546,0.07388888888888885,0.38185728709871364,9.582075260245732,9.644661641017942,9.641729260943645,0.8488888888888889,0.0006395399987619432,0.0,30
path,DataAgnosticRandomTree,UniformConnectedMLE,0.1877083333333333,0.0689236111111111,0.017865226487478816,0.06253472222222221,0.07520833333333332,0.06444444444444443,0.39690260387143766,9.582075260245732,9.644661641017942,9.641729260943645,0.8488888888888889,0.0006395399987619432,0.0,30
path,BinaryMWST,MatchedPrior,0.14586805555555554,0.03354166666666667,0.015831726324981702,0.028125,0.039236111111111104,0.11388888888888885,0.45440186187799764,9.364652216239744,9.591297682122688,9.575617678864424,0.548888888888889,0.0012708799995985935,0.0,30
path,BinaryMWST,UniformConnectedMLE,0.17732638888888885,0.058541666666666665,0.016233136696630575,0.0528125,0.06416666666666665,0.1011111111111111,0.47730365569952193,9.364652216239744,9.591297682122688,9.575617678864424,0.548888888888889,0.0012708799995985935,0.0,30
path,NoiseCorrectedMWST,MatchedPrior,0.14131944444444441,0.028993055555555553,0.01120602347333475,0.025069444444444464,0.032951388888888884,0.12499999999999997,0.48149589775747537,9.340471159443288,9.573203711925371,9.542707229424309,0.4755555555555556,0.00068734333423582,0.0,30
path,NoiseCorrectedMWST,UniformConnectedMLE,0.16468749999999996,0.04590277777777778,0.01573104182448767,0.040519965277777785,0.05170138888888888,0.11722222222222219,0.486108889895791,9.340471159443288,9.573203711925371,9.542707229424309,0.4755555555555556,0.00068734333423582,0.0,30
path,BootstrapStabilityMWST,MatchedPrior,0.1409375,0.0286111111111111,0.010716703833736626,0.024894965277777754,0.032395833333333325,0.12444444444444443,0.4820832096946114,9.343618554177915,9.570387629555558,9.54385967781445,0.4644444444444445,0.06733156666741703,0.0,30
path,BootstrapStabilityMWST,UniformConnectedMLE,0.16017361111111109,0.04138888888888889,0.014764204040349855,0.036423611111111115,0.04670138888888888,0.12388888888888887,0.4912220895130543,9.343618554177915,9.570387629555558,9.54385967781445,0.4644444444444445,0.06733156666741703,0.0,30
path,OracleQMarginalTree,MatchedPrior,0.13753472222222218,0.02520833333333333,0.015547942170818818,0.01996527777777778,0.03086805555555554,0.14166666666666664,0.5015348223458571,9.30988925793222,9.547421075387124,9.511182906008877,0.4644444444444445,14.129411023333766,0.0,30
path,OracleQMarginalTree,UniformConnectedMLE,0.14986111111111108,0.031076388888888886,0.019335686797318844,0.024513888888888887,0.0379513888888889,0.13444444444444442,0.5134810988095477,9.30988925793222,9.547421075387124,9.511182906008877,0.4644444444444445,14.129411023333766,0.0,30
path,EstimatedQMarginalTree,MatchedPrior,0.13979166666666665,0.027465277777777762,0.012213807486242083,0.023159722222222213,0.03180555555555554,0.13499999999999998,0.4902194520660236,9.321064594733302,9.539403340204602,9.516292197615766,0.46,19.888506683333254,0.03644036798885499,30
path,EstimatedQMarginalTree,UniformConnectedMLE,0.1572222222222222,0.0384375,0.018030475046761175,0.032256076388888874,0.044826388888888874,0.12666666666666665,0.5025943128564773,9.321064594733302,9.539403340204602,9.516292197615766,0.46,19.888506683333254,0.03644036798885499,30
random,GeneratingTreeOracle,MatchedPrior,0.12486111111111106,0.0,0.0,0.0,0.0,0.22888888888888884,0.588690985718479,9.497312059121798,9.536912308714063,9.46951405790726,0.0,0.00016164333355842483,0.0,30
random,GeneratingTreeOracle,UniformConnectedMLE,0.14027777777777778,0.0,0.0,0.0,0.0,0.2,0.5923347460600596,9.497312059121798,9.536912308714063,9.46951405790726,0.0,0.00016164333355842483,0.0,30
random,DataAgnosticRandomTree,MatchedPrior,0.1721180555555555,0.04725694444444446,0.018602716822981567,0.040659722222222236,0.053785590277777774,0.0672222222222222,0.3759324196441397,9.75169342782845,9.794554631027427,9.71899076800283,0.8533333333333334,0.00039938666595838994,0.0,30
random,DataAgnosticRandomTree,UniformConnectedMLE,0.19121527777777775,0.05093749999999998,0.019365206553412277,0.0440625,0.05784722222222221,0.06666666666666662,0.41964362580287834,9.75169342782845,9.794554631027427,9.71899076800283,0.8533333333333334,0.00039938666595838994,0.0,30
random,BinaryMWST,MatchedPrior,0.15201388888888884,0.02715277777777779,0.012466830192342388,0.02298611111111113,0.031631944444444456,0.1222222222222222,0.46626217364650846,9.49025987357783,9.68044097448671,9.626795322842293,0.5488888888888889,0.0006567599994013465,0.0,30
random,BinaryMWST,UniformConnectedMLE,0.18336805555555552,0.043090277777777776,0.018909924881389557,0.03670138888888889,0.04975781249999997,0.09888888888888883,0.5018218290656066,9.49025987357783,9.68044097448671,9.626795322842293,0.5488888888888889,0.0006567599994013465,0.0,30
random,NoiseCorrectedMWST,MatchedPrior,0.14590277777777771,0.021041666666666677,0.011786382898882945,0.016908854166666664,0.025173611111111115,0.1383333333333333,0.495468292986476,9.457809089419868,9.662037227628293,9.610269715759276,0.47555555555555556,0.0004483066654453133,0.0,30
random,NoiseCorrectedMWST,UniformConnectedMLE,0.16579861111111105,0.02552083333333332,0.01233957762671589,0.021145833333333308,0.029895833333333326,0.11777777777777775,0.5112472842059961,9.457809089419868,9.662037227628293,9.610269715759276,0.47555555555555556,0.0004483066654453133,0.0,30
random,BootstrapStabilityMWST,MatchedPrior,0.1484722222222222,0.023611111111111124,0.012826008943854727,0.01920138888888889,0.028368055555555553,0.1361111111111111,0.48672357536013316,9.467913077536224,9.668555152460113,9.620520163637138,0.4866666666666667,0.03882752333496072,0.0,30
random,BootstrapStabilityMWST,UniformConnectedMLE,0.16604166666666662,0.025763888888888885,0.01590607659572973,0.020138020833333322,0.03138888888888888,0.11944444444444444,0.5109749246692314,9.467913077536224,9.668555152460113,9.620520163637138,0.4866666666666667,0.03882752333496072,0.0,30
random,OracleQMarginalTree,MatchedPrior,0.15024305555555553,0.025381944444444457,0.01129713986693324,0.021493055555555564,0.029375000000000005,0.1261111111111111,0.48573043976890234,9.435188783438802,9.656242014543375,9.587937591248656,0.49111111111111116,4.98439463666485,0.0,30
random,OracleQMarginalTree,UniformConnectedMLE,0.16277777777777774,0.022500000000000003,0.01409167099995176,0.017638020833333327,0.027499999999999993,0.11833333333333332,0.5139653779143759,9.435188783438802,9.656242014543375,9.587937591248656,0.49111111111111116,4.98439463666485,0.0,30
random,EstimatedQMarginalTree,MatchedPrior,0.14871527777777777,0.02385416666666667,0.01136274786451618,0.01989583333333335,0.02805555555555556,0.13277777777777777,0.4920164987301974,9.438362842470594,9.638562285320482,9.59486588673308,0.4800000000000001,6.294233076665842,0.02923686683879841,30
random,EstimatedQMarginalTree,UniformConnectedMLE,0.16486111111111107,0.02458333333333332,0.014796269722506054,0.01944444444444443,0.02989583333333332,0.11777777777777775,0.5107786013544127,9.438362842470594,9.638562285320482,9.59486588673308,0.4800000000000001,6.294233076665842,0.02923686683879841,30
star,GeneratingTreeOracle,MatchedPrior,0.16218749999999998,0.0,0.0,0.0,0.0,0.16999999999999998,0.6410596154584846,10.095996005940417,10.056113572367064,10.061475051333359,0.0,0.00021161333376460448,0.0,30
star,GeneratingTreeOracle,UniformConnectedMLE,0.21607638888888883,0.0,0.0,0.0,0.0,0.061111111111111095,0.6398457087082391,10.095996005940417,10.056113572367064,10.061475051333359,0.0,0.00021161333376460448,0.0,30
star,DataAgnosticRandomTree,MatchedPrior,0.2183333333333333,0.05614583333333333,0.014470907985384182,0.05104166666666668,0.06121527777777779,0.09555555555555555,0.44707433950853714,10.52358905849466,10.45737729266678,10.471814109119524,0.8733333333333333,0.0006345199998273634,0.0,30
star,DataAgnosticRandomTree,UniformConnectedMLE,0.2164930555555555,0.0004166666666666809,0.019044227235468728,-0.006354166666666661,0.006771701388888894,0.08666666666666663,0.5560312955817328,10.52358905849466,10.45737729266678,10.471814109119524,0.8733333333333333,0.0006345199998273634,0.0,30
star,BinaryMWST,MatchedPrior,0.16923611111111111,0.007048611111111108,0.012174532389576739,0.0031935763888888756,0.011597222222222226,0.1633333333333333,0.6170084434608302,10.083910339249945,10.085110400699175,10.098378969728838,0.08888888888888884,0.0010180000007190967,0.0,30
star,BinaryMWST,UniformConnectedMLE,0.21211805555555555,-0.003958333333333337,0.005555256217989376,-0.005937500000000006,-0.0021527777777777765,0.06888888888888885,0.6365739185486595,10.083910339249945,10.085110400699175,10.098378969728838,0.08888888888888884,0.0010180000007190967,0.0,30
star,NoiseCorrectedMWST,MatchedPrior,0.18312499999999998,0.020937500000000005,0.017084275100197666,0.015347222222222227,0.027187500000000017,0.13833333333333328,0.5700260981892094,10.078124525700813,10.150354183245605,10.170375312630158,0.26666666666666666,0.0007063333328308467,0.0,30
star,NoiseCorrectedMWST,UniformConnectedMLE,0.20604166666666665,-0.010034722222222217,0.009650266528820181,-0.013368055555555548,-0.006736111111111109,0.08111111111111106,0.626607683709808,10.078124525700813,10.150354183245605,10.170375312630158,0.26666666666666666,0.0007063333328308467,0.0,30
star,BootstrapStabilityMWST,MatchedPrior,0.18503472222222223,0.022847222222222224,0.013959173217712235,0.018020833333333326,0.027951388888888883,0.13388888888888884,0.5640509917596664,10.084447744520302,10.159286074780502,10.179809098530935,0.29333333333333333,0.07779301333357576,0.0,30
star,BootstrapStabilityMWST,UniformConnectedMLE,0.20670138888888884,-0.009374999999999996,0.010780291235341185,-0.01340277777777777,-0.005797743055555556,0.08166666666666661,0.6222505247254497,10.084447744520302,10.159286074780502,10.179809098530935,0.29333333333333333,0.07779301333357576,0.0,30
star,OracleQMarginalTree,MatchedPrior,0.18163194444444444,0.019444444444444438,0.012959505958942748,0.014930555555555548,0.024166666666666656,0.13777777777777772,0.5746031440452922,10.055399662474032,10.148236236602994,10.160306534624397,0.2688888888888889,4.180547043334809,0.0,30
star,OracleQMarginalTree,UniformConnectedMLE,0.2056597222222222,-0.010416666666666656,0.010523873607603445,-0.014305555555555544,-0.006770833333333326,0.08499999999999996,0.6242136427379876,10.055399662474032,10.148236236602994,10.160306534624397,0.2688888888888889,4.180547043334809,0.0,30
star,EstimatedQMarginalTree,MatchedPrior,0.18427083333333333,0.022083333333333337,0.016140676317686863,0.016423611111111115,0.02781250000000001,0.13833333333333328,0.5684318620008092,10.05445584092276,10.14420558378077,10.17324702430401,0.2822222222222222,9.239880013335885,0.05876689872203784,30
star,EstimatedQMarginalTree,UniformConnectedMLE,0.2056597222222222,-0.010416666666666656,0.010246454157265087,-0.014166666666666657,-0.00684027777777776,0.08222222222222217,0.6239547262988493,10.05445584092276,10.14420558378077,10.17324702430401,0.2822222222222222,9.239880013335885,0.05876689872203784,30
