dataset,method,subset,truth_events,hit_at_1,recall_at_10,mrr,average_rank,candidate_recall
tags-ask-ubuntu,exact_frequency,all,32861,0.0020693222969477496,0.013298438878914215,0.006121316702649452,83067.706034509,0.3830072121968291
tags-ask-ubuntu,exact_frequency,repeat,13331,0.005100892656214838,0.03278073662891006,0.015089084702255166,20868.964668817043,0.9441152201635287
tags-ask-ubuntu,exact_frequency,novel,19530,0.0,0.0,0.0,125524.0,0.0
tags-ask-ubuntu,exact_frequency,size_ge3,22741,0.0,0.002374565762279583,0.0012861986211557684,101086.28266127259,0.24409656567433272
tags-ask-ubuntu,exact_frequency,size_ge4,12224,0.0,0.0,0.00018309206937948218,111967.38514397906,0.15338678010471204
tags-ask-ubuntu,most_recent,all,32861,0.00018258726149538966,0.001095523568972338,0.0006281500354426785,85457.39944006572,0.3830072121968291
tags-ask-ubuntu,most_recent,repeat,13331,0.00045007876378366215,0.002700472582701973,0.0015483938425235808,26759.574150476332,0.9441152201635287
tags-ask-ubuntu,most_recent,novel,19530,0.0,0.0,0.0,125524.0,0.0
tags-ask-ubuntu,most_recent,size_ge3,22741,0.0,4.39734400422145e-05,0.0001449308192076117,100179.90682028055,0.24409656567433272
tags-ask-ubuntu,most_recent,size_ge4,12224,0.0,0.0,5.250718405111173e-05,109367.58008835079,0.15338678010471204
tags-ask-ubuntu,node_frequency_product,all,32861,0.0,0.0,2.636436676832991e-05,110197.53382429019,0.3896412160311616
tags-ask-ubuntu,node_frequency_product,repeat,13331,0.0,0.0,6.200750047607907e-05,83271.63723651638,0.9462155877278524
tags-ask-ubuntu,node_frequency_product,novel,19530,0.0,0.0,2.034688557474604e-06,128576.90542754736,0.00972862263184844
tags-ask-ubuntu,node_frequency_product,size_ge3,22741,0.0,0.0,3.51513121382047e-05,108854.67868607362,0.2520117848819313
tags-ask-ubuntu,node_frequency_product,size_ge4,12224,0.0,0.0,6.024839879499132e-05,111726.058736911,0.159276832460733
tags-ask-ubuntu,pair_sum,all,32861,0.0010650923587231065,0.0013998356714646542,0.0012428320620370824,107126.12586348559,0.3896412160311616
tags-ask-ubuntu,pair_sum,repeat,13331,0.002625459455404696,0.003450603855674743,0.003058288662672646,75823.05723501612,0.9462155877278524
tags-ask-ubuntu,pair_sum,novel,19530,0.0,0.0,3.6179328474920164e-06,128493.31520737328,0.00972862263184844
tags-ask-ubuntu,pair_sum,size_ge3,22741,0.0015390704014775075,0.002022778241941867,0.001792803943583704,106056.98438942879,0.2520117848819313
tags-ask-ubuntu,pair_sum,size_ge4,12224,0.002863219895287958,0.003763089005235602,0.0033287713378156985,110408.61035667539,0.159276832460733
tags-ask-ubuntu,pair_min,all,32861,0.0012781108304677276,0.012598521043181887,0.005017862012418133,84322.7203067466,0.3896412160311616
tags-ask-ubuntu,pair_min,repeat,13331,0.003150551346485635,0.03105543470107269,0.012365992607538482,20052.27312279649,0.9462155877278524
tags-ask-ubuntu,pair_min,novel,19530,0.0,0.0,2.095040398195294e-06,128193.14178187404,0.00972862263184844
tags-ask-ubuntu,pair_min,size_ge3,22741,0.0,0.0018029110417307945,0.0009015347969375977,100387.7314981751,0.2520117848819313
tags-ask-ubuntu,pair_min,size_ge4,12224,0.0,0.0,0.00017351319451372143,110932.34718586388,0.159276832460733
tags-ask-ubuntu,pair_hawkes,all,32861,0.0010650923587231065,0.0015519917227108122,0.001331832206650608,101049.98110221843,0.3896412160311616
tags-ask-ubuntu,pair_hawkes,repeat,13331,0.002625459455404696,0.003825669492161128,0.003274025806359325,61008.13337334034,0.9462155877278524
tags-ask-ubuntu,pair_hawkes,novel,19530,0.0,0.0,6.1085569979247855e-06,128382.18141321045,0.00972862263184844
tags-ask-ubuntu,pair_hawkes,size_ge3,22741,0.0015390704014775075,0.00224264544215294,0.0019205880701750086,103053.4689327646,0.2520117848819313
tags-ask-ubuntu,pair_hawkes,size_ge4,12224,0.002863219895287958,0.004172120418848168,0.003562628172669094,109761.2045157068,0.159276832460733
tags-ask-ubuntu,triple_support,all,32861,0.0010650923587231065,0.001795441404704665,0.001397292528438395,110394.25826968139,0.3896412160311616
tags-ask-ubuntu,triple_support,repeat,13331,0.002625459455404696,0.004425774510539345,0.003440076124023388,83774.32615707749,0.9462155877278524
tags-ask-ubuntu,triple_support,novel,19530,0.0,0.0,2.907064396227231e-06,128564.7813108039,0.00972862263184844
tags-ask-ubuntu,triple_support,size_ge3,22741,0.0015390704014775075,0.0025944329624906556,0.0020164017411117368,106276.26968910778,0.2520117848819313
tags-ask-ubuntu,triple_support,size_ge4,12224,0.002863219895287958,0.004826570680628272,0.003744978237881889,110070.16639397906,0.159276832460733
congress-bills,exact_frequency,all,19069,0.004614819864701872,0.005768524830877341,0.0057814388494661995,79472.25066862447,0.10996905973045257
congress-bills,exact_frequency,repeat,3592,0.024498886414253896,0.030623608017817373,0.03069216520614448,38772.95712694877,0.5837973273942093
congress-bills,exact_frequency,novel,15477,0.0,0.0,0.0,88918.0,0.0
congress-bills,exact_frequency,size_ge3,14278,0.0,0.0,3.898638486369681e-06,88009.8254657515,0.011766353831068777
congress-bills,exact_frequency,size_ge4,12390,0.0,0.0,3.1795358431715376e-06,88385.8221953188,0.006779661016949152
congress-bills,most_recent,all,19069,0.0,0.00010488226965231528,0.00040587555551041256,79608.79757721956,0.10996905973045257
congress-bills,most_recent,repeat,3592,0.0,0.0005567928730512249,0.002154688465486653,39497.84938752784,0.5837973273942093
congress-bills,most_recent,novel,15477,0.0,0.0,0.0,88918.0,0.0
congress-bills,most_recent,size_ge3,14278,0.0,0.00014007564084605686,5.193449308004478e-05,87938.02913573329,0.011766353831068777
congress-bills,most_recent,size_ge4,12390,0.0,0.00016142050040355126,5.547959050308766e-05,88337.21089588378,0.006779661016949152
congress-bills,node_frequency_product,all,19069,0.0,0.0,2.170790270382195e-06,63113.85410876291,0.11232891079762966
congress-bills,node_frequency_product,repeat,3592,0.0,0.0,1.1231439531237037e-05,58373.28340757238,0.5821269487750557
congress-bills,node_frequency_product,novel,15477,0.0,0.0,6.793751177325263e-08,64214.07572526976,0.003295212250436131
congress-bills,node_frequency_product,size_ge3,14278,0.0,0.0,3.9923238422086117e-07,63939.59125928001,0.011976467292337863
congress-bills,node_frequency_product,size_ge4,12390,0.0,0.0,2.657815092891702e-07,64066.889991928976,0.005488297013720743
congress-bills,pair_sum,all,19069,0.0,0.0,2.209710945002687e-06,63093.18684776338,0.11232891079762966
congress-bills,pair_sum,repeat,3592,0.0,0.0,1.1435833225466186e-05,58276.104398663694,0.5821269487750557
congress-bills,pair_sum,novel,15477,0.0,0.0,6.845416194234716e-08,64211.1657944046,0.003295212250436131
congress-bills,pair_sum,size_ge3,14278,0.0,0.0,4.491841415854217e-07,63929.3840874072,0.011976467292337863
congress-bills,pair_sum,size_ge4,12390,0.0,0.0,3.238627067224223e-07,64054.61759483454,0.005488297013720743
congress-bills,pair_min,all,19069,0.0,0.0,4.5904416486787664e-05,58778.31328333945,0.11232891079762966
congress-bills,pair_min,repeat,3592,0.0,0.0,0.0002117836422669198,35920.59743875278,0.5821269487750557
congress-bills,pair_min,novel,15477,0.0,0.0,7.406117139224527e-06,64083.27647476901,0.003295212250436131
congress-bills,pair_min,size_ge3,14278,0.0,0.0,1.3072469686420324e-06,63810.21690712985,0.011976467292337863
congress-bills,pair_min,size_ge4,12390,0.0,0.0,1.9968989073704162e-07,64118.39209039548,0.005488297013720743
congress-bills,pair_hawkes,all,19069,0.0,0.0,4.103901876234293e-06,61998.69862079815,0.11232891079762966
congress-bills,pair_hawkes,repeat,3592,0.0,0.0,2.1418099308666963e-05,52596.405345211584,0.5821269487750557
congress-bills,pair_hawkes,novel,15477,0.0,0.0,8.551348201718617e-08,64180.84228209601,0.003295212250436131
congress-bills,pair_hawkes,size_ge3,14278,0.0,0.0,2.4553275241376538e-06,63804.25129569968,0.011976467292337863
congress-bills,pair_hawkes,size_ge4,12390,0.0,0.0,2.569144602186115e-06,64003.000322841,0.005488297013720743
congress-bills,triple_support,all,19069,0.0,0.0,2.4431747072897386e-06,63010.55036971,0.11232891079762966
congress-bills,triple_support,repeat,3592,0.0,0.0,1.2666157774211048e-05,57842.30122494432,0.5821269487750557
congress-bills,triple_support,novel,15477,0.0,0.0,7.056017111468253e-08,64210.030303030304,0.003295212250436131
congress-bills,triple_support,size_ge3,14278,0.0,0.0,7.432321415437132e-07,63872.259560162485,0.011976467292337863
congress-bills,triple_support,size_ge4,12390,0.0,0.0,6.391318141954631e-07,64027.909523809525,0.005488297013720743
