instance,family,strategy,induced_width,max_union_arity,peak_entries,total_join_entries
sat-grid-pbl-0010.cnf.uai,sat,min_fill,11,12,4096,24836
sat-grid-pbl-0010.cnf.uai,sat,weighted_min_fill,11,12,4096,24836
sat-grid-pbl-0010.cnf.uai,sat,min_degree,11,12,4096,24836
sat-grid-pbl-0010.cnf.uai,sat,min_factor_entries,11,12,4096,24836
sat-grid-pbl-0010.cnf.uai,sat,random_00,32,33,8589934592,25782722996
sat-grid-pbl-0010.cnf.uai,sat,random_01,37,38,274877906944,550639819892
sat-grid-pbl-0010.cnf.uai,sat,random_02,20,21,2097152,8428708
sat-grid-pbl-0010.cnf.uai,sat,random_03,30,31,2147483648,5243042548
sat-grid-pbl-0010.cnf.uai,sat,random_04,34,35,34359738368,74726371972
sat-grid-pbl-0010.cnf.uai,sat,random_05,33,34,17179869184,43219279028
sat-grid-pbl-0010.cnf.uai,sat,random_06,35,36,68719476736,189001279620
sat-grid-pbl-0010.cnf.uai,sat,random_07,32,33,8589934592,28655708820
2bitcomp_5.cnf.uai,other,min_fill,36,37,137438953472,278766947386
2bitcomp_5.cnf.uai,other,weighted_min_fill,36,37,137438953472,278766947386
2bitcomp_5.cnf.uai,other,min_degree,37,38,274877906944,558925893690
2bitcomp_5.cnf.uai,other,min_factor_entries,37,38,274877906944,558925893690
2bitcomp_5.cnf.uai,other,random_00,64,65,36893488147419103232,83013726924954136634
2bitcomp_5.cnf.uai,other,random_01,68,69,590295810358705651712,1180605132642056441914
2bitcomp_5.cnf.uai,other,random_02,68,69,590295810358705651712,1323410898073781549114
2bitcomp_5.cnf.uai,other,random_03,57,58,288230376151711744,2287831087842877498
2bitcomp_5.cnf.uai,other,random_04,64,65,36893488147419103232,73791484448349052986
2bitcomp_5.cnf.uai,other,random_05,61,62,4611686018427387904,11873954547459547194
2bitcomp_5.cnf.uai,other,random_06,57,58,288230376151711744,712133220128284730
2bitcomp_5.cnf.uai,other,random_07,68,69,590295810358705651712,1194426680973150488634
Grids_12.uai,Grids,min_fill,13,14,16384,64414
Grids_12.uai,Grids,weighted_min_fill,13,14,16384,64414
Grids_12.uai,Grids,min_degree,13,14,16384,95518
Grids_12.uai,Grids,min_factor_entries,13,14,16384,95518
Grids_12.uai,Grids,random_00,34,35,34359738368,68890543606
Grids_12.uai,Grids,random_01,28,29,536870912,2686084134
Grids_12.uai,Grids,random_02,30,31,2147483648,6409502534
Grids_12.uai,Grids,random_03,35,36,68719476736,146577888542
Grids_12.uai,Grids,random_04,39,40,1099511627776,3681128993286
Grids_12.uai,Grids,random_05,29,30,1073741824,2367861094
Grids_12.uai,Grids,random_06,29,30,1073741824,5669043214
Grids_12.uai,Grids,random_07,37,38,274877906944,894033383118
CSP_12.uai,CSP,min_fill,11,12,524288,2155412
CSP_12.uai,CSP,weighted_min_fill,11,12,524288,2155412
CSP_12.uai,CSP,min_degree,11,12,524288,2154946
CSP_12.uai,CSP,min_factor_entries,11,12,524288,2156136
CSP_12.uai,CSP,random_00,18,19,4294967296,9998029422
CSP_12.uai,CSP,random_01,15,16,268435456,664026686
CSP_12.uai,CSP,random_02,17,18,4294967296,8889362486
CSP_12.uai,CSP,random_03,16,17,1073741824,1461757008
CSP_12.uai,CSP,random_04,18,19,8589934592,12308777468
CSP_12.uai,CSP,random_05,19,20,8589934592,19040017562
CSP_12.uai,CSP,random_06,19,20,34359738368,117395900756
CSP_12.uai,CSP,random_07,18,19,4294967296,10674329850
Promedus_24.uai,Promedus,min_fill,4,5,32,1516
Promedus_24.uai,Promedus,weighted_min_fill,4,5,32,1516
Promedus_24.uai,Promedus,min_degree,4,5,32,1516
Promedus_24.uai,Promedus,min_factor_entries,4,5,32,1516
Promedus_24.uai,Promedus,random_00,12,13,8192,38440
Promedus_24.uai,Promedus,random_01,13,14,16384,96300
Promedus_24.uai,Promedus,random_02,16,17,131072,545520
Promedus_24.uai,Promedus,random_03,15,16,65536,384340
Promedus_24.uai,Promedus,random_04,11,12,4096,25672
Promedus_24.uai,Promedus,random_05,11,12,4096,17900
Promedus_24.uai,Promedus,random_06,18,19,524288,1675268
Promedus_24.uai,Promedus,random_07,15,16,65536,183144
DBN_11.uai,DBN,min_fill,20,21,2097152,44040190
DBN_11.uai,DBN,weighted_min_fill,20,21,2097152,44040190
DBN_11.uai,DBN,min_degree,20,21,2097152,44040190
DBN_11.uai,DBN,min_factor_entries,20,21,2097152,44040190
DBN_11.uai,DBN,random_00,38,39,549755813888,1099513724926
DBN_11.uai,DBN,random_01,38,39,549755813888,1099513724926
DBN_11.uai,DBN,random_02,35,36,68719476736,137447342078
DBN_11.uai,DBN,random_03,38,39,549755813888,1099513724926
DBN_11.uai,DBN,random_04,35,36,68719476736,137447342078
DBN_11.uai,DBN,random_05,37,38,274877906944,549760008190
DBN_11.uai,DBN,random_06,38,39,549755813888,1099513724926
DBN_11.uai,DBN,random_07,37,38,274877906944,549760008190
ObjectDetection_74.uai,ObjectDetection,min_fill,6,7,19487171,72084430
ObjectDetection_74.uai,ObjectDetection,weighted_min_fill,6,7,19487171,72084430
ObjectDetection_74.uai,ObjectDetection,min_degree,6,7,19487171,74041000
ObjectDetection_74.uai,ObjectDetection,min_factor_entries,6,7,19487171,74041000
ObjectDetection_74.uai,ObjectDetection,random_00,14,15,4177248169415651,4748918934814780
ObjectDetection_74.uai,ObjectDetection,random_01,20,21,7400249944258160101211,9546993263141300153880
ObjectDetection_74.uai,ObjectDetection,random_02,24,25,108347059433883722041830251,358269963614538800884264260
ObjectDetection_74.uai,ObjectDetection,random_03,17,18,5559917313492231481,6183549915400890560
ObjectDetection_74.uai,ObjectDetection,random_04,17,18,5559917313492231481,6120887370845512650
ObjectDetection_74.uai,ObjectDetection,random_05,19,20,672749994932560009201,820625070041394811820
ObjectDetection_74.uai,ObjectDetection,random_06,21,22,81402749386839761113321,90338192755597326997050
ObjectDetection_74.uai,ObjectDetection,random_07,19,20,672749994932560009201,1480095935494928541790
