instance,family,variables,factors,median_arity,max_arity,order3_fraction,median_domain,max_domain,median_table_entries,max_table_entries,median_nonzero_fraction,primal_edges,alpha_acyclic
sat-grid-pbl-0010.cnf.uai,sat,110,191,0.0,4,0.38219895287958117,2.0,2,1.0,16,0.0,240,False
2bitcomp_5.cnf.uai,other,125,310,2.0,5,0.12903225806451613,2.0,2,4.0,32,0.75,505,
grid10x10.f10.uai,grid,100,280,2.0,2,0.0,2.0,2,4.0,4,1.0,180,
Grids_12.uai,Grids,100,280,2.0,2,0.0,2.0,2,4.0,4,1.0,180,
Grids_11.uai,Grids,100,300,2.0,2,0.0,2.0,2,4.0,4,1.0,200,
Grids_13.uai,Grids,100,300,2.0,2,0.0,2.0,2,4.0,4,1.0,200,
Grids_14.uai,Grids,100,300,2.0,2,0.0,2.0,2,4.0,4,1.0,200,
CSP_12.uai,CSP,67,271,2.0,3,0.08487084870848709,2.0,4,8.0,32,1.0,226,
Pedigree_11.uai,Pedigree,385,385,2.0,4,0.43896103896103894,2.0,3,4.0,16,1.0,930,
Pedigree_13.uai,Pedigree,385,385,2.0,4,0.43896103896103894,2.0,3,4.0,16,1.0,930,
Pedigree_12.uai,Pedigree,385,385,2.0,4,0.43896103896103894,2.0,3,4.0,16,1.0,930,
Promedus_24.uai,Promedus,200,200,2.5,3,0.5,2.0,2,6.0,8,0.8125,304,False
c432.isc.cnf.uai,c,196,514,2.0,10,0.33852140077821014,2.0,2,4.0,1024,0.75,645,
DBN_11.uai,DBN,40,440,2.0,2,0.0,2.0,2,4.0,4,1.0,400,
DBN_14.uai,DBN,40,440,2.0,2,0.0,2.0,2,4.0,4,1.0,400,
CSP_11.uai,CSP,82,462,2.0,2,0.0,2.0,4,8.0,16,1.0,380,
2bitmax_6.cnf.uai,other,252,766,2.0,6,0.10704960835509138,2.0,2,4.0,64,0.75,1230,
DBN_12.uai,DBN,42,483,2.0,2,0.0,2.0,2,4.0,4,1.0,441,
DBN_15.uai,DBN,42,483,2.0,2,0.0,2.0,2,4.0,4,1.0,441,
DBN_13.uai,DBN,44,528,2.0,2,0.0,2.0,2,4.0,4,1.0,484,
DBN_16.uai,DBN,44,528,2.0,2,0.0,2.0,2,4.0,4,1.0,484,
c880.isc.cnf.uai,c,417,1060,2.0,5,0.27735849056603773,2.0,2,4.0,32,0.75,1034,
CSP_13.uai,CSP,100,710,2.0,3,0.02535211267605634,2.0,4,4.0,16,1.0,619,
Segmentation_11.uai,Segmentation,228,845,2.0,2,0.0,2.0,2,4.0,4,1.0,617,
Segmentation_14.uai,Segmentation,226,845,2.0,2,0.0,2.0,2,4.0,4,1.0,619,
Segmentation_12.uai,Segmentation,229,851,2.0,2,0.0,2.0,2,4.0,4,1.0,622,
Segmentation_15.uai,Segmentation,232,863,2.0,2,0.0,2.0,2,4.0,4,1.0,631,
Segmentation_16.uai,Segmentation,231,864,2.0,2,0.0,2.0,2,4.0,4,1.0,633,
Segmentation_13.uai,Segmentation,235,882,2.0,2,0.0,2.0,2,4.0,4,1.0,647,
Promedus_30.uai,Promedus,306,306,3.0,3,0.5228758169934641,2.0,2,8.0,8,0.6875,492,
Promedus_33.uai,Promedus,378,378,3.0,3,0.5052910052910053,2.0,2,8.0,8,0.6875,575,
Promedus_15.uai,Promedus,385,385,3.0,3,0.5766233766233766,2.0,2,8.0,8,0.625,669,
Promedus_22.uai,Promedus,400,400,3.0,3,0.54,2.0,2,8.0,8,0.625,650,
Grids_15.uai,Grids,400,1160,2.0,2,0.0,2.0,2,4.0,4,1.0,760,
Grids_16.uai,Grids,400,1160,2.0,2,0.0,2.0,2,4.0,4,1.0,760,
Promedus_18.uai,Promedus,374,374,3.0,3,0.6524064171122995,2.0,2,8.0,8,0.625,738,
Promedus_29.uai,Promedus,434,434,3.0,3,0.5046082949308756,2.0,2,8.0,8,0.75,663,
Grids_17.uai,Grids,400,1160,2.0,2,0.0,2.0,2,4.0,4,1.0,760,
Promedus_27.uai,Promedus,410,410,3.0,3,0.5707317073170731,2.0,2,8.0,8,0.625,707,
Promedus_34.uai,Promedus,415,415,3.0,3,0.5783132530120482,2.0,2,8.0,8,0.625,723,
Grids_18.uai,Grids,400,1160,2.0,2,0.0,2.0,2,4.0,4,1.0,760,
Promedus_14.uai,Promedus,414,414,3.0,3,0.6400966183574879,2.0,2,8.0,8,0.625,801,
Alchemy_11.uai,Alchemy,440,860,1.0,3,0.4418604651162791,2.0,2,2.0,8,1.0,990,
Promedus_28.uai,Promedus,463,463,3.0,3,0.5593952483801296,2.0,2,8.0,8,0.625,784,
Promedus_31.uai,Promedus,466,466,3.0,3,0.5772532188841202,2.0,2,8.0,8,0.625,809,
Promedus_35.uai,Promedus,467,467,3.0,3,0.5781584582441114,2.0,2,8.0,8,0.625,812,
Promedus_36.uai,Promedus,467,467,3.0,3,0.5781584582441114,2.0,2,8.0,8,0.625,812,
Promedus_21.uai,Promedus,473,473,3.0,3,0.5750528541226215,2.0,2,8.0,8,0.625,819,
Promedus_11.uai,Promedus,461,461,3.0,3,0.5986984815618221,2.0,2,8.0,8,0.625,835,
Promedus_32.uai,Promedus,511,511,3.0,3,0.5244618395303327,2.0,2,8.0,8,0.625,806,
linkage_16.uai,linkage,402,402,2.0,4,0.34328358208955223,2.0,5,4.0,200,1.0,856,
c1908.isc.cnf.uai,c,751,2053,2.0,9,0.21480759863614224,2.0,2,4.0,512,0.75,1948,
Promedus_12.uai,Promedus,534,534,3.0,3,0.5842696629213483,2.0,2,8.0,8,0.625,939,
Promedus_20.uai,Promedus,546,546,3.0,3,0.5787545787545788,2.0,2,8.0,8,0.625,954,
Promedus_26.uai,Promedus,614,614,2.5,3,0.5,2.0,2,6.0,8,0.8125,925,
Promedus_19.uai,Promedus,624,624,3.0,3,0.5865384615384616,2.0,2,8.0,8,0.625,1104,
linkage_21.uai,linkage,437,437,2.0,4,0.3524027459954233,2.0,5,4.0,200,1.0,949,
Promedus_23.uai,Promedus,674,674,3.0,3,0.5415430267062314,2.0,2,8.0,8,0.625,1103,
Promedus_16.uai,Promedus,715,715,3.0,3,0.5202797202797202,2.0,2,8.0,8,0.625,1121,
Promedus_38.uai,Promedus,668,668,3.0,3,0.6137724550898204,2.0,2,8.0,8,0.625,1235,
linkage_22.uai,linkage,798,798,2.0,5,0.3684210526315789,2.0,4,4.0,128,1.0,1891,
prob001.pddl.cnf.uai,prob,939,3785,2.0,5,0.03038309114927345,2.0,2,4.0,32,0.75,3942,
log-1.cnf.uai,log,939,3785,2.0,5,0.03038309114927345,2.0,2,4.0,32,0.75,3945,
linkage_14.uai,linkage,448,448,2.0,4,0.36160714285714285,2.0,5,4.0,250,1.0,1009,
Promedus_13.uai,Promedus,894,894,3.0,3,0.5480984340044742,2.0,2,8.0,8,0.625,1473,
linkage_23.uai,linkage,1032,1032,2.0,4,0.3391472868217054,2.0,5,4.0,128,1.0,2155,
linkage_11.uai,linkage,1077,1077,2.0,4,0.32404828226555243,2.0,3,4.0,54,1.0,2304,
Promedus_17.uai,Promedus,916,916,3.0,3,0.5403930131004366,2.0,2,8.0,8,0.625,1494,
linkage_17.uai,linkage,1068,1068,2.0,4,0.29775280898876405,2.0,4,4.0,128,1.0,2124,
linkage_27.uai,linkage,811,811,2.0,5,0.3588162762022195,2.0,4,4.0,128,1.0,1918,
Promedus_25.uai,Promedus,1005,1005,3.0,3,0.5532338308457712,2.0,2,8.0,8,0.625,1675,
Promedus_37.uai,Promedus,1039,1039,3.0,3,0.5428296438883542,2.0,2,8.0,8,0.625,1696,
linkage_20.uai,linkage,1160,1160,2.0,4,0.30344827586206896,2.0,5,4.0,96,1.0,2370,
ObjectDetection_74.uai,ObjectDetection,60,210,2.0,2,0.0,11.0,11,121.0,121,0.8264462809917356,150,
ObjectDetection_28.uai,ObjectDetection,60,210,2.0,2,0.0,11.0,11,121.0,121,0.8264462809917356,150,
ObjectDetection_61.uai,ObjectDetection,60,210,2.0,2,0.0,11.0,11,121.0,121,0.8264462809917356,150,
ObjectDetection_51.uai,ObjectDetection,60,210,2.0,2,0.0,11.0,11,121.0,121,0.8264462809917356,150,
ObjectDetection_46.uai,ObjectDetection,60,210,2.0,2,0.0,11.0,11,121.0,121,0.8264462809917356,150,
linkage_15.uai,linkage,1152,1152,2.0,4,0.3272569444444444,2.0,5,4.0,150,1.0,2546,
ObjectDetection_34.uai,ObjectDetection,60,210,2.0,2,0.0,11.0,11,121.0,121,0.8264462809917356,150,
ObjectDetection_70.uai,ObjectDetection,60,210,2.0,2,0.0,11.0,11,121.0,121,0.8264462809917356,150,
linkage_26.uai,linkage,1289,1289,2.0,5,0.295577967416602,2.0,5,4.0,200,1.0,2630,
ObjectDetection_75.uai,ObjectDetection,60,225,2.0,2,0.0,11.0,11,121.0,121,0.8264462809917356,165,
ObjectDetection_54.uai,ObjectDetection,60,225,2.0,2,0.0,11.0,11,121.0,121,0.8264462809917356,165,
ObjectDetection_66.uai,ObjectDetection,60,225,2.0,2,0.0,11.0,11,121.0,121,0.8264462809917356,165,
ObjectDetection_62.uai,ObjectDetection,60,225,2.0,2,0.0,11.0,11,121.0,121,0.8264462809917356,165,
ObjectDetection_58.uai,ObjectDetection,60,225,2.0,2,0.0,11.0,11,121.0,121,0.8264462809917356,165,
ObjectDetection_52.uai,ObjectDetection,60,225,2.0,2,0.0,11.0,11,121.0,121,0.8264462809917356,165,
ObjectDetection_47.uai,ObjectDetection,60,225,2.0,2,0.0,11.0,11,121.0,121,0.8264462809917356,165,
ObjectDetection_35.uai,ObjectDetection,60,225,2.0,2,0.0,11.0,11,121.0,121,0.8264462809917356,165,
ObjectDetection_42.uai,ObjectDetection,60,225,2.0,2,0.0,11.0,11,121.0,121,0.8264462809917356,165,
ObjectDetection_71.uai,ObjectDetection,60,225,2.0,2,0.0,11.0,11,121.0,121,0.8264462809917356,165,
ObjectDetection_30.uai,ObjectDetection,60,225,2.0,2,0.0,11.0,11,121.0,121,0.8264462809917356,165,
ObjectDetection_38.uai,ObjectDetection,60,225,2.0,2,0.0,11.0,11,121.0,121,0.8264462809917356,165,
ObjectDetection_22.uai,ObjectDetection,60,225,2.0,2,0.0,11.0,11,121.0,121,0.8264462809917356,165,
ObjectDetection_11.uai,ObjectDetection,60,225,2.0,2,0.0,11.0,11,121.0,121,0.8264462809917356,165,
2bitadd_11.cnf.uai,other,649,1562,2.0,11,0.19718309859154928,2.0,2,4.0,2048,0.75,2992,
linkage_24.uai,linkage,1289,1289,2.0,5,0.31962761830876646,2.0,5,4.0,150,1.0,2808,
linkage_13.uai,linkage,1062,1062,2.0,5,0.332391713747646,2.0,5,4.0,150,1.0,2380,
linkage_19.uai,linkage,793,793,2.0,5,0.3682219419924338,2.0,5,4.0,250,1.0,1925,
linkage_18.uai,linkage,1118,1118,2.0,4,0.35062611806797855,2.0,7,4.0,200,1.0,2535,
linkage_12.uai,linkage,1183,1183,2.0,5,0.3330515638207946,2.0,5,4.0,200,1.0,2647,
linkage_25.uai,linkage,1030,1030,2.0,5,0.34757281553398056,2.0,7,4.0,588,1.0,2399,
ra.cnf.uai,ra,1236,11416,2.0,2,0.0,2.0,2,4.0,4,0.75,11416,
ObjectDetection_56.uai,ObjectDetection,60,195,2.0,2,0.0,16.0,16,256.0,256,0.87890625,135,False
ObjectDetection_68.uai,ObjectDetection,60,195,2.0,2,0.0,16.0,16,256.0,256,0.87890625,135,False
ObjectDetection_29.uai,ObjectDetection,60,195,2.0,2,0.0,16.0,16,256.0,256,0.87890625,135,False
ObjectDetection_64.uai,ObjectDetection,60,195,2.0,2,0.0,16.0,16,256.0,256,0.87890625,135,False
ObjectDetection_49.uai,ObjectDetection,60,195,2.0,2,0.0,16.0,16,256.0,256,0.87890625,135,False
ObjectDetection_44.uai,ObjectDetection,60,195,2.0,2,0.0,16.0,16,256.0,256,0.87890625,135,False
ObjectDetection_32.uai,ObjectDetection,60,195,2.0,2,0.0,16.0,16,256.0,256,0.87890625,135,False
ObjectDetection_40.uai,ObjectDetection,60,195,2.0,2,0.0,16.0,16,256.0,256,0.87890625,135,False
ObjectDetection_55.uai,ObjectDetection,60,210,2.0,2,0.0,16.0,16,256.0,256,0.87890625,150,
ObjectDetection_67.uai,ObjectDetection,60,210,2.0,2,0.0,16.0,16,256.0,256,0.87890625,150,
ObjectDetection_63.uai,ObjectDetection,60,210,2.0,2,0.0,16.0,16,256.0,256,0.87890625,150,
ObjectDetection_59.uai,ObjectDetection,60,210,2.0,2,0.0,16.0,16,256.0,256,0.87890625,150,
ObjectDetection_53.uai,ObjectDetection,60,210,2.0,2,0.0,16.0,16,256.0,256,0.87890625,150,
ObjectDetection_48.uai,ObjectDetection,60,210,2.0,2,0.0,16.0,16,256.0,256,0.87890625,150,
ObjectDetection_36.uai,ObjectDetection,60,210,2.0,2,0.0,16.0,16,256.0,256,0.87890625,150,
ObjectDetection_72.uai,ObjectDetection,60,210,2.0,2,0.0,16.0,16,256.0,256,0.87890625,150,
ObjectDetection_43.uai,ObjectDetection,60,210,2.0,2,0.0,16.0,16,256.0,256,0.87890625,150,
ObjectDetection_31.uai,ObjectDetection,60,210,2.0,2,0.0,16.0,16,256.0,256,0.87890625,150,
ObjectDetection_39.uai,ObjectDetection,60,210,2.0,2,0.0,16.0,16,256.0,256,0.87890625,150,
ObjectDetection_12.uai,ObjectDetection,60,210,2.0,2,0.0,16.0,16,256.0,256,0.87890625,150,
ObjectDetection_18.uai,ObjectDetection,60,210,2.0,2,0.0,16.0,16,256.0,256,0.87890625,150,
relational_3.uai,relational,1000,2000,2.5,4,0.5,2.0,2,9.0,16,1.0,3900,
ObjectDetection_26.uai,ObjectDetection,60,225,2.0,2,0.0,16.0,16,256.0,256,0.87890625,165,
ObjectDetection_16.uai,ObjectDetection,60,225,2.0,2,0.0,16.0,16,256.0,256,0.87890625,165,
ObjectDetection_13.uai,ObjectDetection,60,225,2.0,2,0.0,16.0,16,256.0,256,0.87890625,165,
ObjectDetection_23.uai,ObjectDetection,60,225,2.0,2,0.0,16.0,16,256.0,256,0.87890625,165,
ObjectDetection_19.uai,ObjectDetection,60,225,2.0,2,0.0,16.0,16,256.0,256,0.87890625,165,
logistics.a.cnf.uai,logistics,828,6718,3.0,11,0.5080381065793391,2.0,2,8.0,2048,0.875,9427,
ObjectDetection_57.uai,ObjectDetection,60,195,2.0,2,0.0,21.0,21,441.0,441,0.9070294784580499,135,False
ObjectDetection_69.uai,ObjectDetection,60,195,2.0,2,0.0,21.0,21,441.0,441,0.9070294784580499,135,False
ObjectDetection_65.uai,ObjectDetection,60,195,2.0,2,0.0,21.0,21,441.0,441,0.9070294784580499,135,False
ObjectDetection_60.uai,ObjectDetection,60,195,2.0,2,0.0,21.0,21,441.0,441,0.9070294784580499,135,False
ObjectDetection_37.uai,ObjectDetection,60,195,2.0,2,0.0,21.0,21,441.0,441,0.9070294784580499,135,False
ObjectDetection_50.uai,ObjectDetection,60,195,2.0,2,0.0,21.0,21,441.0,441,0.9070294784580499,135,False
ObjectDetection_73.uai,ObjectDetection,60,195,2.0,2,0.0,21.0,21,441.0,441,0.9070294784580499,135,False
ObjectDetection_45.uai,ObjectDetection,60,195,2.0,2,0.0,21.0,21,441.0,441,0.9070294784580499,135,False
ObjectDetection_33.uai,ObjectDetection,60,195,2.0,2,0.0,21.0,21,441.0,441,0.9070294784580499,135,False
ObjectDetection_15.uai,ObjectDetection,60,195,2.0,2,0.0,21.0,21,441.0,441,0.9070294784580499,135,False
ObjectDetection_21.uai,ObjectDetection,60,195,2.0,2,0.0,21.0,21,441.0,441,0.9070294784580499,135,False
ObjectDetection_25.uai,ObjectDetection,60,195,2.0,2,0.0,21.0,21,441.0,441,0.9070294784580499,135,False
ObjectDetection_41.uai,ObjectDetection,60,195,2.0,2,0.0,21.0,21,441.0,441,0.9070294784580499,135,False
log-4.cnf.uai,log,2303,20963,2.0,5,0.018985832180508515,2.0,2,4.0,32,0.75,21604,
prob004.pddl.cnf.uai,prob,2303,20963,2.0,5,0.018985832180508515,2.0,2,4.0,32,0.75,21604,
ObjectDetection_27.uai,ObjectDetection,60,210,2.0,2,0.0,21.0,21,441.0,441,0.9070294784580499,150,
ObjectDetection_14.uai,ObjectDetection,60,210,2.0,2,0.0,21.0,21,441.0,441,0.9070294784580499,150,
ObjectDetection_17.uai,ObjectDetection,60,210,2.0,2,0.0,21.0,21,441.0,441,0.9070294784580499,150,
ObjectDetection_24.uai,ObjectDetection,60,210,2.0,2,0.0,21.0,21,441.0,441,0.9070294784580499,150,
ObjectDetection_20.uai,ObjectDetection,60,210,2.0,2,0.0,21.0,21,441.0,441,0.9070294784580499,150,
log-2.cnf.uai,log,1337,24777,2.0,6,0.009282802599184728,2.0,2,4.0,64,0.75,25220,
prob002.pddl.cnf.uai,prob,1337,24777,2.0,6,0.009282802599184728,2.0,2,4.0,64,0.75,25220,
log-3.cnf.uai,log,1413,29487,2.0,6,0.008071353477803777,2.0,2,4.0,64,0.75,29974,
prob003.pddl.cnf.uai,prob,1413,29487,2.0,6,0.008071353477803777,2.0,2,4.0,64,0.75,29974,
log-5.cnf.uai,log,2701,29534,2.0,6,0.014593350037245208,2.0,2,4.0,64,0.75,30358,
prob005.pddl.cnf.uai,prob,2701,29534,2.0,6,0.014593350037245208,2.0,2,4.0,64,0.75,30358,
prob012.pddl.cnf.uai,prob,2324,31857,2.0,6,0.011300499105377153,2.0,2,4.0,64,0.75,32592,
rc.cnf.uai,rc,2472,17942,2.0,9,0.05517779511760116,2.0,2,4.0,512,0.75,20220,
rb.cnf.uai,rb,1854,11324,2.0,9,0.09184033910279053,2.0,2,4.0,512,0.75,11805,
logistics.b.cnf.uai,logistics,843,7301,2.0,14,0.45212984522668126,2.0,2,4.0,16384,0.75,9923,
relational_4.uai,relational,10200,20200,1.0,3,0.49504950495049505,2.0,2,2.0,8,1.0,30000,
BN_74.uai,BN,749,749,3.0,4,0.5327102803738317,3.0,36,8.0,2304,1.0,1837,
logistics.c.cnf.uai,logistics,1141,10719,2.0,14,0.4546133034798022,2.0,2,4.0,16384,0.75,14637,
relational_2.uai,relational,13000,25750,1.0,3,0.4854368932038835,2.0,2,2.0,8,1.0,25250,
BN_69.uai,BN,777,777,3.0,4,0.5495495495495496,4.0,36,16.0,2304,0.5,2001,
relational_5.uai,relational,10000,60000,2.0,2,0.0,2.0,2,4.0,4,1.0,50000,
relational_1.uai,relational,500,62500,2.0,2,0.0,2.0,2,4.0,4,1.0,62500,
BN_71.uai,BN,1740,1740,3.0,5,0.5402298850574713,3.0,36,16.0,2304,0.5,4612,
BN_75.uai,BN,1820,1820,3.0,5,0.5604395604395604,2.0,36,16.0,2304,0.5,5088,
BN_70.uai,BN,2315,2315,3.0,5,0.5680345572354212,2.0,36,16.0,2304,0.5,6598,
BN_73.uai,BN,2140,2140,3.0,4,0.5327102803738317,3.0,36,12.0,2304,0.5,5308,
BN_72.uai,BN,2155,2155,3.0,5,0.5359628770301624,3.0,36,16.0,2304,0.5,5646,
BN_76.uai,BN,2155,2155,3.0,5,0.5359628770301624,5.0,36,16.0,2304,0.5,5646,
