workload,workload_class,scale,update_regime,workers,system,n,latency_median_ms,latency_mean_ms,latency_p95_ms,latency_p99_ms,latency_min_ms,latency_max_ms,rss_steady_median_mb,rss_peak_median_mb,rss_post_median_mb,observed_output_changes_median,observed_output_retractions_median,all_correct
connected_components,recursive_aggregate,medium,realistic_mixed,1,FlowLog_incremental,15,15.0608,18.68564,43.36696,45.405472,7.8172,45.9151,20.9765625,21.96875,21.96875,0.0,0.0,True
connected_components,recursive_aggregate,medium,realistic_mixed,1,FlowLog_recompute,15,64.056,68.69893333333333,97.8372,99.02104,42.968,99.317,,11.16,3.441,,,True
connected_components,recursive_aggregate,small,delete_heavy_stress,1,FlowLog_incremental,5,10.5276,10.99566,14.99238,15.478716,7.0977,15.6003,14.37109375,14.5546875,14.5546875,0.0,0.0,True
connected_components,recursive_aggregate,small,delete_heavy_stress,1,FlowLog_recompute,5,26.951,27.020799999999998,32.1954,33.12948,21.9,33.363,,9.566,8.098,,,True
connected_components,recursive_aggregate,small,realistic_mixed,1,FlowLog_incremental,15,11.5201,11.094073333333334,16.654729999999994,19.188225999999997,5.4908,19.8216,14.390625,14.46875,14.453125,0.0,0.0,True
connected_components,recursive_aggregate,small,realistic_mixed,1,FlowLog_recompute,15,38.104,36.529133333333334,48.24749999999999,54.10229999999999,21.677,55.566,,9.688,6.66,,,True
connected_components,recursive_aggregate,small,realistic_mixed,4,FlowLog_incremental,5,11.2555,11.28,12.37244,12.585688,10.1878,12.639,16.859375,17.5390625,17.46875,0.0,0.0,True
connected_components,recursive_aggregate,small,realistic_mixed,4,FlowLog_recompute,5,57.477,57.1322,66.9328,67.74656,44.695,67.95,,12.062,7.027,,,True
ldbc_reachability,reachability,official_toy,native_temporal,1,FlowLog_incremental,15,3.8982,5.35724,10.39777,10.480034,2.126,10.5006,10.4375,11.09765625,11.09765625,0.0,0.0,True
ldbc_reachability,reachability,official_toy,native_temporal,1,FlowLog_recompute,15,28.467,29.512666666666668,45.6245,47.8393,17.791,48.393,,8.77,8.469,,,True
polonius_subset,program_analysis,real,realistic_mixed,1,FlowLog_incremental,15,8.9048,8.489826666666666,12.48015,12.492750000000001,3.5253,12.4959,14.6171875,15.16015625,15.16015625,0.0,0.0,True
polonius_subset,program_analysis,real,realistic_mixed,1,FlowLog_recompute,15,33.701,45.30793333333334,68.3969,71.76978,26.808,72.613,,11.312,7.883,,,True
reachability,reachability,medium,realistic_mixed,1,FlowLog_incremental,15,3.1422,3.846233333333333,7.407789999999997,9.180917999999998,2.1431,9.6242,11.58203125,11.96484375,11.9609375,0.0,0.0,True
reachability,reachability,medium,realistic_mixed,1,FlowLog_recompute,15,28.131,28.5178,41.3223,41.451660000000004,16.515,41.484,,8.875,6.324,,,True
reachability,reachability,small,delete_heavy_stress,1,FlowLog_incremental,5,7.9607,8.10238,10.474499999999999,10.592659999999999,4.9885,10.6222,10.96875,11.453125,11.453125,3.0,3.0,True
reachability,reachability,small,delete_heavy_stress,1,FlowLog_recompute,5,36.387,35.2552,41.3194,41.94628,27.143,42.103,,8.797,7.684,,,True
reachability,reachability,small,realistic_mixed,1,FlowLog_incremental,15,7.4314,7.850873333333334,14.29858,14.578356000000001,2.7059,14.6483,10.98828125,11.421875,11.421875,0.0,0.0,True
reachability,reachability,small,realistic_mixed,1,FlowLog_recompute,15,45.668,45.93306666666667,52.0058,52.82675999999999,31.558,53.032,,8.82,6.332,,,True
reachability,reachability,small,realistic_mixed,4,FlowLog_incremental,5,6.2666,6.484019999999999,7.32262,7.372523999999999,5.5603,7.385,12.81640625,13.44140625,13.44140625,0.0,0.0,True
reachability,reachability,small,realistic_mixed,4,FlowLog_recompute,5,32.913,31.0452,37.6402,38.32084,24.316,38.491,,10.344,6.797,,,True
sssp,weighted_recursive_aggregate,small,realistic_mixed,1,FlowLog_incremental,5,6.1052,6.43124,7.50936,7.712512,5.8428,7.7633,11.828125,12.64453125,12.64453125,22.0,11.0,True
sssp,weighted_recursive_aggregate,small,realistic_mixed,1,FlowLog_recompute,5,29.225,30.005200000000002,45.4064,48.54688,19.185,49.332,,9.605,8.207,,,True
