experiment_type,seed,tree_topology,random_mean_hamming,random_best_of_5_hamming,random_across_tree_sd,primary_random_hamming
a0_75_r3,0,balanced,0.12220833333333334,0.11541666666666667,0.004907123506812428,0.11916666666666667
a0_75_r3,0,path,0.110375,0.105,0.0030632793792854662,0.11125
a0_75_r3,0,random,0.10987499999999999,0.09854166666666667,0.007292559469151494,0.11458333333333333
a0_75_r3,0,star,0.14845833333333333,0.14125,0.006430720540240158,0.15020833333333333
a0_75_r3,1,balanced,0.11629166666666665,0.11125,0.004051534345844243,0.11645833333333333
a0_75_r3,1,path,0.11274999999999999,0.10895833333333334,0.004911102077040461,0.11833333333333333
a0_75_r3,1,random,0.109125,0.09916666666666667,0.008795023055999088,0.09916666666666667
a0_75_r3,1,star,0.12754166666666666,0.11708333333333333,0.0074599625781009505,0.13166666666666665
a0_75_r3,2,balanced,0.11216666666666666,0.11104166666666666,0.0010478980283299476,0.11375
a0_75_r3,2,path,0.10904166666666666,0.101875,0.004598931790221628,0.11270833333333333
a0_75_r3,2,random,0.11083333333333334,0.10666666666666667,0.002398096756921107,0.11104166666666666
a0_75_r3,2,star,0.14454166666666665,0.13541666666666666,0.005415464610210692,0.146875
a0_75_r3,3,balanced,0.10654166666666667,0.101875,0.003185524987257902,0.10833333333333334
a0_75_r3,3,path,0.10708333333333334,0.09666666666666666,0.006671547692335804,0.09666666666666666
a0_75_r3,3,random,0.11725,0.103125,0.009729858112474656,0.11145833333333334
a0_75_r3,3,star,0.12854166666666667,0.10583333333333333,0.013007076065656636,0.10583333333333333
a0_75_r3,4,balanced,0.11091666666666666,0.10666666666666667,0.0032227759342253665,0.11458333333333333
a0_75_r3,4,path,0.10200000000000001,0.095,0.005365544007833694,0.095
a0_75_r3,4,random,0.11612499999999999,0.106875,0.006570927128901469,0.106875
a0_75_r3,4,star,0.14675,0.14354166666666668,0.003478605244123623,0.15020833333333333
a0_75_r3,5,balanced,0.11291666666666667,0.101875,0.007863031027819012,0.12229166666666667
a0_75_r3,5,path,0.10091666666666668,0.095625,0.005785893405516557,0.095625
a0_75_r3,5,random,0.11612499999999999,0.10854166666666666,0.005393781785022865,0.115625
a0_75_r3,5,star,0.14450000000000002,0.13520833333333335,0.005431869690385924,0.14895833333333333
a0_75_r3,6,balanced,0.11704166666666667,0.11208333333333333,0.004617298392398358,0.11916666666666667
a0_75_r3,6,path,0.10049999999999999,0.09583333333333334,0.004097339922979841,0.10041666666666667
a0_75_r3,6,random,0.11483333333333334,0.10645833333333334,0.005711905816411504,0.11208333333333333
a0_75_r3,6,star,0.13774999999999998,0.13125,0.005028995785553119,0.14270833333333333
a0_75_r3,7,balanced,0.10979166666666666,0.096875,0.00904632176633133,0.104375
a0_75_r3,7,path,0.09991666666666667,0.09541666666666666,0.003965454121395036,0.09541666666666666
a0_75_r3,7,random,0.11404166666666667,0.100625,0.007689447585273381,0.100625
a0_75_r3,7,star,0.14975,0.13625,0.007633931472198457,0.15416666666666667
a0_75_r3,8,balanced,0.11108333333333334,0.10854166666666666,0.0025786247411276374,0.10854166666666666
a0_75_r3,8,path,0.10504166666666666,0.10083333333333333,0.004650082137864755,0.11166666666666666
a0_75_r3,8,random,0.11583333333333332,0.11166666666666666,0.0039473531919784165,0.116875
a0_75_r3,8,star,0.13883333333333334,0.13479166666666667,0.0031923302182296706,0.13791666666666666
a0_75_r3,9,balanced,0.10375000000000001,0.095,0.006003832687912321,0.095
a0_75_r3,9,path,0.10208333333333333,0.09041666666666667,0.007290178419551118,0.10395833333333333
a0_75_r3,9,random,0.111125,0.10416666666666667,0.00887265227163408,0.10416666666666667
a0_75_r3,9,star,0.13966666666666666,0.12854166666666667,0.009166193169589117,0.144375
a0_75_r3,10,balanced,0.11145833333333333,0.108125,0.0056442571600600275,0.10895833333333334
a0_75_r3,10,path,0.1045,0.09895833333333333,0.004086733278413079,0.10770833333333334
a0_75_r3,10,random,0.11433333333333333,0.10833333333333334,0.0059226788702410665,0.11479166666666667
a0_75_r3,10,star,0.14770833333333333,0.14020833333333332,0.007031057096119255,0.15625
a0_75_r3,11,balanced,0.11204166666666666,0.10895833333333334,0.003719202236740796,0.110625
a0_75_r3,11,path,0.10137499999999999,0.09125,0.008570327930326431,0.10354166666666667
a0_75_r3,11,random,0.12004166666666667,0.11541666666666667,0.005495026160083313,0.11541666666666667
a0_75_r3,11,star,0.14858333333333335,0.139375,0.00667544994322064,0.15291666666666667
a0_75_r3,12,balanced,0.11287499999999999,0.10791666666666666,0.00479935976632995,0.119375
a0_75_r3,12,path,0.10004166666666667,0.09145833333333334,0.00632489844011568,0.10916666666666666
a0_75_r3,12,random,0.10800000000000001,0.096875,0.00827007238313076,0.103125
a0_75_r3,12,star,0.14495833333333336,0.13708333333333333,0.005768614194260373,0.14145833333333332
a0_75_r3,13,balanced,0.11629166666666665,0.11208333333333333,0.0028428150172359473,0.11208333333333333
a0_75_r3,13,path,0.10391666666666666,0.09291666666666666,0.008206588223968464,0.09291666666666666
a0_75_r3,13,random,0.11229166666666668,0.10416666666666667,0.0072722956982112725,0.10604166666666667
a0_75_r3,13,star,0.14175,0.13520833333333335,0.004025202720912865,0.14229166666666668
a0_75_r3,14,balanced,0.10933333333333332,0.099375,0.007902124802158517,0.11875
a0_75_r3,14,path,0.10991666666666666,0.10208333333333333,0.004779422762682166,0.10208333333333333
a0_75_r3,14,random,0.10829166666666667,0.10229166666666667,0.0068677360615497654,0.10229166666666667
a0_75_r3,14,star,0.12987500000000002,0.124375,0.006621920143650854,0.14
a0_75_r3,15,balanced,0.11750000000000001,0.110625,0.005866719933470302,0.11604166666666667
a0_75_r3,15,path,0.10470833333333333,0.094375,0.006754949317187938,0.11208333333333333
a0_75_r3,15,random,0.1005,0.0925,0.005556293353786618,0.0925
a0_75_r3,15,star,0.14070833333333332,0.13416666666666666,0.006544452697599017,0.13708333333333333
a0_75_r3,16,balanced,0.10595833333333333,0.0975,0.006156593687529927,0.10895833333333334
a0_75_r3,16,path,0.10958333333333334,0.104375,0.0050668277112563805,0.10541666666666667
a0_75_r3,16,random,0.11145833333333333,0.10208333333333333,0.008959544491769654,0.12145833333333333
a0_75_r3,16,star,0.13525,0.12958333333333333,0.0033443827282973082,0.13645833333333332
a0_75_r3,17,balanced,0.114625,0.10916666666666666,0.005202913847066854,0.110625
a0_75_r3,17,path,0.10795833333333334,0.08708333333333333,0.011966388111892596,0.11666666666666667
a0_75_r3,17,random,0.11345833333333333,0.10770833333333334,0.003780546881368121,0.10770833333333334
a0_75_r3,17,star,0.14100000000000001,0.12729166666666666,0.007902124802158527,0.14479166666666668
a0_75_r3,18,balanced,0.108375,0.0975,0.009668327802676112,0.110625
a0_75_r3,18,path,0.10008333333333333,0.09625,0.0028167406301925946,0.09625
a0_75_r3,18,random,0.11299999999999999,0.098125,0.009326960249727668,0.1175
a0_75_r3,18,star,0.14758333333333334,0.13875,0.008400252145686536,0.13875
a0_75_r3,19,balanced,0.12245833333333334,0.11458333333333333,0.005283622494715791,0.12208333333333334
a0_75_r3,19,path,0.10162500000000001,0.09854166666666667,0.003126388580384006,0.1
a0_75_r3,19,random,0.10608333333333334,0.10083333333333333,0.006324898440115683,0.11041666666666666
a0_75_r3,19,star,0.14079166666666668,0.130625,0.006924380738456775,0.13895833333333332
a0_75_r3,20,balanced,0.11129166666666665,0.10416666666666667,0.004154670230261628,0.11208333333333333
a0_75_r3,20,path,0.10683333333333334,0.09833333333333333,0.005419470428208115,0.105625
a0_75_r3,20,random,0.10591666666666666,0.095625,0.008037185711843834,0.095625
a0_75_r3,20,star,0.152,0.15125,0.0009033118078616083,0.15125
a0_75_r3,21,balanced,0.12149999999999998,0.11395833333333333,0.005125169373894982,0.12729166666666666
a0_75_r3,21,path,0.11416666666666667,0.10458333333333333,0.006095307849303248,0.11708333333333333
a0_75_r3,21,random,0.11187499999999999,0.10666666666666667,0.0035963909378400106,0.10666666666666667
a0_75_r3,21,star,0.14720833333333333,0.14041666666666666,0.005902859476558799,0.14041666666666666
a0_75_r3,22,balanced,0.10729166666666667,0.09458333333333334,0.0077462468510742484,0.113125
a0_75_r3,22,path,0.10558333333333333,0.09854166666666667,0.005789268088454709,0.11354166666666667
a0_75_r3,22,random,0.11154166666666668,0.099375,0.007214773134956414,0.11354166666666667
a0_75_r3,22,star,0.14958333333333335,0.14104166666666668,0.007634784250753618,0.14729166666666665
a0_75_r3,23,balanced,0.10841666666666668,0.10333333333333333,0.0038600743012422805,0.10333333333333333
a0_75_r3,23,path,0.10633333333333332,0.09604166666666666,0.006955962670016758,0.10958333333333334
a0_75_r3,23,random,0.11116666666666668,0.10604166666666667,0.004266003366410092,0.11083333333333334
a0_75_r3,23,star,0.14791666666666667,0.136875,0.008963176985124562,0.145625
a0_75_r3,24,balanced,0.11600000000000002,0.10125,0.008649472125832629,0.10125
a0_75_r3,24,path,0.101625,0.09770833333333333,0.004318584676848552,0.09916666666666667
a0_75_r3,24,random,0.10491666666666666,0.09916666666666667,0.004652881425047873,0.10416666666666667
a0_75_r3,24,star,0.129375,0.11895833333333333,0.012089617618711797,0.120625
a0_75_r3,25,balanced,0.120125,0.11479166666666667,0.003531234636151434,0.12416666666666666
a0_75_r3,25,path,0.10754166666666667,0.09979166666666667,0.004862251850280439,0.09979166666666667
a0_75_r3,25,random,0.10495833333333333,0.100625,0.006714347717967677,0.10125
a0_75_r3,25,star,0.14304166666666668,0.13020833333333334,0.008383443090732797,0.15
a0_75_r3,26,balanced,0.10883333333333334,0.09833333333333333,0.006641554265046369,0.1075
a0_75_r3,26,path,0.10800000000000001,0.10083333333333333,0.005238661698266924,0.11166666666666666
a0_75_r3,26,random,0.11808333333333335,0.11125,0.005715703879080272,0.11583333333333333
a0_75_r3,26,star,0.14629166666666665,0.12791666666666668,0.011273509386561437,0.15
a0_75_r3,27,balanced,0.10945833333333332,0.10270833333333333,0.006308063622591853,0.10791666666666666
a0_75_r3,27,path,0.10283333333333333,0.09291666666666666,0.006153067775959858,0.10770833333333334
a0_75_r3,27,random,0.11225,0.104375,0.005234102915814073,0.110625
a0_75_r3,27,star,0.137375,0.1225,0.01017596910481859,0.15104166666666666
a0_75_r3,28,balanced,0.11083333333333334,0.10645833333333334,0.006143184457411139,0.12166666666666667
a0_75_r3,28,path,0.10891666666666666,0.10125,0.0064354433068403,0.11395833333333333
a0_75_r3,28,random,0.11516666666666667,0.10604166666666667,0.007027043494797634,0.10604166666666667
a0_75_r3,28,star,0.14645833333333333,0.13875,0.0056327107644148925,0.14416666666666667
a0_75_r3,29,balanced,0.11579166666666667,0.103125,0.00949277868815144,0.12
a0_75_r3,29,path,0.10120833333333334,0.08833333333333333,0.009210831109200849,0.11020833333333334
a0_75_r3,29,random,0.10766666666666666,0.09895833333333333,0.007480298196670441,0.118125
a0_75_r3,29,star,0.13895833333333335,0.13229166666666667,0.004805234414446171,0.144375
