estimator,tree_topology,downstream_optimal_tie_fraction,unique_both_row_fraction,unique_both_hamming_excess
AlternatingTreeIncidenceEstimator,balanced,0.5858888888888889,0.24366666666666664,0.01480249306519615
AlternatingTreeIncidenceEstimator,path,0.5619999999999999,0.27677777777777773,0.02616097042162429
AlternatingTreeIncidenceEstimator,random,0.5753333333333333,0.25077777777777777,0.016193291868227145
AlternatingTreeIncidenceEstimator,star,0.30955555555555553,0.6869999999999999,0.0010173176285357434
BinaryMWST,balanced,0.5847777777777777,0.23188888888888887,0.020108316160983353
BinaryMWST,path,0.5785555555555555,0.25355555555555553,0.0424850108266061
BinaryMWST,random,0.583,0.2333333333333333,0.030042099712843676
BinaryMWST,star,0.09744444444444443,0.9021111111111111,0.0004074546485260733
BootstrapStabilityMWST,balanced,0.581,0.2422222222222222,0.015775872255369985
BootstrapStabilityMWST,path,0.5598888888888889,0.27955555555555556,0.026174384443999957
BootstrapStabilityMWST,random,0.5687777777777777,0.2542222222222222,0.015609218816782847
BootstrapStabilityMWST,star,0.3532222222222222,0.6431111111111111,0.0011909181199787468
DataAgnosticRandomTree,balanced,0.6651555555555555,0.14984444444444442,0.051763658291285104
DataAgnosticRandomTree,path,0.6646888888888889,0.17288888888888887,0.07434157712674752
DataAgnosticRandomTree,random,0.6674888888888889,0.15346666666666664,0.05576946355313113
DataAgnosticRandomTree,star,0.6589777777777778,0.3315333333333333,0.006683677423837361
NoiseCorrectedMWST,balanced,0.5858888888888889,0.24366666666666664,0.01480249306519615
NoiseCorrectedMWST,path,0.5619999999999999,0.27677777777777773,0.02616097042162429
NoiseCorrectedMWST,random,0.5753333333333333,0.25077777777777777,0.016193291868227145
NoiseCorrectedMWST,star,0.32,0.6765555555555556,0.0010173176285357434
TrueTreeOracle,balanced,0.5998888888888889,0.4001111111111111,0.0
TrueTreeOracle,path,0.5352222222222222,0.4647777777777778,0.0
TrueTreeOracle,random,0.5925555555555556,0.40744444444444444,0.0
TrueTreeOracle,star,0.08088888888888886,0.9191111111111111,0.0
