panel_id,landscape_id,rule,support_count,positive_count,negative_count,jaccard_to_primary
diaz_colunga,diaz_colunga_od600,ci95_practical,28,23,5,1.0
diaz_colunga,diaz_colunga_od600,sign95_practical,42,31,11,0.6666666666666666
diaz_colunga,diaz_colunga_od600,bootstrap_sign_bh10_practical,9,9,0,0.32142857142857145
ishizawa,ishizawa_DW039,ci95_practical,26,13,13,1.0
ishizawa,ishizawa_DW039,sign95_practical,27,14,13,0.9629629629629629
ishizawa,ishizawa_DW039,bootstrap_sign_bh10_practical,26,13,13,1.0
ishizawa,ishizawa_DW067,ci95_practical,26,11,15,1.0
ishizawa,ishizawa_DW067,sign95_practical,31,13,18,0.8387096774193549
ishizawa,ishizawa_DW067,bootstrap_sign_bh10_practical,27,11,16,0.9629629629629629
ishizawa,ishizawa_DW100,ci95_practical,19,12,7,1.0
ishizawa,ishizawa_DW100,sign95_practical,22,14,8,0.8636363636363636
ishizawa,ishizawa_DW100,bootstrap_sign_bh10_practical,16,9,7,0.8421052631578947
ishizawa,ishizawa_DW102,ci95_practical,16,9,7,1.0
ishizawa,ishizawa_DW102,sign95_practical,17,10,7,0.9411764705882353
ishizawa,ishizawa_DW102,bootstrap_sign_bh10_practical,13,8,5,0.8125
ishizawa,ishizawa_DW145,ci95_practical,18,12,6,1.0
ishizawa,ishizawa_DW145,sign95_practical,20,13,7,0.9
ishizawa,ishizawa_DW145,bootstrap_sign_bh10_practical,18,12,6,1.0
ishizawa,ishizawa_DW147,ci95_practical,17,11,6,1.0
ishizawa,ishizawa_DW147,sign95_practical,23,14,9,0.7391304347826086
ishizawa,ishizawa_DW147,bootstrap_sign_bh10_practical,17,11,6,1.0
ishizawa,ishizawa_DW155,ci95_practical,15,5,10,1.0
ishizawa,ishizawa_DW155,sign95_practical,19,7,12,0.7894736842105263
ishizawa,ishizawa_DW155,bootstrap_sign_bh10_practical,15,5,10,1.0
