panel_id,landscape_id,scale,bootstrap_seed,support_count,positive_count,negative_count,pure_hoi_count,pairwise_seed_jaccard_median,pairwise_seed_jaccard_min,jaccard_to_primary,threshold_multiplier
ishizawa,ishizawa_DW039,log10,20260829,25,13,12,3.0,0.9705882352941176,0.9428571428571428,0.9615384615384616,1.0
ishizawa,ishizawa_DW039,log10,20260830,25,13,12,3.0,0.9705882352941176,0.9428571428571428,0.9615384615384616,1.0
ishizawa,ishizawa_DW039,log10,20260831,24,13,11,3.0,0.9705882352941176,0.9428571428571428,0.9230769230769231,1.0
ishizawa,ishizawa_DW039,log10,20260832,25,13,12,3.0,0.9705882352941176,0.9428571428571428,0.9615384615384616,1.0
ishizawa,ishizawa_DW039,log10,20260833,24,13,11,3.0,0.9705882352941176,0.9428571428571428,0.9230769230769231,1.0
ishizawa,ishizawa_DW039,raw,20260829,28,15,13,2.0,1.0,1.0,0.7419354838709677,1.0
ishizawa,ishizawa_DW039,raw,20260830,28,15,13,2.0,1.0,1.0,0.7419354838709677,1.0
ishizawa,ishizawa_DW039,raw,20260831,28,15,13,2.0,1.0,1.0,0.7419354838709677,1.0
ishizawa,ishizawa_DW039,raw,20260832,28,15,13,2.0,1.0,1.0,0.7419354838709677,1.0
ishizawa,ishizawa_DW039,raw,20260833,28,15,13,2.0,1.0,1.0,0.7419354838709677,1.0
ishizawa,ishizawa_DW039,log10,20260828,26,13,13,,,,1.0,0.8
ishizawa,ishizawa_DW039,log10,20260828,26,13,13,,,,1.0,1.2
ishizawa,ishizawa_DW067,log10,20260829,27,11,16,0.0,0.9506097560975609,0.925,0.8928571428571429,1.0
ishizawa,ishizawa_DW067,log10,20260830,26,11,15,0.0,0.9506097560975609,0.925,0.9259259259259259,1.0
ishizawa,ishizawa_DW067,log10,20260831,26,10,16,1.0,0.9506097560975609,0.925,0.9259259259259259,1.0
ishizawa,ishizawa_DW067,log10,20260832,27,11,16,0.0,0.9506097560975609,0.925,0.9629629629629629,1.0
ishizawa,ishizawa_DW067,log10,20260833,27,11,16,0.0,0.9506097560975609,0.925,0.9629629629629629,1.0
ishizawa,ishizawa_DW067,raw,20260829,17,7,10,2.0,0.9242424242424243,0.875,0.6538461538461539,1.0
ishizawa,ishizawa_DW067,raw,20260830,17,7,10,2.0,0.9242424242424243,0.875,0.6538461538461539,1.0
ishizawa,ishizawa_DW067,raw,20260831,15,5,10,2.0,0.9242424242424243,0.875,0.5769230769230769,1.0
ishizawa,ishizawa_DW067,raw,20260832,15,6,9,2.0,0.9242424242424243,0.875,0.5769230769230769,1.0
ishizawa,ishizawa_DW067,raw,20260833,17,7,10,2.0,0.9242424242424243,0.875,0.6538461538461539,1.0
ishizawa,ishizawa_DW067,log10,20260828,26,11,15,,,,1.0,0.8
ishizawa,ishizawa_DW067,log10,20260828,26,11,15,,,,1.0,1.2
ishizawa,ishizawa_DW100,log10,20260829,19,11,8,2.0,0.9090909090909091,0.8529411764705882,0.9,1.0
ishizawa,ishizawa_DW100,log10,20260830,18,11,7,2.0,0.9090909090909091,0.8529411764705882,0.85,1.0
ishizawa,ishizawa_DW100,log10,20260831,18,11,7,2.0,0.9090909090909091,0.8529411764705882,0.9473684210526315,1.0
ishizawa,ishizawa_DW100,log10,20260832,18,11,7,2.0,0.9090909090909091,0.8529411764705882,0.85,1.0
ishizawa,ishizawa_DW100,log10,20260833,19,12,7,2.0,0.9090909090909091,0.8529411764705882,1.0,1.0
ishizawa,ishizawa_DW100,raw,20260829,18,11,7,1.0,0.9117647058823529,0.8857142857142857,0.6818181818181818,1.0
ishizawa,ishizawa_DW100,raw,20260830,18,10,8,1.0,0.9117647058823529,0.8857142857142857,0.6086956521739131,1.0
ishizawa,ishizawa_DW100,raw,20260831,17,10,7,1.0,0.9117647058823529,0.8857142857142857,0.5652173913043478,1.0
ishizawa,ishizawa_DW100,raw,20260832,18,10,8,1.0,0.9117647058823529,0.8857142857142857,0.6086956521739131,1.0
ishizawa,ishizawa_DW100,raw,20260833,17,10,7,1.0,0.9117647058823529,0.8857142857142857,0.5652173913043478,1.0
ishizawa,ishizawa_DW100,log10,20260828,19,12,7,,,,1.0,0.8
ishizawa,ishizawa_DW100,log10,20260828,18,11,7,,,,0.9473684210526315,1.2
ishizawa,ishizawa_DW102,log10,20260829,14,8,6,0.0,0.9488095238095238,0.9,0.875,1.0
ishizawa,ishizawa_DW102,log10,20260830,15,8,7,0.0,0.9488095238095238,0.9,0.9375,1.0
ishizawa,ishizawa_DW102,log10,20260831,13,8,5,0.0,0.9488095238095238,0.9,0.8125,1.0
ishizawa,ishizawa_DW102,log10,20260832,16,9,7,0.0,0.9488095238095238,0.9,1.0,1.0
ishizawa,ishizawa_DW102,log10,20260833,15,9,6,0.0,0.9488095238095238,0.9,0.9375,1.0
ishizawa,ishizawa_DW102,raw,20260829,14,8,6,0.0,0.9629629629629629,0.9629629629629629,0.875,1.0
ishizawa,ishizawa_DW102,raw,20260830,14,8,6,0.0,0.9629629629629629,0.9629629629629629,0.875,1.0
ishizawa,ishizawa_DW102,raw,20260831,13,8,5,0.0,0.9629629629629629,0.9629629629629629,0.8125,1.0
ishizawa,ishizawa_DW102,raw,20260832,14,8,6,0.0,0.9629629629629629,0.9629629629629629,0.875,1.0
ishizawa,ishizawa_DW102,raw,20260833,13,8,5,0.0,0.9629629629629629,0.9629629629629629,0.8125,1.0
ishizawa,ishizawa_DW102,log10,20260828,16,9,7,,,,1.0,0.8
ishizawa,ishizawa_DW102,log10,20260828,16,9,7,,,,1.0,1.2
ishizawa,ishizawa_DW145,log10,20260829,18,12,6,0.0,0.9375,0.90625,1.0,1.0
ishizawa,ishizawa_DW145,log10,20260830,19,12,7,0.0,0.9375,0.90625,0.9473684210526315,1.0
ishizawa,ishizawa_DW145,log10,20260831,19,12,7,0.0,0.9375,0.90625,0.9473684210526315,1.0
ishizawa,ishizawa_DW145,log10,20260832,19,12,7,0.0,0.9375,0.90625,0.9473684210526315,1.0
ishizawa,ishizawa_DW145,log10,20260833,19,13,6,0.0,0.9375,0.90625,0.9473684210526315,1.0
ishizawa,ishizawa_DW145,raw,20260829,22,14,8,0.0,0.9597953216374269,0.9459459459459459,0.8181818181818182,1.0
ishizawa,ishizawa_DW145,raw,20260830,24,15,9,0.0,0.9597953216374269,0.9459459459459459,0.75,1.0
ishizawa,ishizawa_DW145,raw,20260831,24,14,10,0.0,0.9597953216374269,0.9459459459459459,0.75,1.0
ishizawa,ishizawa_DW145,raw,20260832,24,15,9,0.0,0.9597953216374269,0.9459459459459459,0.75,1.0
ishizawa,ishizawa_DW145,raw,20260833,23,14,9,0.0,0.9597953216374269,0.9459459459459459,0.782608695652174,1.0
ishizawa,ishizawa_DW145,log10,20260828,18,12,6,,,,1.0,0.8
ishizawa,ishizawa_DW145,log10,20260828,18,12,6,,,,1.0,1.2
ishizawa,ishizawa_DW147,log10,20260829,18,11,7,1.0,0.8805704099821747,0.8235294117647058,0.8421052631578947,1.0
ishizawa,ishizawa_DW147,log10,20260830,16,10,6,1.0,0.8805704099821747,0.8235294117647058,0.8333333333333334,1.0
ishizawa,ishizawa_DW147,log10,20260831,17,11,6,1.0,0.8805704099821747,0.8235294117647058,1.0,1.0
ishizawa,ishizawa_DW147,log10,20260832,17,11,6,1.0,0.8805704099821747,0.8235294117647058,0.8888888888888888,1.0
ishizawa,ishizawa_DW147,log10,20260833,17,11,6,1.0,0.8805704099821747,0.8235294117647058,1.0,1.0
ishizawa,ishizawa_DW147,raw,20260829,29,18,11,0.0,0.9787234042553191,0.9787234042553191,0.5862068965517241,1.0
ishizawa,ishizawa_DW147,raw,20260830,30,19,11,0.0,0.9787234042553191,0.9787234042553191,0.5666666666666667,1.0
ishizawa,ishizawa_DW147,raw,20260831,29,18,11,0.0,0.9787234042553191,0.9787234042553191,0.5862068965517241,1.0
ishizawa,ishizawa_DW147,raw,20260832,30,19,11,0.0,0.9787234042553191,0.9787234042553191,0.5666666666666667,1.0
ishizawa,ishizawa_DW147,raw,20260833,29,18,11,0.0,0.9787234042553191,0.9787234042553191,0.5862068965517241,1.0
ishizawa,ishizawa_DW147,log10,20260828,17,11,6,,,,1.0,0.8
ishizawa,ishizawa_DW147,log10,20260828,17,11,6,,,,1.0,1.2
ishizawa,ishizawa_DW155,log10,20260829,16,6,10,2.0,0.9344086021505376,0.9333333333333333,0.9375,1.0
ishizawa,ishizawa_DW155,log10,20260830,18,6,12,2.0,0.9344086021505376,0.9333333333333333,0.8333333333333334,1.0
ishizawa,ishizawa_DW155,log10,20260831,16,5,11,2.0,0.9344086021505376,0.9333333333333333,0.9375,1.0
ishizawa,ishizawa_DW155,log10,20260832,16,5,11,2.0,0.9344086021505376,0.9333333333333333,0.9375,1.0
ishizawa,ishizawa_DW155,log10,20260833,16,5,11,2.0,0.9344086021505376,0.9333333333333333,0.9375,1.0
ishizawa,ishizawa_DW155,raw,20260829,9,2,7,1.0,0.8518181818181818,0.7916666666666666,0.2,1.0
ishizawa,ishizawa_DW155,raw,20260830,10,3,7,1.0,0.8518181818181818,0.7916666666666666,0.19047619047619047,1.0
ishizawa,ishizawa_DW155,raw,20260831,11,4,7,2.0,0.8518181818181818,0.7916666666666666,0.23809523809523808,1.0
ishizawa,ishizawa_DW155,raw,20260832,11,3,8,2.0,0.8518181818181818,0.7916666666666666,0.18181818181818182,1.0
ishizawa,ishizawa_DW155,raw,20260833,8,2,6,2.0,0.8518181818181818,0.7916666666666666,0.21052631578947367,1.0
ishizawa,ishizawa_DW155,log10,20260828,15,5,10,,,,1.0,0.8
ishizawa,ishizawa_DW155,log10,20260828,15,5,10,,,,1.0,1.2
diaz_colunga,diaz_colunga_od600,raw,20260829,30,25,5,0.0,0.8829214582823587,0.803030303030303,0.8125,1.0
diaz_colunga,diaz_colunga_od600,raw,20260830,28,23,5,0.0,0.8829214582823587,0.803030303030303,0.8064516129032258,1.0
diaz_colunga,diaz_colunga_od600,raw,20260831,34,26,8,0.0,0.8829214582823587,0.803030303030303,0.8235294117647058,1.0
diaz_colunga,diaz_colunga_od600,raw,20260832,26,21,5,0.0,0.8829214582823587,0.803030303030303,0.8620689655172413,1.0
diaz_colunga,diaz_colunga_od600,raw,20260833,31,24,7,0.0,0.8829214582823587,0.803030303030303,0.84375,1.0
diaz_colunga,diaz_colunga_od600,log1p,20260829,56,37,19,0.0,0.8905228758169934,0.85,0.5,1.0
diaz_colunga,diaz_colunga_od600,log1p,20260830,58,38,20,0.0,0.8905228758169934,0.85,0.4827586206896552,1.0
diaz_colunga,diaz_colunga_od600,log1p,20260831,61,41,20,0.0,0.8905228758169934,0.85,0.45901639344262296,1.0
diaz_colunga,diaz_colunga_od600,log1p,20260832,59,40,19,1.0,0.8905228758169934,0.85,0.4745762711864407,1.0
diaz_colunga,diaz_colunga_od600,log1p,20260833,61,41,20,0.0,0.8905228758169934,0.85,0.45901639344262296,1.0
diaz_colunga,diaz_colunga_od600,raw,20260828,28,23,5,,,,1.0,0.8
diaz_colunga,diaz_colunga_od600,raw,20260828,28,23,5,,,,1.0,1.2
