panel_id,landscape_id,response_scale,term_mask,order,coefficient,ci_lower,ci_upper,sign_stability,support_sign,pure_hoi,practical_threshold,bootstrap_seed,n_bootstrap
ishizawa,ishizawa_DW039,log10,0,0,6.553418235276526,6.519932618767528,6.586093559769756,1.0,1,False,0.1,20260828,1000
ishizawa,ishizawa_DW039,log10,1,1,-0.0036526822079592236,-0.04738922679950963,0.03624616822605322,0.582,0,False,0.1,20260828,1000
ishizawa,ishizawa_DW039,log10,2,1,0.0635813952988622,0.01734359519916351,0.10880472456426275,0.996,0,False,0.1,20260828,1000
ishizawa,ishizawa_DW039,log10,3,2,0.032314575028365766,-0.026848027551920284,0.0947289707462986,0.853,0,False,0.1,20260828,1000
ishizawa,ishizawa_DW039,log10,4,1,-0.7404509231686536,-0.9957650708336501,-0.5311143702929552,1.0,-1,False,0.1,20260828,1000
ishizawa,ishizawa_DW039,log10,5,2,0.41133458959134295,0.19591649987192147,0.6699946969856929,1.0,1,False,0.1,20260828,1000
ishizawa,ishizawa_DW039,log10,6,2,0.12777813168221464,-0.0989024614920638,0.3938472400984547,0.846,0,False,0.1,20260828,1000
ishizawa,ishizawa_DW039,log10,7,3,-0.2413483967113521,-0.5244876414288667,-0.003785115671997338,0.977,-1,False,0.1,20260828,1000
ishizawa,ishizawa_DW039,log10,8,1,-0.6069033480014685,-0.7960157633109202,-0.420181010726649,1.0,-1,False,0.1,20260828,1000
ishizawa,ishizawa_DW039,log10,9,2,0.033043370625144064,-0.16603310724226297,0.2248602908199382,0.645,0,False,0.1,20260828,1000
ishizawa,ishizawa_DW039,log10,10,2,-0.09506178875695603,-0.30923451837995464,0.11259965162376573,0.781,0,False,0.1,20260828,1000
ishizawa,ishizawa_DW039,log10,11,3,-0.05524514707132688,-0.2949840642830125,0.17584683630147802,0.679,0,False,0.1,20260828,1000
ishizawa,ishizawa_DW039,log10,12,2,0.5488952247792414,0.27499815387025794,0.8708651783254426,1.0,1,False,0.1,20260828,1000
ishizawa,ishizawa_DW039,log10,13,3,-0.2144365835445008,-0.5468325192684778,0.07827304084708693,0.911,0,False,0.1,20260828,1000
ishizawa,ishizawa_DW039,log10,14,3,0.25074491770843377,-0.08886281356444393,0.5485348210723894,0.927,0,False,0.1,20260828,1000
ishizawa,ishizawa_DW039,log10,15,4,0.03425119386375641,-0.2988037055872497,0.4081548597141747,0.549,0,False,0.1,20260828,1000
ishizawa,ishizawa_DW039,log10,16,1,-0.16934875346028289,-0.2609026915528996,-0.07589594010012261,1.0,-1,False,0.1,20260828,1000
ishizawa,ishizawa_DW039,log10,17,2,-0.08557352516084826,-0.18917333257127666,0.01823957235145037,0.946,0,False,0.1,20260828,1000
ishizawa,ishizawa_DW039,log10,18,2,-0.11782859626536712,-0.2176789125251522,-0.019135170775583007,0.988,-1,False,0.1,20260828,1000
ishizawa,ishizawa_DW039,log10,19,3,0.14064007934412714,-0.06193655497296255,0.3198262584530126,0.913,0,False,0.1,20260828,1000
ishizawa,ishizawa_DW039,log10,20,2,0.12877564057097768,-0.13069296702517827,0.4283178163743302,0.814,0,False,0.1,20260828,1000
ishizawa,ishizawa_DW039,log10,21,3,-0.18612985805261406,-0.4921675092009382,0.07966122170555205,0.916,0,False,0.1,20260828,1000
ishizawa,ishizawa_DW039,log10,22,3,0.08771603802885153,-0.21670439358573837,0.36583648703765814,0.728,0,False,0.1,20260828,1000
ishizawa,ishizawa_DW039,log10,23,4,-0.22094817284385115,-0.5607515960665119,0.15591071612095375,0.884,0,False,0.1,20260828,1000
ishizawa,ishizawa_DW039,log10,24,2,-0.23906113372002036,-0.5136988875696086,0.04287531560729692,0.96,0,False,0.1,20260828,1000
ishizawa,ishizawa_DW039,log10,25,3,0.4353040784249851,0.1485593637600717,0.7276315389369862,0.998,1,True,0.1,20260828,1000
ishizawa,ishizawa_DW039,log10,26,3,0.619341000207144,0.3166069496010285,0.9026200510205088,1.0,1,False,0.1,20260828,1000
ishizawa,ishizawa_DW039,log10,27,4,-0.7563142838908146,-1.1014240725577062,-0.38138355754996334,1.0,-1,False,0.1,20260828,1000
ishizawa,ishizawa_DW039,log10,28,3,0.3220426683738209,-0.06301491365640774,0.6929206233161699,0.951,0,False,0.1,20260828,1000
ishizawa,ishizawa_DW039,log10,29,4,-0.4089634682232699,-0.831237508606875,-0.004527114543575555,0.975,-1,False,0.1,20260828,1000
ishizawa,ishizawa_DW039,log10,30,4,-0.8913189832691542,-1.2947305923313108,-0.44780196447545,1.0,-1,False,0.1,20260828,1000
ishizawa,ishizawa_DW039,log10,31,5,1.0047178788478828,0.4906164909103298,1.5086302431433511,1.0,1,False,0.1,20260828,1000
ishizawa,ishizawa_DW039,log10,32,1,0.07187143658610307,0.026986792708710804,0.11523274272047251,0.998,0,False,0.1,20260828,1000
ishizawa,ishizawa_DW039,log10,33,2,-0.20197310567158322,-0.2653514174759941,-0.13569883979139735,1.0,-1,False,0.1,20260828,1000
ishizawa,ishizawa_DW039,log10,34,2,0.004829053666361993,-0.06161231930100566,0.07055899587472451,0.549,0,False,0.1,20260828,1000
ishizawa,ishizawa_DW039,log10,35,3,0.20751815024978537,0.10782063853054513,0.3072841941676294,1.0,1,False,0.1,20260828,1000
ishizawa,ishizawa_DW039,log10,36,2,0.4874719977292612,0.27082984297831436,0.7487334573365226,1.0,1,False,0.1,20260828,1000
ishizawa,ishizawa_DW039,log10,37,3,-0.3034286225530165,-0.583050799245761,-0.06222483773353474,0.995,-1,False,0.1,20260828,1000
ishizawa,ishizawa_DW039,log10,38,3,-0.1338167902408589,-0.4099871966122432,0.09728367037813825,0.848,0,False,0.1,20260828,1000
ishizawa,ishizawa_DW039,log10,39,4,-0.1098213172707343,-0.3774142594944298,0.20108394073004882,0.784,0,False,0.1,20260828,1000
ishizawa,ishizawa_DW039,log10,40,2,0.08576615886043282,-0.11720823650586668,0.2879677682395346,0.797,0,False,0.1,20260828,1000
ishizawa,ishizawa_DW039,log10,41,3,0.2929799888768576,0.078387974027248,0.5229257649291263,0.993,1,False,0.1,20260828,1000
ishizawa,ishizawa_DW039,log10,42,3,0.1101659985118193,-0.11140654230082044,0.3302392665591345,0.815,0,False,0.1,20260828,1000
ishizawa,ishizawa_DW039,log10,43,4,-0.15572010336551845,-0.44051951795606503,0.0995839274002265,0.863,0,False,0.1,20260828,1000
ishizawa,ishizawa_DW039,log10,44,3,-0.02560878478187245,-0.35246043433614,0.2702802729356832,0.563,0,False,0.1,20260828,1000
ishizawa,ishizawa_DW039,log10,45,4,-0.14030557421497036,-0.49899159058333353,0.25653824074856457,0.757,0,False,0.1,20260828,1000
ishizawa,ishizawa_DW039,log10,46,4,-0.46951196587653676,-0.8128845040759537,-0.12026799568230971,0.997,-1,True,0.1,20260828,1000
ishizawa,ishizawa_DW039,log10,47,5,0.5260348758602875,0.08218208050495834,0.9668560483601949,0.989,1,False,0.1,20260828,1000
ishizawa,ishizawa_DW039,log10,48,2,0.002257374511829724,-0.0963639004134225,0.10217499736998874,0.522,0,False,0.1,20260828,1000
ishizawa,ishizawa_DW039,log10,49,3,0.40850265538953145,0.2635164975899468,0.5593098160223094,1.0,1,False,0.1,20260828,1000
ishizawa,ishizawa_DW039,log10,50,3,0.2391974820358964,0.048822297071930976,0.417427724196475,0.998,1,False,0.1,20260828,1000
ishizawa,ishizawa_DW039,log10,51,4,-0.5946371614620469,-0.8618744722839,-0.30130627744452065,1.0,-1,False,0.1,20260828,1000
ishizawa,ishizawa_DW039,log10,52,3,-0.07946973118484468,-0.408967836182733,0.20838579917323238,0.681,0,False,0.1,20260828,1000
ishizawa,ishizawa_DW039,log10,53,4,-0.4807315062525088,-0.8189650722855502,-0.1279748371658027,0.993,-1,False,0.1,20260828,1000
ishizawa,ishizawa_DW039,log10,54,4,-0.5188202317142876,-0.8605654581756883,-0.1574606876232364,0.992,-1,False,0.1,20260828,1000
ishizawa,ishizawa_DW039,log10,55,5,1.4577035792099853,0.9705550088451933,1.8955899602051203,1.0,1,False,0.1,20260828,1000
ishizawa,ishizawa_DW039,log10,56,3,0.4186593637152445,0.14404205570215545,0.6999267821986054,0.998,1,True,0.1,20260828,1000
ishizawa,ishizawa_DW039,log10,57,4,-1.0767835498143015,-1.4074940137205056,-0.75696589987305,1.0,-1,False,0.1,20260828,1000
ishizawa,ishizawa_DW039,log10,58,4,-0.9181014766342797,-1.252140600572398,-0.5715481880293244,1.0,-1,False,0.1,20260828,1000
ishizawa,ishizawa_DW039,log10,59,5,1.3234994603529602,0.8778780040048476,1.7774893895259518,1.0,1,False,0.1,20260828,1000
ishizawa,ishizawa_DW039,log10,60,4,-0.8192032907095683,-1.2214766629795495,-0.39094351352739753,1.0,-1,False,0.1,20260828,1000
ishizawa,ishizawa_DW039,log10,61,5,1.603019178008764,1.0675961628889687,2.083130857384006,1.0,1,False,0.1,20260828,1000
ishizawa,ishizawa_DW039,log10,62,5,1.8167405045767895,1.308648369078821,2.2822262168204457,1.0,1,False,0.1,20260828,1000
ishizawa,ishizawa_DW039,log10,63,6,-2.7228734943024797,-3.351791706038953,-2.0562620283126885,1.0,-1,False,0.1,20260828,1000
ishizawa,ishizawa_DW067,log10,0,0,5.708003035909629,5.666543118624329,5.746673857663902,1.0,1,False,0.1,20260828,1000
ishizawa,ishizawa_DW067,log10,1,1,-0.6959351092871371,-0.7973631146275569,-0.5953843035532594,1.0,-1,False,0.1,20260828,1000
ishizawa,ishizawa_DW067,log10,2,1,0.13441942464225498,0.05758596049126916,0.21548164522658408,1.0,1,False,0.1,20260828,1000
ishizawa,ishizawa_DW067,log10,3,2,0.03871277888472058,-0.10041029680758036,0.17447965702553986,0.723,0,False,0.1,20260828,1000
ishizawa,ishizawa_DW067,log10,4,1,-0.12036012631791859,-0.22291099705889866,-0.015254141656152048,0.987,-1,False,0.1,20260828,1000
ishizawa,ishizawa_DW067,log10,5,2,0.27634220417824373,0.11388698239077162,0.4218313468216194,0.999,1,False,0.1,20260828,1000
ishizawa,ishizawa_DW067,log10,6,2,0.02380512156157355,-0.12155942666089149,0.15309122951853418,0.636,0,False,0.1,20260828,1000
ishizawa,ishizawa_DW067,log10,7,3,-0.14200644182173594,-0.38545582383610005,0.09622892719535504,0.87,0,False,0.1,20260828,1000
ishizawa,ishizawa_DW067,log10,8,1,-0.3857634347976804,-0.5114142664493314,-0.2640461463538134,1.0,-1,False,0.1,20260828,1000
ishizawa,ishizawa_DW067,log10,9,2,0.3838878427541026,0.1929100117189879,0.5775504105099816,1.0,1,False,0.1,20260828,1000
ishizawa,ishizawa_DW067,log10,10,2,-0.07453539475892246,-0.23346678227567105,0.08411348620764335,0.808,0,False,0.1,20260828,1000
ishizawa,ishizawa_DW067,log10,11,3,-0.3861483677347337,-0.7164289672221281,-0.06918998316306069,0.99,-1,False,0.1,20260828,1000
ishizawa,ishizawa_DW067,log10,12,2,0.16622576725251648,0.0015453387423317376,0.32068152698788477,0.977,1,False,0.1,20260828,1000
ishizawa,ishizawa_DW067,log10,13,3,-0.4934717982280885,-0.718294703463035,-0.26436657134052444,1.0,-1,False,0.1,20260828,1000
ishizawa,ishizawa_DW067,log10,14,3,-0.4829228372741756,-0.7228265153411583,-0.2443868525363308,1.0,-1,False,0.1,20260828,1000
ishizawa,ishizawa_DW067,log10,15,4,1.001214380356659,0.5510169681274529,1.4665773773763187,1.0,1,False,0.1,20260828,1000
ishizawa,ishizawa_DW067,log10,16,1,-0.10614634258582445,-0.16939877253588506,-0.04259523094974312,0.999,-1,False,0.1,20260828,1000
ishizawa,ishizawa_DW067,log10,17,2,0.44609604838828254,0.32358949329445025,0.5640020768965527,1.0,1,False,0.1,20260828,1000
ishizawa,ishizawa_DW067,log10,18,2,0.03221775147725747,-0.06815562400183313,0.1307486082956632,0.74,0,False,0.1,20260828,1000
ishizawa,ishizawa_DW067,log10,19,3,-0.2010491422240035,-0.3779062865741885,-0.013111866501433176,0.98,-1,False,0.1,20260828,1000
ishizawa,ishizawa_DW067,log10,20,2,0.22599935871158117,0.09662799944381317,0.34308213248922254,1.0,1,False,0.1,20260828,1000
ishizawa,ishizawa_DW067,log10,21,3,-0.3521812821981385,-0.5156486461483698,-0.16280416682787036,1.0,-1,False,0.1,20260828,1000
ishizawa,ishizawa_DW067,log10,22,3,-0.21001941391369172,-0.37591664711328054,-0.0210925788179117,0.987,-1,False,0.1,20260828,1000
ishizawa,ishizawa_DW067,log10,23,4,0.09263970922415243,-0.22970727317501954,0.3796876383669274,0.748,0,False,0.1,20260828,1000
ishizawa,ishizawa_DW067,log10,24,2,0.030140641429227344,-0.12344659866176617,0.17606448358737906,0.653,0,False,0.1,20260828,1000
ishizawa,ishizawa_DW067,log10,25,3,-0.3192479342926866,-0.5252110444058526,-0.08982485300944743,1.0,-1,False,0.1,20260828,1000
ishizawa,ishizawa_DW067,log10,26,3,-0.15794619369767293,-0.3588211269262992,0.03263931520841447,0.945,0,False,0.1,20260828,1000
ishizawa,ishizawa_DW067,log10,27,4,0.6079508962205971,0.2504522672522287,0.9897253368143262,1.0,1,False,0.1,20260828,1000
ishizawa,ishizawa_DW067,log10,28,3,0.059561926177032376,-0.1550057929835032,0.2610736332174498,0.722,0,False,0.1,20260828,1000
ishizawa,ishizawa_DW067,log10,29,4,0.2584498097712826,-0.024501160941075677,0.5485058884930336,0.957,0,False,0.1,20260828,1000
ishizawa,ishizawa_DW067,log10,30,4,0.6575483238623425,0.36667183115717883,0.9587181671452741,1.0,1,False,0.1,20260828,1000
ishizawa,ishizawa_DW067,log10,31,5,-0.9406461908148804,-1.4633297714635816,-0.4349525295877194,1.0,-1,False,0.1,20260828,1000
ishizawa,ishizawa_DW067,log10,32,1,-0.07554865897924223,-0.14806251506121487,0.0009930298225464271,0.971,0,False,0.1,20260828,1000
ishizawa,ishizawa_DW067,log10,33,2,0.2841663336204654,0.15777367927234315,0.40199479791580334,1.0,1,False,0.1,20260828,1000
ishizawa,ishizawa_DW067,log10,34,2,-0.024474914168059136,-0.12959102733840708,0.0795078487737949,0.681,0,False,0.1,20260828,1000
ishizawa,ishizawa_DW067,log10,35,3,-0.20812534136172456,-0.3560820740373116,-0.050571407489495075,0.995,-1,False,0.1,20260828,1000
ishizawa,ishizawa_DW067,log10,36,2,-0.10989230174379916,-0.24345456988170527,0.014824023662080663,0.95,0,False,0.1,20260828,1000
ishizawa,ishizawa_DW067,log10,37,3,-0.19841100746493545,-0.39914879160737576,0.0007632923328919253,0.973,0,False,0.1,20260828,1000
ishizawa,ishizawa_DW067,log10,38,3,-0.15912423538126053,-0.3240991495914491,0.017453952641708136,0.966,0,False,0.1,20260828,1000
ishizawa,ishizawa_DW067,log10,39,4,0.33686906684278295,0.061980916423764444,0.6144979626719145,0.993,1,False,0.1,20260828,1000
ishizawa,ishizawa_DW067,log10,40,2,-0.025936818153960317,-0.1871777474683799,0.1254844023987532,0.623,0,False,0.1,20260828,1000
ishizawa,ishizawa_DW067,log10,41,3,-0.5351294961122575,-0.7724684992099665,-0.29790545730801204,1.0,-1,False,0.1,20260828,1000
ishizawa,ishizawa_DW067,log10,42,3,-0.13734044056080474,-0.3916044232122235,0.0980673552951765,0.855,0,False,0.1,20260828,1000
ishizawa,ishizawa_DW067,log10,43,4,0.7158693160514593,0.29424301909618417,1.1640249034200112,1.0,1,False,0.1,20260828,1000
ishizawa,ishizawa_DW067,log10,44,3,-0.1474529446259094,-0.35785182804814614,0.06357113362250885,0.913,0,False,0.1,20260828,1000
ishizawa,ishizawa_DW067,log10,45,4,0.8675434671766151,0.5426231133038232,1.1853765725041625,1.0,1,False,0.1,20260828,1000
ishizawa,ishizawa_DW067,log10,46,4,1.045554424705907,0.7293325714113541,1.3802246616935236,1.0,1,False,0.1,20260828,1000
ishizawa,ishizawa_DW067,log10,47,5,-1.6664168132857275,-2.2072182825085624,-1.118292151485138,1.0,-1,False,0.1,20260828,1000
ishizawa,ishizawa_DW067,log10,48,2,0.2263501991542496,0.10337262012281444,0.354149274211102,1.0,1,False,0.1,20260828,1000
ishizawa,ishizawa_DW067,log10,49,3,-0.44521273014772333,-0.6091336949172497,-0.2704772909530581,1.0,-1,False,0.1,20260828,1000
ishizawa,ishizawa_DW067,log10,50,3,-0.11175811778869349,-0.30039576380259175,0.08530684379527584,0.851,0,False,0.1,20260828,1000
ishizawa,ishizawa_DW067,log10,51,4,0.27302147616593686,0.009905080969550631,0.5294849574365434,0.978,1,False,0.1,20260828,1000
ishizawa,ishizawa_DW067,log10,52,3,-0.35592633527336126,-0.5279066153558116,-0.17178292225841651,1.0,-1,False,0.1,20260828,1000
ishizawa,ishizawa_DW067,log10,53,4,0.4914911943392237,0.2296684063030024,0.7362347115703592,1.0,1,False,0.1,20260828,1000
ishizawa,ishizawa_DW067,log10,54,4,0.255308051373377,-0.015284586296421236,0.521368489888491,0.965,0,False,0.1,20260828,1000
ishizawa,ishizawa_DW067,log10,55,5,-0.1847501832256615,-0.5709123119367409,0.2004200271081093,0.823,0,False,0.1,20260828,1000
ishizawa,ishizawa_DW067,log10,56,3,0.036748725591194464,-0.1634798100967987,0.2437474229571551,0.642,0,False,0.1,20260828,1000
ishizawa,ishizawa_DW067,log10,57,4,0.4245018260173623,0.14224872288175328,0.7074502261666714,1.0,1,False,0.1,20260828,1000
ishizawa,ishizawa_DW067,log10,58,4,-0.0010689063672977284,-0.31218386159477624,0.3515670136794287,0.519,0,False,0.1,20260828,1000
ishizawa,ishizawa_DW067,log10,59,5,-0.46236564447474837,-0.9695216660173702,0.044556966915545795,0.957,0,False,0.1,20260828,1000
ishizawa,ishizawa_DW067,log10,60,4,0.20281893627186065,-0.09564814199661964,0.4963391463729091,0.905,0,False,0.1,20260828,1000
ishizawa,ishizawa_DW067,log10,61,5,-0.8239078157560842,-1.247138742296004,-0.40315724085782745,1.0,-1,False,0.1,20260828,1000
ishizawa,ishizawa_DW067,log10,62,5,-0.8729704852570004,-1.3416921177335024,-0.4157005939411549,1.0,-1,False,0.1,20260828,1000
ishizawa,ishizawa_DW067,log10,63,6,1.307568798507166,0.5790708494319695,1.9743238047599758,1.0,1,False,0.1,20260828,1000
ishizawa,ishizawa_DW100,log10,0,0,5.493038440745521,5.476867384306819,5.51044731929819,1.0,1,False,0.1,20260828,1000
ishizawa,ishizawa_DW100,log10,1,1,0.0732305758546179,0.03355137352031849,0.11110967166390082,1.0,0,False,0.1,20260828,1000
ishizawa,ishizawa_DW100,log10,2,1,-0.1240707861360395,-0.1568203150721535,-0.08796523996549,1.0,-1,False,0.1,20260828,1000
ishizawa,ishizawa_DW100,log10,3,2,0.035689070104877985,-0.028365131654414455,0.09807053085238447,0.842,0,False,0.1,20260828,1000
ishizawa,ishizawa_DW100,log10,4,1,0.28256976708503334,0.22421697636066162,0.33868927124967746,1.0,1,False,0.1,20260828,1000
ishizawa,ishizawa_DW100,log10,5,2,-0.08927637300526214,-0.18319632919497172,0.002384026186410475,0.969,0,False,0.1,20260828,1000
ishizawa,ishizawa_DW100,log10,6,2,0.019541159110498363,-0.08053196549248512,0.11372909290099215,0.653,0,False,0.1,20260828,1000
ishizawa,ishizawa_DW100,log10,7,3,0.034561680385275295,-0.09781695984998562,0.1739317760679444,0.681,0,False,0.1,20260828,1000
ishizawa,ishizawa_DW100,log10,8,1,-0.2508861106064071,-0.284307942646535,-0.22208700627465286,1.0,-1,False,0.1,20260828,1000
ishizawa,ishizawa_DW100,log10,9,2,-0.15249902350834432,-0.23171789940106324,-0.07513303566070209,1.0,-1,False,0.1,20260828,1000
ishizawa,ishizawa_DW100,log10,10,2,-0.004033908097784256,-0.12937473792055793,0.0858325991178606,0.515,0,False,0.1,20260828,1000
ishizawa,ishizawa_DW100,log10,11,3,0.0620785783663127,-0.1483073556895464,0.25463189596059016,0.737,0,False,0.1,20260828,1000
ishizawa,ishizawa_DW100,log10,12,2,-0.07286992261885761,-0.14944106693329096,0.0033008420432118347,0.967,0,False,0.1,20260828,1000
ishizawa,ishizawa_DW100,log10,13,3,0.0022945826095650546,-0.13341530336307256,0.1358554822695775,0.5,0,False,0.1,20260828,1000
ishizawa,ishizawa_DW100,log10,14,3,0.1717833701838023,0.01917805864650346,0.32920537620861656,0.987,1,True,0.1,20260828,1000
ishizawa,ishizawa_DW100,log10,15,4,0.005028650827677339,-0.23714434058357514,0.26900801287898596,0.507,0,False,0.1,20260828,1000
ishizawa,ishizawa_DW100,log10,16,1,0.10322305286014988,0.04239604026137813,0.15746987725872588,1.0,1,False,0.1,20260828,1000
ishizawa,ishizawa_DW100,log10,17,2,-0.09497452430316322,-0.1828417821615842,-0.0047239325160017215,0.981,0,False,0.1,20260828,1000
ishizawa,ishizawa_DW100,log10,18,2,-0.03477727430039845,-0.11930326560105135,0.050252549505444125,0.787,0,False,0.1,20260828,1000
ishizawa,ishizawa_DW100,log10,19,3,0.07009638402139373,-0.05821149450371505,0.20025746445102896,0.848,0,False,0.1,20260828,1000
ishizawa,ishizawa_DW100,log10,20,2,-0.08052996805458346,-0.16583498329793414,0.0012712917254982792,0.97,0,False,0.1,20260828,1000
ishizawa,ishizawa_DW100,log10,21,3,0.13038067382306195,0.0003890854985098038,0.2591181904520804,0.975,1,True,0.1,20260828,1000
ishizawa,ishizawa_DW100,log10,22,3,0.0329928299349449,-0.09645048162584129,0.1769425179356429,0.664,0,False,0.1,20260828,1000
ishizawa,ishizawa_DW100,log10,23,4,-0.27026885063205164,-0.4631603059448607,-0.08083322632324984,0.999,-1,False,0.1,20260828,1000
ishizawa,ishizawa_DW100,log10,24,2,-0.20231765581424632,-0.268286750169616,-0.13117867418594253,1.0,-1,False,0.1,20260828,1000
ishizawa,ishizawa_DW100,log10,25,3,0.16044829244799796,0.021150816641728087,0.29586242339422203,0.987,1,False,0.1,20260828,1000
ishizawa,ishizawa_DW100,log10,26,3,0.09427006302556329,-0.05556379051152862,0.2413959488502759,0.889,0,False,0.1,20260828,1000
ishizawa,ishizawa_DW100,log10,27,4,-0.008777834012441588,-0.2712969860819251,0.25752122138251227,0.532,0,False,0.1,20260828,1000
ishizawa,ishizawa_DW100,log10,28,3,0.09569061703195114,-0.014721542918696406,0.2145358471163285,0.951,0,False,0.1,20260828,1000
ishizawa,ishizawa_DW100,log10,29,4,-0.020143787916695466,-0.20563998048526913,0.17389807995169068,0.577,0,False,0.1,20260828,1000
ishizawa,ishizawa_DW100,log10,30,4,-0.11798376757515072,-0.33392917451951515,0.07953703473825195,0.869,0,False,0.1,20260828,1000
ishizawa,ishizawa_DW100,log10,31,5,0.03610809922663094,-0.2917567534979663,0.3758154338620214,0.564,0,False,0.1,20260828,1000
ishizawa,ishizawa_DW100,log10,32,1,0.18367250453744166,0.12598606413078473,0.24794768930189828,1.0,1,False,0.1,20260828,1000
ishizawa,ishizawa_DW100,log10,33,2,-0.13690137417475245,-0.21723622947643909,-0.05912805299196684,1.0,-1,False,0.1,20260828,1000
ishizawa,ishizawa_DW100,log10,34,2,-0.1310055109590138,-0.21788542384635506,-0.04158426215765029,0.998,-1,False,0.1,20260828,1000
ishizawa,ishizawa_DW100,log10,35,3,0.1133635197964411,0.0027297190179997885,0.2198271461831051,0.978,1,False,0.1,20260828,1000
ishizawa,ishizawa_DW100,log10,36,2,-0.13141542952869845,-0.22472497640763775,-0.04113650327490804,0.998,-1,False,0.1,20260828,1000
ishizawa,ishizawa_DW100,log10,37,3,0.03900608327292776,-0.10147570374578943,0.1725855820437088,0.69,0,False,0.1,20260828,1000
ishizawa,ishizawa_DW100,log10,38,3,0.08304608777717082,-0.06504420988589817,0.2241475467901205,0.879,0,False,0.1,20260828,1000
ishizawa,ishizawa_DW100,log10,39,4,-0.05802096659727063,-0.23234204644055026,0.13952824263929817,0.715,0,False,0.1,20260828,1000
ishizawa,ishizawa_DW100,log10,40,2,-0.2635708669753942,-0.3643984490312494,-0.16415864783979214,1.0,-1,False,0.1,20260828,1000
ishizawa,ishizawa_DW100,log10,41,3,0.3906209415170183,0.2610041759917698,0.5274573674648549,1.0,1,False,0.1,20260828,1000
ishizawa,ishizawa_DW100,log10,42,3,0.17986381913184868,-0.008828847522443372,0.38199482957023156,0.969,0,False,0.1,20260828,1000
ishizawa,ishizawa_DW100,log10,43,4,-0.26075330102306093,-0.5310963529275344,0.024305167107086245,0.958,0,False,0.1,20260828,1000
ishizawa,ishizawa_DW100,log10,44,3,0.17787220564748019,0.023484586059661285,0.33064693737434686,0.991,1,False,0.1,20260828,1000
ishizawa,ishizawa_DW100,log10,45,4,-0.08606540878573998,-0.35499689721346384,0.16314689317667633,0.735,0,False,0.1,20260828,1000
ishizawa,ishizawa_DW100,log10,46,4,-0.13938432477727591,-0.38631165934480866,0.10593470597312997,0.85,0,False,0.1,20260828,1000
ishizawa,ishizawa_DW100,log10,47,5,-0.017549839870049766,-0.40052423649899627,0.35689453339724847,0.512,0,False,0.1,20260828,1000
ishizawa,ishizawa_DW100,log10,48,2,-0.2816895167997515,-0.38192627136715107,-0.1904274371416227,1.0,-1,False,0.1,20260828,1000
ishizawa,ishizawa_DW100,log10,49,3,0.16936297270865186,0.044021819165492304,0.2980017614513655,0.997,1,False,0.1,20260828,1000
ishizawa,ishizawa_DW100,log10,50,3,0.348475457048683,0.18800922775063938,0.5088172109460416,1.0,1,False,0.1,20260828,1000
ishizawa,ishizawa_DW100,log10,51,4,-0.2717832643928402,-0.46415483169692445,-0.06802488579012206,0.998,-1,False,0.1,20260828,1000
ishizawa,ishizawa_DW100,log10,52,3,0.19535196554142242,0.052855091431640376,0.34664065747577305,0.997,1,False,0.1,20260828,1000
ishizawa,ishizawa_DW100,log10,53,4,-0.31380330607977847,-0.5401397002460279,-0.09530162826323813,0.999,-1,False,0.1,20260828,1000
ishizawa,ishizawa_DW100,log10,54,4,-0.27537782124275356,-0.4823395611460229,-0.06306103060800139,0.997,-1,False,0.1,20260828,1000
ishizawa,ishizawa_DW100,log10,55,5,0.5271043740535264,0.2156545535490529,0.8177797778537744,1.0,1,False,0.1,20260828,1000
ishizawa,ishizawa_DW100,log10,56,3,0.43169095871961627,0.30248296314018425,0.559724793770487,1.0,1,False,0.1,20260828,1000
ishizawa,ishizawa_DW100,log10,57,4,-0.4985862795925291,-0.7065767961887619,-0.3133432487885777,1.0,-1,False,0.1,20260828,1000
ishizawa,ishizawa_DW100,log10,58,4,-0.32245244523531635,-0.6123899727562365,-0.04821095825297091,0.992,-1,False,0.1,20260828,1000
ishizawa,ishizawa_DW100,log10,59,5,0.359711354025289,-0.04447425583390904,0.7268236435586766,0.964,0,False,0.1,20260828,1000
ishizawa,ishizawa_DW100,log10,60,4,-0.27152587412486007,-0.4853271196516755,-0.06982298298374565,0.993,-1,False,0.1,20260828,1000
ishizawa,ishizawa_DW100,log10,61,5,0.3636553092581982,0.0174900095262302,0.7187594962201966,0.979,1,False,0.1,20260828,1000
ishizawa,ishizawa_DW100,log10,62,5,0.24429244828609065,-0.1093776037038196,0.6034948513710631,0.905,0,False,0.1,20260828,1000
ishizawa,ishizawa_DW100,log10,63,6,-0.4382905279183982,-0.9204677976128333,0.09729983839102585,0.949,0,False,0.1,20260828,1000
ishizawa,ishizawa_DW102,log10,0,0,6.140721719067427,6.087831831580269,6.200854862207412,1.0,1,False,0.1,20260828,1000
ishizawa,ishizawa_DW102,log10,1,1,0.36399635053200363,0.26953558778371656,0.47010248552863576,1.0,1,False,0.1,20260828,1000
ishizawa,ishizawa_DW102,log10,2,1,0.10793377377263536,0.019069475998551313,0.188243486192029,0.991,1,False,0.1,20260828,1000
ishizawa,ishizawa_DW102,log10,3,2,-0.16675160866364802,-0.30434499857063846,-0.027592094221964587,0.989,-1,False,0.1,20260828,1000
ishizawa,ishizawa_DW102,log10,4,1,-0.09890069369856302,-0.17810403907727648,-0.023174801688384875,0.99,0,False,0.1,20260828,1000
ishizawa,ishizawa_DW102,log10,5,2,-0.2769757553823933,-0.43777623691680223,-0.12837337598176887,1.0,-1,False,0.1,20260828,1000
ishizawa,ishizawa_DW102,log10,6,2,-0.05620454522936047,-0.2182885613567897,0.081576014872928,0.758,0,False,0.1,20260828,1000
ishizawa,ishizawa_DW102,log10,7,3,0.19340521675694866,-0.03309387215369319,0.4361188542737699,0.956,0,False,0.1,20260828,1000
ishizawa,ishizawa_DW102,log10,8,1,0.13988677811562944,0.03617720581665675,0.2332509930770324,0.999,1,False,0.1,20260828,1000
ishizawa,ishizawa_DW102,log10,9,2,-0.3493186095892886,-0.4893451350141104,-0.20959609738361584,1.0,-1,False,0.1,20260828,1000
ishizawa,ishizawa_DW102,log10,10,2,-0.09690433933368148,-0.24973944558729855,0.05665522835719553,0.887,0,False,0.1,20260828,1000
ishizawa,ishizawa_DW102,log10,11,3,0.13067899235492142,-0.06198742231520346,0.3424192847664496,0.9,0,False,0.1,20260828,1000
ishizawa,ishizawa_DW102,log10,12,2,-0.05199050690221618,-0.23931651367888812,0.12308329707583537,0.728,0,False,0.1,20260828,1000
ishizawa,ishizawa_DW102,log10,13,3,0.40355833982567724,0.17620946732690887,0.6503114044920192,1.0,1,False,0.1,20260828,1000
ishizawa,ishizawa_DW102,log10,14,3,0.04266707888351107,-0.22670676656107183,0.3230458966234536,0.646,0,False,0.1,20260828,1000
ishizawa,ishizawa_DW102,log10,15,4,-0.2073068567427585,-0.5615034129403579,0.11378700968337244,0.894,0,False,0.1,20260828,1000
ishizawa,ishizawa_DW102,log10,16,1,0.154859962261801,0.08421683990890357,0.2205367536076442,1.0,1,False,0.1,20260828,1000
ishizawa,ishizawa_DW102,log10,17,2,-0.23692442090222698,-0.38404663900202596,-0.1095103495305139,0.998,-1,False,0.1,20260828,1000
ishizawa,ishizawa_DW102,log10,18,2,-0.04524905743230612,-0.18912884250107273,0.11011367813084956,0.73,0,False,0.1,20260828,1000
ishizawa,ishizawa_DW102,log10,19,3,0.15759554892084005,-0.04898531692554946,0.3551309899730174,0.934,0,False,0.1,20260828,1000
ishizawa,ishizawa_DW102,log10,20,2,0.0484901036927754,-0.04686286661330885,0.14327173853162,0.833,0,False,0.1,20260828,1000
ishizawa,ishizawa_DW102,log10,21,3,0.28326294137034846,0.07632952956474162,0.4879374000267158,0.995,1,False,0.1,20260828,1000
ishizawa,ishizawa_DW102,log10,22,3,0.05174509894661661,-0.1425462904096494,0.2615391891774801,0.663,0,False,0.1,20260828,1000
ishizawa,ishizawa_DW102,log10,23,4,-0.4617585913415194,-0.8025044729052113,-0.14326591356927498,0.996,-1,False,0.1,20260828,1000
ishizawa,ishizawa_DW102,log10,24,2,0.0024255757334366024,-0.13721026647805207,0.15730637983569548,0.505,0,False,0.1,20260828,1000
ishizawa,ishizawa_DW102,log10,25,3,0.1973128539033242,0.004316497305313365,0.40131747260000217,0.976,1,False,0.1,20260828,1000
ishizawa,ishizawa_DW102,log10,26,3,-0.009342344096858746,-0.24126749954470228,0.24115784139568483,0.541,0,False,0.1,20260828,1000
ishizawa,ishizawa_DW102,log10,27,4,-0.20646290748093143,-0.5228927495043912,0.08805013578167696,0.917,0,False,0.1,20260828,1000
ishizawa,ishizawa_DW102,log10,28,3,0.015624439490235176,-0.18567083519588448,0.23427801048498081,0.576,0,False,0.1,20260828,1000
ishizawa,ishizawa_DW102,log10,29,4,-0.45120754370760263,-0.7625242596000439,-0.14856578102315665,0.998,-1,False,0.1,20260828,1000
ishizawa,ishizawa_DW102,log10,30,4,-0.019091188586995322,-0.3606191807875909,0.2927375074890807,0.539,0,False,0.1,20260828,1000
ishizawa,ishizawa_DW102,log10,31,5,0.5647090910895969,0.14297786637624416,1.0405959158646183,0.996,1,False,0.1,20260828,1000
ishizawa,ishizawa_DW102,log10,32,1,0.31058596113812786,0.22128146889666023,0.3949237663273275,1.0,1,False,0.1,20260828,1000
ishizawa,ishizawa_DW102,log10,33,2,-0.3304046184492426,-0.4608017279515063,-0.20480578443567712,1.0,-1,False,0.1,20260828,1000
ishizawa,ishizawa_DW102,log10,34,2,-0.16749549659053642,-0.32375275808165715,-0.025914561757029983,0.994,-1,False,0.1,20260828,1000
ishizawa,ishizawa_DW102,log10,35,3,0.09535889512933426,-0.09184370432862314,0.2799903155447317,0.838,0,False,0.1,20260828,1000
ishizawa,ishizawa_DW102,log10,36,2,-0.1757216921110034,-0.3008911292776961,-0.053059066361976846,0.996,-1,False,0.1,20260828,1000
ishizawa,ishizawa_DW102,log10,37,3,0.4024021227209227,0.19773709953891733,0.5967118168333303,1.0,1,False,0.1,20260828,1000
ishizawa,ishizawa_DW102,log10,38,3,0.07939407901695272,-0.11498682917157624,0.30126788678021016,0.772,0,False,0.1,20260828,1000
ishizawa,ishizawa_DW102,log10,39,4,-0.2888803078903628,-0.5770878089262345,-0.009354212598158392,0.978,-1,False,0.1,20260828,1000
ishizawa,ishizawa_DW102,log10,40,2,-0.10470404701603897,-0.24008299660849367,0.028374777814289407,0.936,0,False,0.1,20260828,1000
ishizawa,ishizawa_DW102,log10,41,3,0.3282461175168807,0.1431732107258722,0.516849978972459,1.0,1,False,0.1,20260828,1000
ishizawa,ishizawa_DW102,log10,42,3,-0.029427518665439578,-0.2567803408809588,0.20641495995289072,0.597,0,False,0.1,20260828,1000
ishizawa,ishizawa_DW102,log10,43,4,0.010232684096080469,-0.26242669032270044,0.29781516304357675,0.508,0,False,0.1,20260828,1000
ishizawa,ishizawa_DW102,log10,44,3,0.14461888413813018,-0.06611709579083438,0.36147612835606574,0.9,0,False,0.1,20260828,1000
ishizawa,ishizawa_DW102,log10,45,4,-0.5135712290157599,-0.8048734232077006,-0.23130447584641758,1.0,-1,False,0.1,20260828,1000
ishizawa,ishizawa_DW102,log10,46,4,-0.0041192535398950625,-0.3404117582505012,0.31209902094963654,0.518,0,False,0.1,20260828,1000
ishizawa,ishizawa_DW102,log10,47,5,0.2616110161944496,-0.1380807950333082,0.6903617125196203,0.898,0,False,0.1,20260828,1000
ishizawa,ishizawa_DW102,log10,48,2,-0.1058799702990294,-0.20262988566818288,-0.0030925484436110325,0.978,-1,False,0.1,20260828,1000
ishizawa,ishizawa_DW102,log10,49,3,0.24968273233163618,0.08891202379336494,0.40535943222762016,0.998,1,False,0.1,20260828,1000
ishizawa,ishizawa_DW102,log10,50,3,0.03640057222929727,-0.1562903387949405,0.2349709211975777,0.614,0,False,0.1,20260828,1000
ishizawa,ishizawa_DW102,log10,51,4,-0.17013558830429698,-0.4131631005628229,0.08617450757479495,0.91,0,False,0.1,20260828,1000
ishizawa,ishizawa_DW102,log10,52,3,-0.0508324795891788,-0.22196617600878998,0.12284264730655527,0.707,0,False,0.1,20260828,1000
ishizawa,ishizawa_DW102,log10,53,4,-0.3929783194333556,-0.6434856860776917,-0.1237086900598548,0.999,-1,False,0.1,20260828,1000
ishizawa,ishizawa_DW102,log10,54,4,0.12914714654645998,-0.16578092869445035,0.4000692064962309,0.807,0,False,0.1,20260828,1000
ishizawa,ishizawa_DW102,log10,55,5,0.5321206855603036,0.15053419676045732,0.9354137923244655,0.998,1,False,0.1,20260828,1000
ishizawa,ishizawa_DW102,log10,56,3,-0.08899009492813548,-0.2583257459537891,0.07689882952752872,0.818,0,False,0.1,20260828,1000
ishizawa,ishizawa_DW102,log10,57,4,-0.2556322464780658,-0.510399371691903,-0.024598375583190137,0.982,-1,False,0.1,20260828,1000
ishizawa,ishizawa_DW102,log10,58,4,0.18698043165363476,-0.11332426193406772,0.49449187100140124,0.887,0,False,0.1,20260828,1000
ishizawa,ishizawa_DW102,log10,59,5,0.16986485124241124,-0.22241523273879477,0.5449346906943819,0.804,0,False,0.1,20260828,1000
ishizawa,ishizawa_DW102,log10,60,4,0.06184581166581271,-0.2138518132106663,0.3403186187671213,0.669,0,False,0.1,20260828,1000
ishizawa,ishizawa_DW102,log10,61,5,0.6060580602289285,0.23899503979052056,1.000931436463108,0.999,1,False,0.1,20260828,1000
ishizawa,ishizawa_DW102,log10,62,5,-0.2078262963529136,-0.6284819494950282,0.2274743657746326,0.828,0,False,0.1,20260828,1000
ishizawa,ishizawa_DW102,log10,63,6,-0.6885544651223183,-1.2815529385420543,-0.10140440681439877,0.991,-1,False,0.1,20260828,1000
ishizawa,ishizawa_DW145,log10,0,0,6.228018966247834,6.2093293640763445,6.249122237454115,1.0,1,False,0.1,20260828,1000
ishizawa,ishizawa_DW145,log10,1,1,0.17439775795561996,0.13684063918052977,0.20867108820978492,1.0,1,False,0.1,20260828,1000
ishizawa,ishizawa_DW145,log10,2,1,-0.15779555426485015,-0.23441377174294908,-0.0811440575130446,1.0,-1,False,0.1,20260828,1000
ishizawa,ishizawa_DW145,log10,3,2,-0.024976351962475718,-0.11940981945620026,0.06462444966589506,0.689,0,False,0.1,20260828,1000
ishizawa,ishizawa_DW145,log10,4,1,0.08139222484778941,0.023483110140025642,0.148180402135786,0.997,0,False,0.1,20260828,1000
ishizawa,ishizawa_DW145,log10,5,2,-0.19348626569124772,-0.2994497332343754,-0.08799898513045243,1.0,-1,False,0.1,20260828,1000
ishizawa,ishizawa_DW145,log10,6,2,0.0820726541592336,-0.03693561561057061,0.20415120976134388,0.895,0,False,0.1,20260828,1000
ishizawa,ishizawa_DW145,log10,7,3,0.010942686374977306,-0.17178512644742922,0.1958238378965631,0.557,0,False,0.1,20260828,1000
ishizawa,ishizawa_DW145,log10,8,1,-0.08235531781560113,-0.16739742677266117,-0.0007989316780093088,0.977,0,False,0.1,20260828,1000
ishizawa,ishizawa_DW145,log10,9,2,-0.5306425994304149,-0.6328149924927585,-0.41934174075743663,1.0,-1,False,0.1,20260828,1000
ishizawa,ishizawa_DW145,log10,10,2,-0.06560357504098491,-0.21939898153105172,0.08081384757882847,0.798,0,False,0.1,20260828,1000
ishizawa,ishizawa_DW145,log10,11,3,0.20505185927379976,-0.03350819281714696,0.42163525476945607,0.949,0,False,0.1,20260828,1000
ishizawa,ishizawa_DW145,log10,12,2,-0.3997929230270554,-0.5368597234662672,-0.2668014018840717,1.0,-1,False,0.1,20260828,1000
ishizawa,ishizawa_DW145,log10,13,3,0.5415476901307441,0.3686706400751176,0.7184081927357013,1.0,1,False,0.1,20260828,1000
ishizawa,ishizawa_DW145,log10,14,3,0.35154891807970046,0.10675583716001583,0.575947823166035,0.998,1,False,0.1,20260828,1000
ishizawa,ishizawa_DW145,log10,15,4,-0.39016697775146714,-0.6950314701847662,-0.053187587830236874,0.991,-1,False,0.1,20260828,1000
ishizawa,ishizawa_DW145,log10,16,1,0.1490327487361709,0.07856442323221473,0.22258659505526868,1.0,1,False,0.1,20260828,1000
ishizawa,ishizawa_DW145,log10,17,2,-0.30860103988919274,-0.42400333113151567,-0.20515320648903845,1.0,-1,False,0.1,20260828,1000
ishizawa,ishizawa_DW145,log10,18,2,-0.045848196086248905,-0.19021273080258314,0.11833514800235262,0.701,0,False,0.1,20260828,1000
ishizawa,ishizawa_DW145,log10,19,3,0.24945624462246485,0.05284298314768263,0.42719623128200795,0.994,1,False,0.1,20260828,1000
ishizawa,ishizawa_DW145,log10,20,2,-0.06917018743499259,-0.2078764819587052,0.05870027453013433,0.863,0,False,0.1,20260828,1000
ishizawa,ishizawa_DW145,log10,21,3,0.09506807550176521,-0.06765717900025678,0.2858708103845342,0.859,0,False,0.1,20260828,1000
ishizawa,ishizawa_DW145,log10,22,3,0.0932808826054794,-0.12764101093472285,0.30581384034816256,0.792,0,False,0.1,20260828,1000
ishizawa,ishizawa_DW145,log10,23,4,-0.18044495229112556,-0.46288289448054626,0.08710559693292425,0.898,0,False,0.1,20260828,1000
ishizawa,ishizawa_DW145,log10,24,2,-0.4660546797993046,-0.5955520563665346,-0.3388478828824948,1.0,-1,False,0.1,20260828,1000
ishizawa,ishizawa_DW145,log10,25,3,0.7123044464467272,0.5184197788834156,0.8961916260380748,1.0,1,False,0.1,20260828,1000
ishizawa,ishizawa_DW145,log10,26,3,0.2895424324046232,0.06507709167251285,0.5192284184750232,0.994,1,False,0.1,20260828,1000
ishizawa,ishizawa_DW145,log10,27,4,-0.428582396545802,-0.743040512246214,-0.09207278416168316,0.994,-1,False,0.1,20260828,1000
ishizawa,ishizawa_DW145,log10,28,3,0.5376689307029086,0.34127087722873806,0.7449588855707552,1.0,1,False,0.1,20260828,1000
ishizawa,ishizawa_DW145,log10,29,4,-0.6441698885177232,-0.9158278206658781,-0.39801214167622323,1.0,-1,False,0.1,20260828,1000
ishizawa,ishizawa_DW145,log10,30,4,-0.6269825874041492,-0.945862538702333,-0.2931052634912707,1.0,-1,False,0.1,20260828,1000
ishizawa,ishizawa_DW145,log10,31,5,0.627050379007482,0.21567617801496178,1.0662490231717239,0.999,1,False,0.1,20260828,1000
ishizawa,ishizawa_DW145,log10,32,1,0.03612186913338977,-0.007310307016024087,0.08206690796478683,0.95,0,False,0.1,20260828,1000
ishizawa,ishizawa_DW145,log10,33,2,-0.1667573182417197,-0.2395378177288339,-0.0983636530727165,1.0,-1,False,0.1,20260828,1000
ishizawa,ishizawa_DW145,log10,34,2,-0.015002761890372085,-0.12998570331300768,0.09936257368537404,0.602,0,False,0.1,20260828,1000
ishizawa,ishizawa_DW145,log10,35,3,0.10598582316769445,-0.05019867018542592,0.2576949092853618,0.9,0,False,0.1,20260828,1000
ishizawa,ishizawa_DW145,log10,36,2,-0.12589617892055038,-0.26560729785753673,-0.0017215755467950454,0.976,-1,False,0.1,20260828,1000
ishizawa,ishizawa_DW145,log10,37,3,0.12576092957076312,-0.05270029258704767,0.3204816416048309,0.911,0,False,0.1,20260828,1000
ishizawa,ishizawa_DW145,log10,38,3,0.043328708667772275,-0.15956000211321816,0.2421205221569774,0.654,0,False,0.1,20260828,1000
ishizawa,ishizawa_DW145,log10,39,4,0.009344230651503693,-0.2679916703610748,0.29830616471889687,0.518,0,False,0.1,20260828,1000
ishizawa,ishizawa_DW145,log10,40,2,-0.22845009284479723,-0.3284826701028334,-0.12374414431810087,1.0,-1,False,0.1,20260828,1000
ishizawa,ishizawa_DW145,log10,41,3,0.39120859744564385,0.2382414631597473,0.5394966626513821,1.0,1,False,0.1,20260828,1000
ishizawa,ishizawa_DW145,log10,42,3,0.05064583551368784,-0.11841028446931871,0.2451237441232765,0.684,0,False,0.1,20260828,1000
ishizawa,ishizawa_DW145,log10,43,4,-0.13425101816424512,-0.43165897663554015,0.16373103679772338,0.833,0,False,0.1,20260828,1000
ishizawa,ishizawa_DW145,log10,44,3,0.33149126786541316,0.12698369443739138,0.525614946820158,0.999,1,False,0.1,20260828,1000
ishizawa,ishizawa_DW145,log10,45,4,-0.2894245990401041,-0.6038616857037826,0.009870936681349836,0.97,0,False,0.1,20260828,1000
ishizawa,ishizawa_DW145,log10,46,4,-0.2148610574958747,-0.5304975621087152,0.09566570322130034,0.908,0,False,0.1,20260828,1000
ishizawa,ishizawa_DW145,log10,47,5,0.13321160911518515,-0.31141224583200167,0.5944939359997664,0.741,0,False,0.1,20260828,1000
ishizawa,ishizawa_DW145,log10,48,2,-0.06312155428911215,-0.16810580165060357,0.04577132108997495,0.868,0,False,0.1,20260828,1000
ishizawa,ishizawa_DW145,log10,49,3,0.1494575574745003,-0.05243979536759373,0.3534261259079103,0.922,0,False,0.1,20260828,1000
ishizawa,ishizawa_DW145,log10,50,3,-0.1514097040049842,-0.35703998214431215,0.05581475287503232,0.931,0,False,0.1,20260828,1000
ishizawa,ishizawa_DW145,log10,51,4,0.2059079791737881,-0.06569835169297696,0.4891983682835465,0.933,0,False,0.1,20260828,1000
ishizawa,ishizawa_DW145,log10,52,3,0.1685470573720682,-0.018469981642661046,0.38875667028756467,0.957,0,False,0.1,20260828,1000
ishizawa,ishizawa_DW145,log10,53,4,-0.14959967925540685,-0.4590936276159915,0.15865299961598217,0.842,0,False,0.1,20260828,1000
ishizawa,ishizawa_DW145,log10,54,4,-0.21162363110947702,-0.5126133299700281,0.07013906175509663,0.914,0,False,0.1,20260828,1000
ishizawa,ishizawa_DW145,log10,55,5,0.07101208759490696,-0.3215502461112615,0.45041663697519396,0.604,0,False,0.1,20260828,1000
ishizawa,ishizawa_DW145,log10,56,3,0.3649200796485266,0.18918162382931897,0.5389278491828087,1.0,1,False,0.1,20260828,1000
ishizawa,ishizawa_DW145,log10,57,4,-0.5724376073698085,-0.878663507258322,-0.2971000835527469,1.0,-1,False,0.1,20260828,1000
ishizawa,ishizawa_DW145,log10,58,4,0.01993225207044169,-0.27483839647368946,0.2993238955613127,0.553,0,False,0.1,20260828,1000
ishizawa,ishizawa_DW145,log10,59,5,-0.0499426424159628,-0.4897015357519491,0.4234756960967576,0.592,0,False,0.1,20260828,1000
ishizawa,ishizawa_DW145,log10,60,4,-0.5376453901044131,-0.829742961801283,-0.247988932660825,1.0,-1,False,0.1,20260828,1000
ishizawa,ishizawa_DW145,log10,61,5,0.7264118673114375,0.3184934010656406,1.1501196363428443,1.0,1,False,0.1,20260828,1000
ishizawa,ishizawa_DW145,log10,62,5,0.5534873748380278,0.1280402549223054,1.0075924713782105,0.995,1,False,0.1,20260828,1000
ishizawa,ishizawa_DW145,log10,63,6,-0.46805635961640224,-1.112969057337327,0.1096728586323256,0.944,0,False,0.1,20260828,1000
ishizawa,ishizawa_DW147,log10,0,0,5.848552168401999,5.8014163196642246,5.899518611366361,1.0,1,False,0.1,20260828,1000
ishizawa,ishizawa_DW147,log10,1,1,-0.2618965686850938,-0.3585057029514535,-0.15752332307554323,1.0,-1,False,0.1,20260828,1000
ishizawa,ishizawa_DW147,log10,2,1,0.1316982825927786,0.0642796175777163,0.19796684707233259,1.0,1,False,0.1,20260828,1000
ishizawa,ishizawa_DW147,log10,3,2,-0.16892238179703511,-0.34111249171380004,-0.004538297706814265,0.978,-1,False,0.1,20260828,1000
ishizawa,ishizawa_DW147,log10,4,1,0.29414888148576424,0.21813896118373205,0.37432744879728885,1.0,1,False,0.1,20260828,1000
ishizawa,ishizawa_DW147,log10,5,2,-0.33058536804827643,-0.5402354500317438,-0.15951089376049765,1.0,-1,False,0.1,20260828,1000
ishizawa,ishizawa_DW147,log10,6,2,-0.38826679735036507,-0.5306218596634693,-0.24168561096154212,1.0,-1,False,0.1,20260828,1000
ishizawa,ishizawa_DW147,log10,7,3,-0.06330635911407878,-0.5611196517527959,0.3510402416035091,0.599,0,False,0.1,20260828,1000
ishizawa,ishizawa_DW147,log10,8,1,0.10165295946541875,0.007068470349835976,0.20140549852064346,0.982,1,False,0.1,20260828,1000
ishizawa,ishizawa_DW147,log10,9,2,-0.22388061862204456,-0.3916080566626218,-0.028428475710016513,0.986,-1,False,0.1,20260828,1000
ishizawa,ishizawa_DW147,log10,10,2,-0.18323396668142333,-0.29432771239727223,-0.06772363505260327,1.0,-1,False,0.1,20260828,1000
ishizawa,ishizawa_DW147,log10,11,3,0.3089586890934264,0.038153929279998236,0.5600634430714181,0.984,1,False,0.1,20260828,1000
ishizawa,ishizawa_DW147,log10,12,2,-0.16355357634661782,-0.3240173340810247,-0.012814362357261988,0.986,-1,False,0.1,20260828,1000
ishizawa,ishizawa_DW147,log10,13,3,0.4963903249258088,0.2211945067987197,0.7803826631278703,0.999,1,False,0.1,20260828,1000
ishizawa,ishizawa_DW147,log10,14,3,0.4221176241698874,0.20126007336107882,0.6213250978374206,1.0,1,False,0.1,20260828,1000
ishizawa,ishizawa_DW147,log10,15,4,-0.43475306072118336,-0.926436419747818,0.11053692781717879,0.94,0,False,0.1,20260828,1000
ishizawa,ishizawa_DW147,log10,16,1,-0.3072700363901051,-0.3783616932230273,-0.24039831585067667,1.0,-1,False,0.1,20260828,1000
ishizawa,ishizawa_DW147,log10,17,2,0.040893993394764294,-0.16177050047435246,0.23392621052707177,0.655,0,False,0.1,20260828,1000
ishizawa,ishizawa_DW147,log10,18,2,-0.07268365308777458,-0.17165477173072868,0.029840392660684032,0.91,0,False,0.1,20260828,1000
ishizawa,ishizawa_DW147,log10,19,3,0.29860263022345546,0.04899376876159289,0.5801508421895545,0.989,1,False,0.1,20260828,1000
ishizawa,ishizawa_DW147,log10,20,2,-0.24024053647360333,-0.35149079739443156,-0.1304656271191916,1.0,-1,False,0.1,20260828,1000
ishizawa,ishizawa_DW147,log10,21,3,0.24295696255298793,-0.024185115499988964,0.5171670965440676,0.956,0,False,0.1,20260828,1000
ishizawa,ishizawa_DW147,log10,22,3,0.3851452295334852,0.18766103583089092,0.59684313426256,1.0,1,False,0.1,20260828,1000
ishizawa,ishizawa_DW147,log10,23,4,-0.059896161757049704,-0.5414401502540377,0.4577375252319984,0.607,0,False,0.1,20260828,1000
ishizawa,ishizawa_DW147,log10,24,2,0.20231490089964765,0.08857336769128135,0.3259455619763207,1.0,1,False,0.1,20260828,1000
ishizawa,ishizawa_DW147,log10,25,3,-0.026985745366828517,-0.37536148766320687,0.2887335985497172,0.557,0,False,0.1,20260828,1000
ishizawa,ishizawa_DW147,log10,26,3,0.309667424589418,0.13838764851322766,0.48418786440365574,1.0,1,False,0.1,20260828,1000
ishizawa,ishizawa_DW147,log10,27,4,-0.525650723181549,-0.9610007852301938,-0.08771937170369941,0.99,-1,False,0.1,20260828,1000
ishizawa,ishizawa_DW147,log10,28,3,0.43051934001894043,0.2421676531614943,0.6189681694313175,1.0,1,False,0.1,20260828,1000
ishizawa,ishizawa_DW147,log10,29,4,-0.647424371485176,-1.078261016124244,-0.22294563641733106,0.997,-1,False,0.1,20260828,1000
ishizawa,ishizawa_DW147,log10,30,4,-0.6138335674732289,-0.8968466959852497,-0.33531979104353704,1.0,-1,False,0.1,20260828,1000
ishizawa,ishizawa_DW147,log10,31,5,0.6844785808398903,0.01779479886816884,1.2857906330041577,0.98,1,False,0.1,20260828,1000
ishizawa,ishizawa_DW147,log10,32,1,-0.23731942663506178,-0.4077982477479259,-0.0753718219723278,1.0,-1,False,0.1,20260828,1000
ishizawa,ishizawa_DW147,log10,33,2,-0.028462611814490835,-0.22157605211738407,0.15496811020387802,0.616,0,False,0.1,20260828,1000
ishizawa,ishizawa_DW147,log10,34,2,0.19149891806482078,-0.00851399951949254,0.3845963643543635,0.966,0,False,0.1,20260828,1000
ishizawa,ishizawa_DW147,log10,35,3,-0.08394555572098916,-0.3486282381615939,0.18149586126597808,0.711,0,False,0.1,20260828,1000
ishizawa,ishizawa_DW147,log10,36,2,-0.052733830597825104,-0.23603389264251987,0.14670273907103212,0.715,0,False,0.1,20260828,1000
ishizawa,ishizawa_DW147,log10,37,3,0.09172608243029234,-0.1644199202992505,0.3584908726940839,0.738,0,False,0.1,20260828,1000
ishizawa,ishizawa_DW147,log10,38,3,0.08663892547904606,-0.17532671910398942,0.3401407517602613,0.751,0,False,0.1,20260828,1000
ishizawa,ishizawa_DW147,log10,39,4,0.43358976161376894,-0.03269787162283599,0.9720350330288465,0.965,0,False,0.1,20260828,1000
ishizawa,ishizawa_DW147,log10,40,2,-0.0921586410304922,-0.28641875806351863,0.11820511041474145,0.821,0,False,0.1,20260828,1000
ishizawa,ishizawa_DW147,log10,41,3,0.3211358877842141,0.048856810646002675,0.5898408082163795,0.989,1,False,0.1,20260828,1000
ishizawa,ishizawa_DW147,log10,42,3,0.018041702813714977,-0.242865929116009,0.284615820491168,0.579,0,False,0.1,20260828,1000
ishizawa,ishizawa_DW147,log10,43,4,-0.24430177415436916,-0.6361264654748531,0.14641367892505763,0.9,0,False,0.1,20260828,1000
ishizawa,ishizawa_DW147,log10,44,3,0.22277495755728083,-0.02457244910825493,0.47425031881783747,0.963,0,False,0.1,20260828,1000
ishizawa,ishizawa_DW147,log10,45,4,-0.6784385654895422,-1.065765301061532,-0.32629726884069127,0.999,-1,False,0.1,20260828,1000
ishizawa,ishizawa_DW147,log10,46,4,-0.3170602804207512,-0.6628494458347268,0.01853886125463122,0.962,0,False,0.1,20260828,1000
ishizawa,ishizawa_DW147,log10,47,5,0.31189355341665514,-0.2827278335841836,0.8871433299335558,0.838,0,False,0.1,20260828,1000
ishizawa,ishizawa_DW147,log10,48,2,0.22392994790844245,0.001375148440994158,0.44280255712122213,0.976,1,False,0.1,20260828,1000
ishizawa,ishizawa_DW147,log10,49,3,0.009622040972275592,-0.26998477189282927,0.3016049934004092,0.545,0,False,0.1,20260828,1000
ishizawa,ishizawa_DW147,log10,50,3,-0.14109625496965617,-0.3958356529271711,0.13775153363342885,0.836,0,False,0.1,20260828,1000
ishizawa,ishizawa_DW147,log10,51,4,-0.22280273948516793,-0.6099861203040615,0.12649651722592592,0.895,0,False,0.1,20260828,1000
ishizawa,ishizawa_DW147,log10,52,3,0.14338265322695154,-0.09014375037095039,0.39970261600735074,0.875,0,False,0.1,20260828,1000
ishizawa,ishizawa_DW147,log10,53,4,-0.3271302813282144,-0.7019710196930377,0.023753445119389326,0.963,0,False,0.1,20260828,1000
ishizawa,ishizawa_DW147,log10,54,4,-0.41477684508556045,-0.8179883885643308,-0.04540894080966305,0.988,-1,False,0.1,20260828,1000
ishizawa,ishizawa_DW147,log10,55,5,0.2791619796024216,-0.318444525844817,0.8870218440422587,0.82,0,False,0.1,20260828,1000
ishizawa,ishizawa_DW147,log10,56,3,-0.0985147366423691,-0.37217214617637795,0.1779656436263578,0.738,0,False,0.1,20260828,1000
ishizawa,ishizawa_DW147,log10,57,4,-0.10643567437837209,-0.5305546212522404,0.34810763279163137,0.699,0,False,0.1,20260828,1000
ishizawa,ishizawa_DW147,log10,58,4,-0.06899811823360746,-0.47842665767770354,0.33268626540586077,0.641,0,False,0.1,20260828,1000
ishizawa,ishizawa_DW147,log10,59,5,0.37746197997977227,-0.2066387061928487,0.994557319596084,0.894,0,False,0.1,20260828,1000
ishizawa,ishizawa_DW147,log10,60,4,-0.5065300301538613,-0.8477879166594102,-0.17953932665247002,0.999,-1,False,0.1,20260828,1000
ishizawa,ishizawa_DW147,log10,61,5,0.9977326798922892,0.44833698254554794,1.5445611433347455,1.0,1,False,0.1,20260828,1000
ishizawa,ishizawa_DW147,log10,62,5,0.6143150360352845,0.12604684641136396,1.154916996866492,0.99,1,False,0.1,20260828,1000
ishizawa,ishizawa_DW147,log10,63,6,-0.8210326724121222,-1.6604371206199144,0.03908715769641091,0.97,0,False,0.1,20260828,1000
ishizawa,ishizawa_DW155,log10,0,0,6.13622344194683,6.104322131701719,6.1729105283869785,1.0,1,False,0.1,20260828,1000
ishizawa,ishizawa_DW155,log10,1,1,-1.2289831936337077,-1.2836711743591689,-1.1769141367332616,1.0,-1,False,0.1,20260828,1000
ishizawa,ishizawa_DW155,log10,2,1,0.04252554420589316,-0.034872872895268546,0.1167552500293253,0.85,0,False,0.1,20260828,1000
ishizawa,ishizawa_DW155,log10,3,2,0.31812099718412234,0.14076087835234746,0.5101933935833475,0.999,1,False,0.1,20260828,1000
ishizawa,ishizawa_DW155,log10,4,1,-0.07364934336748252,-0.17653592739215912,0.04104391721857036,0.899,0,False,0.1,20260828,1000
ishizawa,ishizawa_DW155,log10,5,2,0.278705806413976,0.12358427494530613,0.4239563654765408,1.0,1,False,0.1,20260828,1000
ishizawa,ishizawa_DW155,log10,6,2,0.0754545291873221,-0.06578194132622739,0.2074469082342825,0.849,0,False,0.1,20260828,1000
ishizawa,ishizawa_DW155,log10,7,3,-0.6866408003198732,-0.9621397029878561,-0.42333189101445295,1.0,-1,False,0.1,20260828,1000
ishizawa,ishizawa_DW155,log10,8,1,-0.33765649061286496,-0.4387369418661088,-0.2272769725436787,1.0,-1,False,0.1,20260828,1000
ishizawa,ishizawa_DW155,log10,9,2,0.6830428739278664,0.4655720602524619,0.8734604251280624,1.0,1,False,0.1,20260828,1000
ishizawa,ishizawa_DW155,log10,10,2,-0.0965009948854636,-0.24526041854416358,0.04504039191345029,0.903,0,False,0.1,20260828,1000
ishizawa,ishizawa_DW155,log10,11,3,-0.33192242687996654,-0.628284649570975,-0.05099088002492293,0.989,-1,False,0.1,20260828,1000
ishizawa,ishizawa_DW155,log10,12,2,0.010010040083153982,-0.13582940101926833,0.15010512101167847,0.534,0,False,0.1,20260828,1000
ishizawa,ishizawa_DW155,log10,13,3,-0.5517575627178406,-0.820877725987747,-0.2896087530759433,1.0,-1,False,0.1,20260828,1000
ishizawa,ishizawa_DW155,log10,14,3,0.03162536645448899,-0.20562925865685594,0.2851248452383347,0.568,0,False,0.1,20260828,1000
ishizawa,ishizawa_DW155,log10,15,4,0.5589035818446844,0.15618097052378435,0.9750071174197649,0.998,1,False,0.1,20260828,1000
ishizawa,ishizawa_DW155,log10,16,1,-0.42783865157899914,-0.49300241410886664,-0.36396877876781025,1.0,-1,False,0.1,20260828,1000
ishizawa,ishizawa_DW155,log10,17,2,0.6885813141566732,0.5296315105681855,0.855875871513671,1.0,1,False,0.1,20260828,1000
ishizawa,ishizawa_DW155,log10,18,2,-0.2079357505934114,-0.35604607504582964,-0.06743938427805722,1.0,-1,False,0.1,20260828,1000
ishizawa,ishizawa_DW155,log10,19,3,-0.0010742824243283877,-0.27692741421333084,0.25292378384177044,0.53,0,False,0.1,20260828,1000
ishizawa,ishizawa_DW155,log10,20,2,-0.0006412055006830286,-0.15016981041394928,0.15409913543062825,0.508,0,False,0.1,20260828,1000
ishizawa,ishizawa_DW155,log10,21,3,-0.16812349754418765,-0.40780273847318965,0.06883934064590574,0.922,0,False,0.1,20260828,1000
ishizawa,ishizawa_DW155,log10,22,3,-0.04785910653672509,-0.26849122663363084,0.17851743562202996,0.66,0,False,0.1,20260828,1000
ishizawa,ishizawa_DW155,log10,23,4,0.41963594845662655,0.04854137913763607,0.796100242329246,0.986,1,False,0.1,20260828,1000
ishizawa,ishizawa_DW155,log10,24,2,0.3254855968726851,0.17492671417662697,0.4721589212106621,1.0,1,False,0.1,20260828,1000
ishizawa,ishizawa_DW155,log10,25,3,-0.49520054931008506,-0.7735458186337262,-0.18087765946527465,0.999,-1,False,0.1,20260828,1000
ishizawa,ishizawa_DW155,log10,26,3,0.22377141059503103,-0.0041404515132871435,0.45360160710100234,0.972,0,False,0.1,20260828,1000
ishizawa,ishizawa_DW155,log10,27,4,0.07369960922030927,-0.34567892255018995,0.47702368623724684,0.635,0,False,0.1,20260828,1000
ishizawa,ishizawa_DW155,log10,28,3,0.1687560296812043,-0.08803818098884797,0.42420555718140807,0.902,0,False,0.1,20260828,1000
ishizawa,ishizawa_DW155,log10,29,4,0.28751253375052954,-0.10517110193922369,0.6750077816112582,0.915,0,False,0.1,20260828,1000
ishizawa,ishizawa_DW155,log10,30,4,-0.20615788649759725,-0.5764839579945565,0.1996809147974249,0.829,0,False,0.1,20260828,1000
ishizawa,ishizawa_DW155,log10,31,5,-0.2498317908540777,-0.8288969384257945,0.29202014549511723,0.803,0,False,0.1,20260828,1000
ishizawa,ishizawa_DW155,log10,32,1,-0.5467072053444273,-0.753969211466074,-0.3779971398120481,1.0,-1,False,0.1,20260828,1000
ishizawa,ishizawa_DW155,log10,33,2,0.7586097470156838,0.5697081611188533,0.9760427430928811,1.0,1,False,0.1,20260828,1000
ishizawa,ishizawa_DW155,log10,34,2,0.11496902939969367,-0.08202253958618537,0.3386497340475653,0.852,0,False,0.1,20260828,1000
ishizawa,ishizawa_DW155,log10,35,3,-0.4997452175019319,-0.7894573791329221,-0.20007720934165305,1.0,-1,False,0.1,20260828,1000
ishizawa,ishizawa_DW155,log10,36,2,-0.1659443035096828,-0.36843872421567725,0.06499859850678286,0.924,0,False,0.1,20260828,1000
ishizawa,ishizawa_DW155,log10,37,3,-0.4565397414327581,-0.7426523251518494,-0.20540317765328545,0.999,-1,False,0.1,20260828,1000
ishizawa,ishizawa_DW155,log10,38,3,0.23705263956716482,-0.08624105097432211,0.5193591640951581,0.919,0,False,0.1,20260828,1000
ishizawa,ishizawa_DW155,log10,39,4,0.5525553907031213,0.1112567530281688,1.0201747394516494,0.997,1,False,0.1,20260828,1000
ishizawa,ishizawa_DW155,log10,40,2,0.1570539415030412,-0.07050001879407948,0.40749634797631157,0.899,0,False,0.1,20260828,1000
ishizawa,ishizawa_DW155,log10,41,3,-0.32586466593079333,-0.7017422724986898,0.05081038647143524,0.955,0,False,0.1,20260828,1000
ishizawa,ishizawa_DW155,log10,42,3,0.12649307387495856,-0.2947830505949782,0.5600832837799758,0.708,0,False,0.1,20260828,1000
ishizawa,ishizawa_DW155,log10,43,4,0.48094137725969155,-0.11162449855968148,1.0238978194587673,0.945,0,False,0.1,20260828,1000
ishizawa,ishizawa_DW155,log10,44,3,0.3428480595284862,0.05784074399952269,0.6227276319391657,0.99,1,True,0.1,20260828,1000
ishizawa,ishizawa_DW155,log10,45,4,0.1763201874864846,-0.2888851857884366,0.6726016218503255,0.76,0,False,0.1,20260828,1000
ishizawa,ishizawa_DW155,log10,46,4,-0.7716825125729336,-1.2779443733312439,-0.23883076278296847,0.998,-1,False,0.1,20260828,1000
ishizawa,ishizawa_DW155,log10,47,5,-0.2629291313573745,-1.023924609808033,0.4761254172854308,0.748,0,False,0.1,20260828,1000
ishizawa,ishizawa_DW155,log10,48,2,0.4481871706146787,0.21897503608753635,0.7043970099154413,1.0,1,False,0.1,20260828,1000
ishizawa,ishizawa_DW155,log10,49,3,-0.39819584947326625,-0.746364411097353,-0.10540126773246755,0.993,-1,False,0.1,20260828,1000
ishizawa,ishizawa_DW155,log10,50,3,0.19176456306990808,-0.1318610144846465,0.4994677268982608,0.878,0,False,0.1,20260828,1000
ishizawa,ishizawa_DW155,log10,51,4,-0.14481476514145708,-0.5660216969115732,0.2751581322413419,0.754,0,False,0.1,20260828,1000
ishizawa,ishizawa_DW155,log10,52,3,0.2686793482967369,-0.04397969883760648,0.5835711259807196,0.956,0,False,0.1,20260828,1000
ishizawa,ishizawa_DW155,log10,53,4,-0.0019306110831021073,-0.3978996200062017,0.4012348153238983,0.504,0,False,0.1,20260828,1000
ishizawa,ishizawa_DW155,log10,54,4,-0.5925308799434994,-1.0556649883192357,-0.07079410229190448,0.988,-1,True,0.1,20260828,1000
ishizawa,ishizawa_DW155,log10,55,5,0.3352713810883774,-0.31668892835592455,0.9490963487444203,0.844,0,False,0.1,20260828,1000
ishizawa,ishizawa_DW155,log10,56,3,-0.042882789344511174,-0.3690360881728378,0.2557662836351373,0.601,0,False,0.1,20260828,1000
ishizawa,ishizawa_DW155,log10,57,4,-0.051558758181691644,-0.49364886978796857,0.4261054602947686,0.589,0,False,0.1,20260828,1000
ishizawa,ishizawa_DW155,log10,58,4,-0.29753885786957746,-0.8099238532630547,0.22405317903149272,0.841,0,False,0.1,20260828,1000
ishizawa,ishizawa_DW155,log10,59,5,0.10887783028153297,-0.612873292144656,0.7890934822470469,0.637,0,False,0.1,20260828,1000
ishizawa,ishizawa_DW155,log10,60,4,-0.5570472938284663,-1.0003613415265677,-0.10123656151099862,0.997,-1,False,0.1,20260828,1000
ishizawa,ishizawa_DW155,log10,61,5,0.4441771825361762,-0.18629419481202195,1.088955241816053,0.911,0,False,0.1,20260828,1000
ishizawa,ishizawa_DW155,log10,62,5,1.1698907125968638,0.4300437111927355,1.8962608058363677,1.0,1,False,0.1,20260828,1000
ishizawa,ishizawa_DW155,log10,63,6,-0.9400345687008693,-1.881122339319181,0.03947898080440707,0.97,0,False,0.1,20260828,1000
diaz_colunga,diaz_colunga_od600,raw,0,0,0.0,0.0,0.0,0.0,0,False,0.05127000000000001,20260828,1000
diaz_colunga,diaz_colunga_od600,raw,1,1,1.2399666666666667,1.2037,1.2962,1.0,1,False,0.05127000000000001,20260828,1000
diaz_colunga,diaz_colunga_od600,raw,2,1,0.8896999999999999,0.608,1.0583,1.0,1,False,0.05127000000000001,20260828,1000
diaz_colunga,diaz_colunga_od600,raw,3,2,-0.9510999999999998,-1.2317666666666665,-0.6325216666666673,1.0,-1,False,0.05127000000000001,20260828,1000
diaz_colunga,diaz_colunga_od600,raw,4,1,0.7461000000000001,0.3284,0.9681974999999996,1.0,1,False,0.05127000000000001,20260828,1000
diaz_colunga,diaz_colunga_od600,raw,5,2,-0.6941,-0.9653666666666667,-0.30563500000000016,1.0,-1,False,0.05127000000000001,20260828,1000
diaz_colunga,diaz_colunga_od600,raw,6,2,-0.8168666666666666,-1.2349349999999997,-0.359384166666667,1.0,-1,False,0.05127000000000001,20260828,1000
diaz_colunga,diaz_colunga_od600,raw,7,3,0.6606666666666665,0.11021166666666662,1.1631533333333324,0.994,1,False,0.05127000000000001,20260828,1000
diaz_colunga,diaz_colunga_od600,raw,8,1,0.5451333333333334,0.3774,0.8553000000000001,1.0,1,False,0.05127000000000001,20260828,1000
diaz_colunga,diaz_colunga_od600,raw,9,2,-0.5153,-0.8068333333333333,-0.2996333333333334,1.0,-1,False,0.05127000000000001,20260828,1000
diaz_colunga,diaz_colunga_od600,raw,10,2,-0.5724666666666667,-0.9661216666666665,-0.1973666666666667,1.0,-1,False,0.05127000000000001,20260828,1000
diaz_colunga,diaz_colunga_od600,raw,11,3,0.5092999999999999,0.0473550000000001,1.0248658333333331,0.991,1,False,0.05127000000000001,20260828,1000
diaz_colunga,diaz_colunga_od600,raw,12,2,-0.5131000000000001,-0.9148091666666669,-0.03766666666666668,0.986,-1,False,0.05127000000000001,20260828,1000
diaz_colunga,diaz_colunga_od600,raw,13,3,0.4858,0.004786666666666577,0.9035433333333333,0.977,1,False,0.05127000000000001,20260828,1000
diaz_colunga,diaz_colunga_od600,raw,14,3,0.6681,0.04400416666666659,1.2217391666666668,0.982,1,False,0.05127000000000001,20260828,1000
diaz_colunga,diaz_colunga_od600,raw,15,4,-0.5034,-1.1680300000000001,0.22414749999999925,0.92,0,False,0.05127000000000001,20260828,1000
diaz_colunga,diaz_colunga_od600,raw,16,1,1.1122,0.8584,1.3599000000000003,1.0,1,False,0.05127000000000001,20260828,1000
diaz_colunga,diaz_colunga_od600,raw,17,2,-1.1803000000000001,-1.4931666666666672,-0.8601091666666668,1.0,-1,False,0.05127000000000001,20260828,1000
diaz_colunga,diaz_colunga_od600,raw,18,2,-1.0036,-1.2976491666666667,-0.679741666666667,1.0,-1,False,0.05127000000000001,20260828,1000
diaz_colunga,diaz_colunga_od600,raw,19,3,0.9842666666666668,0.5174941666666671,1.4475725000000004,1.0,1,False,0.05127000000000001,20260828,1000
diaz_colunga,diaz_colunga_od600,raw,20,2,-0.7708666666666668,-1.1195025,-0.3490566666666671,1.0,-1,False,0.05127000000000001,20260828,1000
diaz_colunga,diaz_colunga_od600,raw,21,3,0.7170333333333334,0.19636083333333323,1.1656124999999997,0.998,1,False,0.05127000000000001,20260828,1000
diaz_colunga,diaz_colunga_od600,raw,22,3,0.8841666666666665,0.33499916666666685,1.3685016666666665,0.998,1,False,0.05127000000000001,20260828,1000
diaz_colunga,diaz_colunga_od600,raw,23,4,-0.7291333333333332,-1.3778308333333333,0.008607499999999728,0.973,0,False,0.05127000000000001,20260828,1000
diaz_colunga,diaz_colunga_od600,raw,24,2,-0.5752333333333333,-0.9661300000000002,-0.1938000000000002,1.0,-1,False,0.05127000000000001,20260828,1000
diaz_colunga,diaz_colunga_od600,raw,25,3,0.5823666666666667,0.1155341666666668,1.0639666666666667,0.99,1,False,0.05127000000000001,20260828,1000
diaz_colunga,diaz_colunga_od600,raw,26,3,0.7213666666666665,0.2519325,1.2120008333333332,1.0,1,False,0.05127000000000001,20260828,1000
diaz_colunga,diaz_colunga_od600,raw,27,4,-0.8162999999999999,-1.5247383333333338,-0.18839500000000017,0.996,-1,False,0.05127000000000001,20260828,1000
diaz_colunga,diaz_colunga_od600,raw,28,3,0.42299999999999993,-0.1915075000000001,0.9890983333333334,0.922,0,False,0.05127000000000001,20260828,1000
diaz_colunga,diaz_colunga_od600,raw,29,4,-0.5178666666666666,-1.1862141666666663,0.17072249999999953,0.913,0,False,0.05127000000000001,20260828,1000
diaz_colunga,diaz_colunga_od600,raw,30,4,-0.638633333333333,-1.3487049999999998,0.08069750000000016,0.959,0,False,0.05127000000000001,20260828,1000
diaz_colunga,diaz_colunga_od600,raw,31,5,0.6395999999999996,-0.28798333333333337,1.5599175,0.904,0,False,0.05127000000000001,20260828,1000
diaz_colunga,diaz_colunga_od600,raw,32,1,0.8967333333333333,0.6401,1.1897,1.0,1,False,0.05127000000000001,20260828,1000
diaz_colunga,diaz_colunga_od600,raw,33,2,-0.9584333333333334,-1.2766733333333333,-0.6765000000000001,1.0,-1,False,0.05127000000000001,20260828,1000
diaz_colunga,diaz_colunga_od600,raw,34,2,-0.9840333333333332,-1.3456816666666667,-0.6288591666666667,1.0,-1,False,0.05127000000000001,20260828,1000
diaz_colunga,diaz_colunga_od600,raw,35,3,0.9328333333333333,0.4199691666666669,1.4269400000000003,1.0,1,False,0.05127000000000001,20260828,1000
diaz_colunga,diaz_colunga_od600,raw,36,2,-0.7092999999999999,-1.2092333333333332,-0.15144250000000004,0.993,-1,False,0.05127000000000001,20260828,1000
diaz_colunga,diaz_colunga_od600,raw,37,3,0.7113333333333335,0.09284916666666643,1.260229166666667,0.991,1,False,0.05127000000000001,20260828,1000
diaz_colunga,diaz_colunga_od600,raw,38,3,0.7937666666666664,0.08599249999999979,1.4744658333333331,0.979,1,False,0.05127000000000001,20260828,1000
diaz_colunga,diaz_colunga_od600,raw,39,4,-0.6281333333333333,-1.390730000000001,0.2344449999999995,0.922,0,False,0.05127000000000001,20260828,1000
diaz_colunga,diaz_colunga_od600,raw,40,2,-0.5764333333333332,-0.9841458333333333,-0.1544716666666668,0.998,-1,False,0.05127000000000001,20260828,1000
diaz_colunga,diaz_colunga_od600,raw,41,3,0.5759333333333333,0.09744249999999949,1.042224166666667,0.993,1,False,0.05127000000000001,20260828,1000
diaz_colunga,diaz_colunga_od600,raw,42,3,0.5813333333333333,-0.0005191666666666084,1.1831274999999999,0.974,0,False,0.05127000000000001,20260828,1000
diaz_colunga,diaz_colunga_od600,raw,43,4,-0.5364,-1.279941666666667,0.21689999999999973,0.91,0,False,0.05127000000000001,20260828,1000
diaz_colunga,diaz_colunga_od600,raw,44,3,0.2474666666666665,-0.5004058333333333,0.87787,0.755,0,False,0.05127000000000001,20260828,1000
diaz_colunga,diaz_colunga_od600,raw,45,4,-0.35139999999999993,-1.0669625000000007,0.43289416666666714,0.812,0,False,0.05127000000000001,20260828,1000
diaz_colunga,diaz_colunga_od600,raw,46,4,-0.333533333333333,-1.2628291666666667,0.6193416666666662,0.764,0,False,0.05127000000000001,20260828,1000
diaz_colunga,diaz_colunga_od600,raw,47,5,0.25383333333333336,-0.8566633333333333,1.3006474999999993,0.69,0,False,0.05127000000000001,20260828,1000
diaz_colunga,diaz_colunga_od600,raw,48,2,-1.0594333333333332,-1.4390333333333332,-0.6574966666666666,1.0,-1,False,0.05127000000000001,20260828,1000
diaz_colunga,diaz_colunga_od600,raw,49,3,1.0289000000000001,0.43329916666666635,1.5968016666666667,0.998,1,False,0.05127000000000001,20260828,1000
diaz_colunga,diaz_colunga_od600,raw,50,3,1.034533333333333,0.5175616666666666,1.5654799999999995,0.999,1,False,0.05127000000000001,20260828,1000
diaz_colunga,diaz_colunga_od600,raw,51,4,-0.9611333333333336,-1.7262608333333331,-0.19320333333333273,0.993,-1,False,0.05127000000000001,20260828,1000
diaz_colunga,diaz_colunga_od600,raw,52,3,0.6228333333333335,-0.05929666666666659,1.2253625000000001,0.965,0,False,0.05127000000000001,20260828,1000
diaz_colunga,diaz_colunga_od600,raw,53,4,-0.6482000000000004,-1.4051516666666664,0.18084333333333305,0.944,0,False,0.05127000000000001,20260828,1000
diaz_colunga,diaz_colunga_od600,raw,54,4,-0.7775333333333332,-1.5440891666666672,0.05618750000000019,0.966,0,False,0.05127000000000001,20260828,1000
diaz_colunga,diaz_colunga_od600,raw,55,5,0.6886333333333339,-0.3445016666666666,1.7008199999999998,0.891,0,False,0.05127000000000001,20260828,1000
diaz_colunga,diaz_colunga_od600,raw,56,3,0.6742333333333331,0.10862333333333325,1.2055241666666667,0.99,1,False,0.05127000000000001,20260828,1000
diaz_colunga,diaz_colunga_od600,raw,57,4,-0.6924666666666667,-1.4791266666666663,0.1254208333333333,0.952,0,False,0.05127000000000001,20260828,1000
diaz_colunga,diaz_colunga_od600,raw,58,4,-0.740733333333333,-1.4459491666666668,0.041885833333333664,0.964,0,False,0.05127000000000001,20260828,1000
diaz_colunga,diaz_colunga_od600,raw,59,5,0.7966333333333334,-0.26890750000000035,1.9318275000000005,0.925,0,False,0.05127000000000001,20260828,1000
diaz_colunga,diaz_colunga_od600,raw,60,4,-0.23053333333333315,-1.0398100000000001,0.6382316666666666,0.708,0,False,0.05127000000000001,20260828,1000
diaz_colunga,diaz_colunga_od600,raw,61,5,0.45876666666666666,-0.6480525,1.506994166666667,0.805,0,False,0.05127000000000001,20260828,1000
diaz_colunga,diaz_colunga_od600,raw,62,5,0.3664999999999994,-0.7691008333333336,1.4206999999999994,0.743,0,False,0.05127000000000001,20260828,1000
diaz_colunga,diaz_colunga_od600,raw,63,6,-0.48816666666666675,-1.989658333333333,0.9608425000000002,0.763,0,False,0.05127000000000001,20260828,1000
diaz_colunga,diaz_colunga_od600,raw,64,1,0.4770999999999999,0.263,0.6113666666666666,1.0,1,False,0.05127000000000001,20260828,1000
diaz_colunga,diaz_colunga_od600,raw,65,2,-0.5327666666666664,-0.7318333333333331,-0.30999999999999983,1.0,-1,False,0.05127000000000001,20260828,1000
diaz_colunga,diaz_colunga_od600,raw,66,2,-0.4572999999999999,-0.8058033333333331,-0.08350000000000013,0.99,-1,False,0.05127000000000001,20260828,1000
diaz_colunga,diaz_colunga_od600,raw,67,3,0.2577666666666664,-0.22197249999999988,0.7007441666666662,0.87,0,False,0.05127000000000001,20260828,1000
diaz_colunga,diaz_colunga_od600,raw,68,2,-0.42080000000000006,-0.8357333333333336,0.05133333333333334,0.958,0,False,0.05127000000000001,20260828,1000
diaz_colunga,diaz_colunga_od600,raw,69,3,0.3853333333333333,-0.12199583333333343,0.8343349999999996,0.938,0,False,0.05127000000000001,20260828,1000
diaz_colunga,diaz_colunga_od600,raw,70,3,0.5115333333333334,-0.18328666666666668,1.1374033333333333,0.939,0,False,0.05127000000000001,20260828,1000
diaz_colunga,diaz_colunga_od600,raw,71,4,-0.3151333333333335,-1.0267000000000006,0.4286574999999997,0.791,0,False,0.05127000000000001,20260828,1000
diaz_colunga,diaz_colunga_od600,raw,72,2,-0.4257666666666666,-0.8348983333333333,-0.02141250000000002,0.984,-1,False,0.05127000000000001,20260828,1000
diaz_colunga,diaz_colunga_od600,raw,73,3,0.45619999999999994,0.03576499999999962,0.8831649999999999,0.984,1,False,0.05127000000000001,20260828,1000
diaz_colunga,diaz_colunga_od600,raw,74,3,0.42423333333333335,-0.1740166666666667,0.9662674999999997,0.92,0,False,0.05127000000000001,20260828,1000
diaz_colunga,diaz_colunga_od600,raw,75,4,-0.24616666666666664,-0.9334649999999998,0.45833749999999995,0.751,0,False,0.05127000000000001,20260828,1000
diaz_colunga,diaz_colunga_od600,raw,76,3,0.33586666666666665,-0.32959916666666667,0.9025225000000001,0.84,0,False,0.05127000000000001,20260828,1000
diaz_colunga,diaz_colunga_od600,raw,77,4,-0.35430000000000017,-0.9454666666666665,0.33869833333333316,0.845,0,False,0.05127000000000001,20260828,1000
diaz_colunga,diaz_colunga_od600,raw,78,4,-0.5048,-1.2903249999999997,0.3723866666666661,0.874,0,False,0.05127000000000001,20260828,1000
diaz_colunga,diaz_colunga_od600,raw,79,5,0.32803333333333373,-0.736751666666667,1.292898333333333,0.727,0,False,0.05127000000000001,20260828,1000
diaz_colunga,diaz_colunga_od600,raw,80,2,-0.40246666666666653,-0.7432208333333333,-0.013266666666666538,0.982,-1,False,0.05127000000000001,20260828,1000
diaz_colunga,diaz_colunga_od600,raw,81,3,0.5428666666666664,0.05088416666666726,1.007465833333333,0.986,1,False,0.05127000000000001,20260828,1000
diaz_colunga,diaz_colunga_od600,raw,82,3,0.46009999999999973,-0.03283333333333305,0.9703900000000001,0.968,0,False,0.05127000000000001,20260828,1000
diaz_colunga,diaz_colunga_od600,raw,83,4,-0.4467333333333331,-1.092803333333333,0.20781833333333313,0.908,0,False,0.05127000000000001,20260828,1000
diaz_colunga,diaz_colunga_od600,raw,84,3,0.13716666666666655,-0.4515816666666666,0.7092024999999997,0.663,0,False,0.05127000000000001,20260828,1000
diaz_colunga,diaz_colunga_od600,raw,85,4,-0.0903999999999997,-0.7824291666666664,0.6259575000000003,0.583,0,False,0.05127000000000001,20260828,1000
diaz_colunga,diaz_colunga_od600,raw,86,4,-0.28619999999999945,-1.0110299999999994,0.490109166666667,0.75,0,False,0.05127000000000001,20260828,1000
diaz_colunga,diaz_colunga_od600,raw,87,5,-0.02806666666666713,-0.9981099999999997,0.920079166666666,0.557,0,False,0.05127000000000001,20260828,1000
diaz_colunga,diaz_colunga_od600,raw,88,3,0.17559999999999965,-0.4716799999999998,0.8009025000000003,0.712,0,False,0.05127000000000001,20260828,1000
diaz_colunga,diaz_colunga_od600,raw,89,4,-0.3841333333333331,-1.083629166666667,0.3270250000000004,0.856,0,False,0.05127000000000001,20260828,1000
diaz_colunga,diaz_colunga_od600,raw,90,4,-0.1476999999999994,-0.8849924999999998,0.5977183333333334,0.647,0,False,0.05127000000000001,20260828,1000
diaz_colunga,diaz_colunga_od600,raw,91,5,0.31063333333333276,-0.5967874999999997,1.2964691666666666,0.726,0,False,0.05127000000000001,20260828,1000
diaz_colunga,diaz_colunga_od600,raw,92,4,0.22370000000000034,-0.5878000000000001,1.1120066666666661,0.715,0,False,0.05127000000000001,20260828,1000
diaz_colunga,diaz_colunga_od600,raw,93,5,-0.08683333333333343,-1.1375499999999998,0.919913333333332,0.594,0,False,0.05127000000000001,20260828,1000
diaz_colunga,diaz_colunga_od600,raw,94,5,-0.06523333333333425,-1.121340833333333,1.0181650000000002,0.564,0,False,0.05127000000000001,20260828,1000
diaz_colunga,diaz_colunga_od600,raw,95,6,0.09223333333333417,-1.2797541666666679,1.4794258333333323,0.562,0,False,0.05127000000000001,20260828,1000
diaz_colunga,diaz_colunga_od600,raw,96,2,-0.27469999999999994,-0.7662741666666666,0.16589999999999994,0.879,0,False,0.05127000000000001,20260828,1000
diaz_colunga,diaz_colunga_od600,raw,97,3,0.41286666666666627,-0.041080000000000345,0.9235141666666665,0.958,0,False,0.05127000000000001,20260828,1000
diaz_colunga,diaz_colunga_od600,raw,98,3,0.2781999999999999,-0.33322916666666674,0.9131491666666663,0.835,0,False,0.05127000000000001,20260828,1000
diaz_colunga,diaz_colunga_od600,raw,99,4,-0.12583333333333302,-0.9005408333333329,0.6024124999999994,0.641,0,False,0.05127000000000001,20260828,1000
diaz_colunga,diaz_colunga_od600,raw,100,3,0.08706666666666663,-0.6901575000000002,0.8098308333333334,0.602,0,False,0.05127000000000001,20260828,1000
diaz_colunga,diaz_colunga_od600,raw,101,4,-0.07646666666666668,-0.8308475000000002,0.7238691666666666,0.593,0,False,0.05127000000000001,20260828,1000
diaz_colunga,diaz_colunga_od600,raw,102,4,0.03713333333333346,-0.9184758333333328,0.9565891666666659,0.511,0,False,0.05127000000000001,20260828,1000
diaz_colunga,diaz_colunga_od600,raw,103,5,-0.4433999999999997,-1.5408983333333326,0.6191358333333332,0.759,0,False,0.05127000000000001,20260828,1000
diaz_colunga,diaz_colunga_od600,raw,104,3,0.33286666666666653,-0.42693666666666674,1.032710833333333,0.81,0,False,0.05127000000000001,20260828,1000
diaz_colunga,diaz_colunga_od600,raw,105,4,-0.4003666666666662,-1.1544816666666666,0.3911349999999998,0.848,0,False,0.05127000000000001,20260828,1000
diaz_colunga,diaz_colunga_od600,raw,106,4,-0.33543333333333325,-1.3083033333333334,0.6308633333333328,0.752,0,False,0.05127000000000001,20260828,1000
diaz_colunga,diaz_colunga_od600,raw,107,5,0.19763333333333333,-0.9454533333333331,1.2722858333333327,0.634,0,False,0.05127000000000001,20260828,1000
diaz_colunga,diaz_colunga_od600,raw,108,4,0.15583333333333338,-0.8224950000000002,1.2285383333333324,0.61,0,False,0.05127000000000001,20260828,1000
diaz_colunga,diaz_colunga_od600,raw,109,5,-0.09843333333333326,-1.3131224999999995,0.9194941666666667,0.565,0,False,0.05127000000000001,20260828,1000
diaz_colunga,diaz_colunga_od600,raw,110,5,-0.20726666666666682,-1.5036308333333337,1.074130833333333,0.605,0,False,0.05127000000000001,20260828,1000
diaz_colunga,diaz_colunga_od600,raw,111,6,0.5397333333333327,-0.9880474999999993,2.075324166666665,0.733,0,False,0.05127000000000001,20260828,1000
diaz_colunga,diaz_colunga_od600,raw,112,3,0.2545999999999997,-0.35765583333333345,0.8955675,0.777,0,False,0.05127000000000001,20260828,1000
diaz_colunga,diaz_colunga_od600,raw,113,4,-0.5421999999999996,-1.3421633333333332,0.26976999999999984,0.914,0,False,0.05127000000000001,20260828,1000
diaz_colunga,diaz_colunga_od600,raw,114,4,-0.3600666666666662,-1.1973008333333333,0.3996166666666662,0.818,0,False,0.05127000000000001,20260828,1000
diaz_colunga,diaz_colunga_od600,raw,115,5,0.43823333333333314,-0.550094999999999,1.4892066666666657,0.807,0,False,0.05127000000000001,20260828,1000
diaz_colunga,diaz_colunga_od600,raw,116,4,0.1962666666666666,-0.7160875000000002,1.1236491666666661,0.662,0,False,0.05127000000000001,20260828,1000
diaz_colunga,diaz_colunga_od600,raw,117,5,-0.10233333333333294,-1.1610983333333331,0.9543941666666667,0.568,0,False,0.05127000000000001,20260828,1000
diaz_colunga,diaz_colunga_od600,raw,118,5,-0.2264333333333336,-1.3684891666666663,0.9429391666666673,0.643,0,False,0.05127000000000001,20260828,1000
diaz_colunga,diaz_colunga_od600,raw,119,6,0.5386999999999995,-0.9205658333333335,1.907433333333334,0.761,0,False,0.05127000000000001,20260828,1000
diaz_colunga,diaz_colunga_od600,raw,120,4,-0.35309999999999964,-1.2763291666666665,0.6358974999999999,0.765,0,False,0.05127000000000001,20260828,1000
diaz_colunga,diaz_colunga_od600,raw,121,5,0.5808666666666663,-0.43780416666666727,1.673809166666667,0.844,0,False,0.05127000000000001,20260828,1000
diaz_colunga,diaz_colunga_od600,raw,122,5,0.25469999999999926,-0.9716350000000004,1.383394999999999,0.693,0,False,0.05127000000000001,20260828,1000
diaz_colunga,diaz_colunga_od600,raw,123,6,-0.3716333333333328,-1.8895941666666658,1.0273433333333333,0.699,0,False,0.05127000000000001,20260828,1000
diaz_colunga,diaz_colunga_od600,raw,124,5,-0.49600000000000055,-1.8217466666666666,0.6618366666666653,0.783,0,False,0.05127000000000001,20260828,1000
diaz_colunga,diaz_colunga_od600,raw,125,6,0.3110666666666667,-1.1921183333333336,1.7834358333333344,0.682,0,False,0.05127000000000001,20260828,1000
diaz_colunga,diaz_colunga_od600,raw,126,6,0.6901000000000014,-0.9643258333333334,2.3643616666666665,0.806,0,False,0.05127000000000001,20260828,1000
diaz_colunga,diaz_colunga_od600,raw,127,7,-0.7390000000000002,-2.744532499999999,1.242316666666664,0.763,0,False,0.05127000000000001,20260828,1000
diaz_colunga,diaz_colunga_od600,raw,128,1,0.3349,0.1569,0.4923,1.0,1,False,0.05127000000000001,20260828,1000
diaz_colunga,diaz_colunga_od600,raw,129,2,-0.4257333333333333,-0.6059791666666667,-0.23725333333333326,1.0,-1,False,0.05127000000000001,20260828,1000
diaz_colunga,diaz_colunga_od600,raw,130,2,-0.28389999999999993,-0.6341666666666668,0.04780166666666684,0.949,0,False,0.05127000000000001,20260828,1000
diaz_colunga,diaz_colunga_od600,raw,131,3,0.24956666666666638,-0.22473499999999969,0.7563516666666663,0.826,0,False,0.05127000000000001,20260828,1000
diaz_colunga,diaz_colunga_od600,raw,132,2,-0.23099999999999998,-0.6555466666666667,0.21022999999999972,0.838,0,False,0.05127000000000001,20260828,1000
diaz_colunga,diaz_colunga_od600,raw,133,3,0.28823333333333323,-0.23421666666666685,0.7413000000000003,0.867,0,False,0.05127000000000001,20260828,1000
diaz_colunga,diaz_colunga_od600,raw,134,3,0.4480666666666665,-0.14373916666666703,1.0097999999999998,0.924,0,False,0.05127000000000001,20260828,1000
diaz_colunga,diaz_colunga_od600,raw,135,4,-0.35493333333333277,-1.0890916666666668,0.4226949999999995,0.804,0,False,0.05127000000000001,20260828,1000
diaz_colunga,diaz_colunga_od600,raw,136,2,-0.37349999999999994,-0.7526,-0.026708333333333407,0.984,-1,False,0.05127000000000001,20260828,1000
diaz_colunga,diaz_colunga_od600,raw,137,3,0.35899999999999976,-0.015226666666666765,0.7483875,0.971,0,False,0.05127000000000001,20260828,1000
diaz_colunga,diaz_colunga_od600,raw,138,3,0.4477333333333332,-0.15191083333333347,1.0263649999999997,0.929,0,False,0.05127000000000001,20260828,1000
diaz_colunga,diaz_colunga_od600,raw,139,4,-0.32619999999999927,-1.0995491666666668,0.4263524999999999,0.794,0,False,0.05127000000000001,20260828,1000
diaz_colunga,diaz_colunga_od600,raw,140,3,0.2913,-0.3478624999999999,0.8609266666666662,0.833,0,False,0.05127000000000001,20260828,1000
diaz_colunga,diaz_colunga_od600,raw,141,4,-0.3551333333333332,-1.0017399999999999,0.3361383333333334,0.836,0,False,0.05127000000000001,20260828,1000
diaz_colunga,diaz_colunga_od600,raw,142,4,-0.7089333333333332,-1.5721716666666672,0.14980916666666624,0.947,0,False,0.05127000000000001,20260828,1000
diaz_colunga,diaz_colunga_od600,raw,143,5,0.5789333333333326,-0.5352916666666668,1.666046666666667,0.845,0,False,0.05127000000000001,20260828,1000
diaz_colunga,diaz_colunga_od600,raw,144,2,-0.6417666666666667,-0.9834350000000001,-0.2955000000000001,1.0,-1,False,0.05127000000000001,20260828,1000
diaz_colunga,diaz_colunga_od600,raw,145,3,0.7162000000000001,0.2966141666666664,1.1179383333333333,0.999,1,False,0.05127000000000001,20260828,1000
diaz_colunga,diaz_colunga_od600,raw,146,3,0.5185666666666665,0.03249499999999987,1.0212725,0.986,1,False,0.05127000000000001,20260828,1000
diaz_colunga,diaz_colunga_od600,raw,147,4,-0.5463999999999999,-1.2767283333333328,0.16820833333333354,0.935,0,False,0.05127000000000001,20260828,1000
diaz_colunga,diaz_colunga_od600,raw,148,3,0.49829999999999997,-0.09544583333333327,1.026585833333333,0.959,0,False,0.05127000000000001,20260828,1000
diaz_colunga,diaz_colunga_od600,raw,149,4,-0.5480999999999998,-1.1869075,0.1331291666666665,0.929,0,False,0.05127000000000001,20260828,1000
diaz_colunga,diaz_colunga_od600,raw,150,4,-0.6043666666666663,-1.3315533333333331,0.15711500000000037,0.94,0,False,0.05127000000000001,20260828,1000
diaz_colunga,diaz_colunga_od600,raw,151,5,0.402266666666666,-0.654786666666666,1.3662158333333327,0.772,0,False,0.05127000000000001,20260828,1000
diaz_colunga,diaz_colunga_od600,raw,152,3,0.5950999999999999,-0.03485083333333306,1.2359566666666668,0.963,0,False,0.05127000000000001,20260828,1000
diaz_colunga,diaz_colunga_od600,raw,153,4,-0.7530999999999998,-1.4883733333333335,-0.0016799999999999103,0.975,-1,False,0.05127000000000001,20260828,1000
diaz_colunga,diaz_colunga_od600,raw,154,4,-0.772533333333333,-1.6331083333333332,0.038059166666666776,0.968,0,False,0.05127000000000001,20260828,1000
diaz_colunga,diaz_colunga_od600,raw,155,5,1.0766333333333327,0.010993333333333338,2.192448333333333,0.976,1,False,0.05127000000000001,20260828,1000
diaz_colunga,diaz_colunga_od600,raw,156,4,-0.4054333333333331,-1.2182425000000006,0.44851833333333296,0.816,0,False,0.05127000000000001,20260828,1000
diaz_colunga,diaz_colunga_od600,raw,157,5,0.5450999999999996,-0.5013883333333335,1.4712249999999998,0.837,0,False,0.05127000000000001,20260828,1000
diaz_colunga,diaz_colunga_od600,raw,158,5,0.7983333333333327,-0.41455499999999995,1.976190833333332,0.915,0,False,0.05127000000000001,20260828,1000
diaz_colunga,diaz_colunga_od600,raw,159,6,-0.8381666666666655,-2.333259166666666,0.6831074999999995,0.869,0,False,0.05127000000000001,20260828,1000
diaz_colunga,diaz_colunga_od600,raw,160,2,-0.33199999999999996,-0.7599733333333332,0.08553333333333324,0.941,0,False,0.05127000000000001,20260828,1000
diaz_colunga,diaz_colunga_od600,raw,161,3,0.3090666666666667,-0.19116583333333317,0.8163041666666664,0.893,0,False,0.05127000000000001,20260828,1000
diaz_colunga,diaz_colunga_od600,raw,162,3,0.3831333333333332,-0.1841058333333336,0.9458099999999996,0.911,0,False,0.05127000000000001,20260828,1000
diaz_colunga,diaz_colunga_od600,raw,163,4,-0.4155333333333332,-1.17624,0.38520666666666703,0.849,0,False,0.05127000000000001,20260828,1000
diaz_colunga,diaz_colunga_od600,raw,164,3,-0.1516333333333334,-0.8564516666666663,0.5266616666666668,0.65,0,False,0.05127000000000001,20260828,1000
diaz_colunga,diaz_colunga_od600,raw,165,4,0.20529999999999993,-0.5688316666666673,1.015736666666667,0.692,0,False,0.05127000000000001,20260828,1000
diaz_colunga,diaz_colunga_od600,raw,166,4,-0.09063333333333301,-0.9484124999999998,0.8290849999999998,0.596,0,False,0.05127000000000001,20260828,1000
diaz_colunga,diaz_colunga_od600,raw,167,5,-0.029333333333333766,-1.152418333333333,1.0143883333333328,0.532,0,False,0.05127000000000001,20260828,1000
diaz_colunga,diaz_colunga_od600,raw,168,3,0.41883333333333295,-0.20782083333333343,1.071323333333333,0.904,0,False,0.05127000000000001,20260828,1000
diaz_colunga,diaz_colunga_od600,raw,169,4,-0.3296333333333328,-1.0361466666666663,0.3305875000000005,0.808,0,False,0.05127000000000001,20260828,1000
diaz_colunga,diaz_colunga_od600,raw,170,4,-0.4601999999999994,-1.4345474999999994,0.4445233333333336,0.835,0,False,0.05127000000000001,20260828,1000
diaz_colunga,diaz_colunga_od600,raw,171,5,0.4811333333333322,-0.6740299999999998,1.6429308333333323,0.788,0,False,0.05127000000000001,20260828,1000
diaz_colunga,diaz_colunga_od600,raw,172,4,0.34690000000000054,-0.5567375000000004,1.256365833333333,0.774,0,False,0.05127000000000001,20260828,1000
diaz_colunga,diaz_colunga_od600,raw,173,5,-0.30073333333333385,-1.3097425000000007,0.7215408333333337,0.713,0,False,0.05127000000000001,20260828,1000
diaz_colunga,diaz_colunga_od600,raw,174,5,-0.06316666666666781,-1.2774166666666664,1.1339883333333338,0.544,0,False,0.05127000000000001,20260828,1000
diaz_colunga,diaz_colunga_od600,raw,175,6,0.0732333333333347,-1.5224608333333325,1.6049175000000002,0.541,0,False,0.05127000000000001,20260828,1000
diaz_colunga,diaz_colunga_od600,raw,176,3,0.448433333333333,-0.09046500000000014,0.9757958333333328,0.937,0,False,0.05127000000000001,20260828,1000
diaz_colunga,diaz_colunga_od600,raw,177,4,-0.5512,-1.3396033333333335,0.2531549999999988,0.925,0,False,0.05127000000000001,20260828,1000
diaz_colunga,diaz_colunga_od600,raw,178,4,-0.3825333333333327,-1.113818333333333,0.36946750000000017,0.841,0,False,0.05127000000000001,20260828,1000
diaz_colunga,diaz_colunga_od600,raw,179,5,0.5927999999999999,-0.5613716666666664,1.7219974999999998,0.859,0,False,0.05127000000000001,20260828,1000
diaz_colunga,diaz_colunga_od600,raw,180,4,0.1565000000000003,-0.5615966666666659,0.9883224999999995,0.66,0,False,0.05127000000000001,20260828,1000
diaz_colunga,diaz_colunga_od600,raw,181,5,-0.21186666666666676,-1.308058333333333,0.7422849999999993,0.656,0,False,0.05127000000000001,20260828,1000
diaz_colunga,diaz_colunga_od600,raw,182,5,0.0485999999999992,-1.1162825,0.98654,0.538,0,False,0.05127000000000001,20260828,1000
diaz_colunga,diaz_colunga_od600,raw,183,6,0.07493333333333396,-1.324112499999999,1.532122499999999,0.546,0,False,0.05127000000000001,20260828,1000
diaz_colunga,diaz_colunga_od600,raw,184,4,-0.4291999999999996,-1.2858725000000002,0.481409166666666,0.821,0,False,0.05127000000000001,20260828,1000
diaz_colunga,diaz_colunga_od600,raw,185,5,0.6452666666666663,-0.4242133333333336,1.6916841666666673,0.874,0,False,0.05127000000000001,20260828,1000
diaz_colunga,diaz_colunga_od600,raw,186,5,0.524799999999999,-0.6681458333333335,1.7512724999999987,0.82,0,False,0.05127000000000001,20260828,1000
diaz_colunga,diaz_colunga_od600,raw,187,6,-1.0177333333333323,-2.6431083333333323,0.5695200000000006,0.905,0,False,0.05127000000000001,20260828,1000
diaz_colunga,diaz_colunga_od600,raw,188,5,-0.2383333333333344,-1.4000758333333336,0.8652116666666668,0.646,0,False,0.05127000000000001,20260828,1000
diaz_colunga,diaz_colunga_od600,raw,189,6,0.05890000000000084,-1.2859941666666665,1.493728333333334,0.546,0,False,0.05127000000000001,20260828,1000
diaz_colunga,diaz_colunga_od600,raw,190,6,-0.056433333333331115,-1.6373374999999981,1.6015575000000002,0.518,0,False,0.05127000000000001,20260828,1000
diaz_colunga,diaz_colunga_od600,raw,191,7,0.25269999999999804,-1.835458333333334,2.2308533333333322,0.601,0,False,0.05127000000000001,20260828,1000
diaz_colunga,diaz_colunga_od600,raw,192,2,-0.39886666666666654,-0.6905675,-0.06406666666666674,0.995,-1,False,0.05127000000000001,20260828,1000
diaz_colunga,diaz_colunga_od600,raw,193,3,0.5390999999999997,0.16834999999999967,0.8742433333333334,1.0,1,False,0.05127000000000001,20260828,1000
diaz_colunga,diaz_colunga_od600,raw,194,3,0.31696666666666645,-0.2666666666666665,0.8376166666666665,0.856,0,False,0.05127000000000001,20260828,1000
diaz_colunga,diaz_colunga_od600,raw,195,4,-0.15266666666666623,-0.9041791666666663,0.5714299999999997,0.663,0,False,0.05127000000000001,20260828,1000
diaz_colunga,diaz_colunga_od600,raw,196,3,0.2655333333333335,-0.322565,0.7663624999999994,0.82,0,False,0.05127000000000001,20260828,1000
diaz_colunga,diaz_colunga_od600,raw,197,4,-0.32056666666666656,-0.9215524999999997,0.32140749999999974,0.815,0,False,0.05127000000000001,20260828,1000
diaz_colunga,diaz_colunga_od600,raw,198,4,-0.4056000000000002,-1.1906699999999997,0.46985416666666613,0.816,0,False,0.05127000000000001,20260828,1000
diaz_colunga,diaz_colunga_od600,raw,199,5,0.15246666666666653,-0.9172333333333327,1.1805283333333332,0.591,0,False,0.05127000000000001,20260828,1000
diaz_colunga,diaz_colunga_od600,raw,200,3,0.5439999999999998,0.024861666666666383,1.0696825,0.978,1,False,0.05127000000000001,20260828,1000
diaz_colunga,diaz_colunga_od600,raw,201,4,-0.5937999999999997,-1.1646091666666663,-0.02307416666666637,0.982,-1,False,0.05127000000000001,20260828,1000
diaz_colunga,diaz_colunga_od600,raw,202,4,-0.4438333333333331,-1.3220091666666653,0.4494166666666667,0.846,0,False,0.05127000000000001,20260828,1000
diaz_colunga,diaz_colunga_od600,raw,203,5,0.3050333333333326,-0.7667149999999999,1.3566283333333335,0.72,0,False,0.05127000000000001,20260828,1000
diaz_colunga,diaz_colunga_od600,raw,204,4,-0.48109999999999997,-1.2306158333333332,0.3421333333333326,0.874,0,False,0.05127000000000001,20260828,1000
diaz_colunga,diaz_colunga_od600,raw,205,5,0.5869666666666665,-0.3411700000000004,1.5185166666666663,0.89,0,False,0.05127000000000001,20260828,1000
diaz_colunga,diaz_colunga_od600,raw,206,5,0.9398333333333331,-0.2945933333333333,2.093579999999999,0.936,0,False,0.05127000000000001,20260828,1000
diaz_colunga,diaz_colunga_od600,raw,207,6,-0.7732999999999992,-2.216885833333333,0.6907641666666655,0.84,0,False,0.05127000000000001,20260828,1000
diaz_colunga,diaz_colunga_od600,raw,208,3,0.6131333333333331,-0.03527583333333345,1.2245825,0.967,0,False,0.05127000000000001,20260828,1000
diaz_colunga,diaz_colunga_od600,raw,209,4,-0.883633333333333,-1.604615833333333,-0.15943916666666713,0.991,-1,False,0.05127000000000001,20260828,1000
diaz_colunga,diaz_colunga_od600,raw,210,4,-0.45699999999999963,-1.2786991666666667,0.39809583333333315,0.855,0,False,0.05127000000000001,20260828,1000
diaz_colunga,diaz_colunga_od600,raw,211,5,0.4127666666666664,-0.6156399999999996,1.4726841666666652,0.79,0,False,0.05127000000000001,20260828,1000
diaz_colunga,diaz_colunga_od600,raw,212,4,-0.43606666666666616,-1.2725841666666668,0.5303416666666663,0.823,0,False,0.05127000000000001,20260828,1000
diaz_colunga,diaz_colunga_od600,raw,213,5,0.44863333333333255,-0.6356283333333337,1.4800291666666665,0.782,0,False,0.05127000000000001,20260828,1000
diaz_colunga,diaz_colunga_od600,raw,214,5,0.5046333333333319,-0.7101750000000002,1.6601141666666654,0.772,0,False,0.05127000000000001,20260828,1000
diaz_colunga,diaz_colunga_od600,raw,215,6,0.053700000000001746,-1.425845833333333,1.576701666666667,0.554,0,False,0.05127000000000001,20260828,1000
diaz_colunga,diaz_colunga_od600,raw,216,4,-0.480933333333333,-1.4161741666666667,0.5106874999999993,0.842,0,False,0.05127000000000001,20260828,1000
diaz_colunga,diaz_colunga_od600,raw,217,5,0.8783666666666663,-0.27750333333333277,1.8807508333333336,0.937,0,False,0.05127000000000001,20260828,1000
diaz_colunga,diaz_colunga_od600,raw,218,5,0.3115666666666659,-1.023881666666667,1.5838066666666661,0.681,0,False,0.05127000000000001,20260828,1000
diaz_colunga,diaz_colunga_od600,raw,219,6,-0.6937666666666653,-2.243904166666667,0.7954558333333325,0.823,0,False,0.05127000000000001,20260828,1000
diaz_colunga,diaz_colunga_od600,raw,220,5,0.298166666666666,-1.0215033333333334,1.4379466666666665,0.671,0,False,0.05127000000000001,20260828,1000
diaz_colunga,diaz_colunga_od600,raw,221,6,-0.4727333333333328,-1.882159166666667,1.1208424999999984,0.715,0,False,0.05127000000000001,20260828,1000
diaz_colunga,diaz_colunga_od600,raw,222,6,-0.4515666666666651,-2.0998983333333325,1.2651683333333337,0.684,0,False,0.05127000000000001,20260828,1000
diaz_colunga,diaz_colunga_od600,raw,223,7,0.4526999999999979,-1.7042158333333337,2.476549166666665,0.652,0,False,0.05127000000000001,20260828,1000
diaz_colunga,diaz_colunga_od600,raw,224,3,0.12913333333333332,-0.5041441666666671,0.7857958333333334,0.658,0,False,0.05127000000000001,20260828,1000
diaz_colunga,diaz_colunga_od600,raw,225,4,-0.1798999999999995,-0.8990266666666661,0.5047766666666663,0.704,0,False,0.05127000000000001,20260828,1000
diaz_colunga,diaz_colunga_od600,raw,226,4,-0.07413333333333327,-0.9287224999999999,0.7957816666666664,0.564,0,False,0.05127000000000001,20260828,1000
diaz_colunga,diaz_colunga_od600,raw,227,5,-0.10166666666666702,-1.229396666666667,1.0172316666666656,0.553,0,False,0.05127000000000001,20260828,1000
diaz_colunga,diaz_colunga_od600,raw,228,4,0.46296666666666664,-0.4043574999999997,1.4074041666666666,0.829,0,False,0.05127000000000001,20260828,1000
diaz_colunga,diaz_colunga_od600,raw,229,5,-0.5273666666666669,-1.6733816666666663,0.4815049999999996,0.852,0,False,0.05127000000000001,20260828,1000
diaz_colunga,diaz_colunga_od600,raw,230,5,-0.4885333333333335,-1.7648541666666668,0.7319408333333329,0.764,0,False,0.05127000000000001,20260828,1000
diaz_colunga,diaz_colunga_od600,raw,231,6,1.0669333333333335,-0.5008583333333333,2.5314766666666664,0.9,0,False,0.05127000000000001,20260828,1000
diaz_colunga,diaz_colunga_od600,raw,232,4,-0.28973333333333295,-1.2760599999999998,0.7179933333333333,0.722,0,False,0.05127000000000001,20260828,1000
diaz_colunga,diaz_colunga_od600,raw,233,5,0.14713333333333223,-0.9696141666666678,1.1856108333333328,0.621,0,False,0.05127000000000001,20260828,1000
diaz_colunga,diaz_colunga_od600,raw,234,5,0.12933333333333252,-1.1991624999999995,1.481841666666667,0.555,0,False,0.05127000000000001,20260828,1000
diaz_colunga,diaz_colunga_od600,raw,235,6,-0.041699999999998405,-1.6831749999999992,1.5079125,0.543,0,False,0.05127000000000001,20260828,1000
diaz_colunga,diaz_colunga_od600,raw,236,5,-0.6037666666666666,-1.9606425000000005,0.6149374999999998,0.802,0,False,0.05127000000000001,20260828,1000
diaz_colunga,diaz_colunga_od600,raw,237,6,0.7082000000000002,-0.7166616666666669,2.2031041666666664,0.813,0,False,0.05127000000000001,20260828,1000
diaz_colunga,diaz_colunga_od600,raw,238,6,0.5922666666666674,-1.1834199999999997,2.446377499999999,0.737,0,False,0.05127000000000001,20260828,1000
diaz_colunga,diaz_colunga_od600,raw,239,7,-1.2458666666666673,-3.3716375000000016,0.9172266666666662,0.856,0,False,0.05127000000000001,20260828,1000
diaz_colunga,diaz_colunga_od600,raw,240,4,-0.12433333333333252,-1.0506191666666669,0.8250474999999999,0.606,0,False,0.05127000000000001,20260828,1000
diaz_colunga,diaz_colunga_od600,raw,241,5,0.3228333333333322,-0.7305291666666666,1.4730399999999986,0.713,0,False,0.05127000000000001,20260828,1000
diaz_colunga,diaz_colunga_od600,raw,242,5,0.21176666666666555,-0.9210983333333331,1.42801,0.643,0,False,0.05127000000000001,20260828,1000
diaz_colunga,diaz_colunga_od600,raw,243,6,-0.09139999999999882,-1.6394408333333323,1.3702141666666692,0.563,0,False,0.05127000000000001,20260828,1000
diaz_colunga,diaz_colunga_od600,raw,244,5,-0.5359666666666674,-1.8024550000000001,0.653840833333333,0.806,0,False,0.05127000000000001,20260828,1000
diaz_colunga,diaz_colunga_od600,raw,245,6,0.520733333333334,-0.9302549999999998,2.0220491666666662,0.754,0,False,0.05127000000000001,20260828,1000
diaz_colunga,diaz_colunga_od600,raw,246,6,0.4161333333333347,-1.218169166666666,2.0424924999999994,0.693,0,False,0.05127000000000001,20260828,1000
diaz_colunga,diaz_colunga_od600,raw,247,7,-1.0701333333333347,-3.1502066666666653,1.101953333333333,0.845,0,False,0.05127000000000001,20260828,1000
diaz_colunga,diaz_colunga_od600,raw,248,5,0.13783333333333248,-1.273694166666667,1.4433049999999994,0.582,0,False,0.05127000000000001,20260828,1000
diaz_colunga,diaz_colunga_od600,raw,249,6,-0.3672666666666655,-1.9326424999999996,1.1922066666666666,0.674,0,False,0.05127000000000001,20260828,1000
diaz_colunga,diaz_colunga_od600,raw,250,6,0.04086666666666838,-1.7097300000000002,1.8656733333333335,0.526,0,False,0.05127000000000001,20260828,1000
diaz_colunga,diaz_colunga_od600,raw,251,7,0.24729999999999752,-1.897180833333335,2.556874166666664,0.587,0,False,0.05127000000000001,20260828,1000
diaz_colunga,diaz_colunga_od600,raw,252,6,0.5852000000000016,-1.0235233333333322,2.393296666666666,0.761,0,False,0.05127000000000001,20260828,1000
diaz_colunga,diaz_colunga_od600,raw,253,7,-0.5556333333333348,-2.6963608333333338,1.5133324999999982,0.709,0,False,0.05127000000000001,20260828,1000
diaz_colunga,diaz_colunga_od600,raw,254,7,-0.7946333333333365,-3.129425833333334,1.4333675,0.755,0,False,0.05127000000000001,20260828,1000
diaz_colunga,diaz_colunga_od600,raw,255,8,1.1125000000000034,-1.924418333333333,4.025721666666668,0.764,0,False,0.05127000000000001,20260828,1000
