experiment_type,dataset_id,seed,n,m,tree_topology,branch_probability,noise_setting,p_false_positive,p_false_negative,num_observations,simple_hypergraph,estimator,clean_hamming_error,exact_row_recovery,clean_f1,clean_riv_on_estimated_tree,valid_clean_join_tree,estimated_incidence_riv,tree_edge_disagreement,runtime_seconds,tree_estimation_runtime,downstream_dp_runtime,random_tree_replicate,random_control_role,binary_source,binary_incidence_identical,binary_tree_identical,num_iterations,converged,tree_changed,max_iteration_reached,evaluated_profile_candidates,initial_profile_objective,final_profile_objective,profile_candidates_per_iteration
a0_75_primary,random-seed-00-R1,0,300,16,random,0.4,symmetric_0.20,0.2,0.2,1,True,ProfileLikelihoodTreeSearch,0.19041666666666668,0.10333333333333333,0.5308008213552362,102,False,0,0.5333333333333333,8.238029000000097,8.19105789999594,0.045722499999101274,-1,not_random,not_binary,,,6,True,True,False,168,-1834.9372392852663,-1664.4230328675199,24
a0_75_primary,random-seed-01-R1,1,300,16,random,0.4,symmetric_0.20,0.2,0.2,1,True,ProfileLikelihoodTreeSearch,0.17333333333333334,0.13666666666666666,0.5367483296213809,94,False,0,0.4666666666666667,5.072412299996358,5.019250600002124,0.05203120000078343,-1,not_random,not_binary,,,3,True,True,False,96,-1855.7316547020648,-1787.8032310071899,24
a0_75_primary,random-seed-02-R1,2,300,16,random,0.4,symmetric_0.20,0.2,0.2,1,True,ProfileLikelihoodTreeSearch,0.16666666666666666,0.11666666666666667,0.55995599559956,64,False,0,0.4,7.695958500000415,7.633872999998857,0.06179020000854507,-1,not_random,not_binary,,,5,True,True,False,144,-1804.4387633406286,-1704.6255693399967,24
a0_75_primary,random-seed-03-R1,3,300,16,random,0.4,symmetric_0.20,0.2,0.2,1,True,ProfileLikelihoodTreeSearch,0.20041666666666666,0.07333333333333333,0.5111788617886178,110,False,0,0.6,8.466106499996386,8.408004600001732,0.05727840001054574,-1,not_random,not_binary,,,6,True,True,False,168,-1772.5539930348714,-1696.3078031732775,24
a0_75_primary,random-seed-04-R1,4,300,16,random,0.4,symmetric_0.20,0.2,0.2,1,True,ProfileLikelihoodTreeSearch,0.19770833333333335,0.07,0.5336609336609337,96,False,0,0.4666666666666667,7.36491190000379,7.302377699990757,0.06182909999915864,-1,not_random,not_binary,,,5,True,True,False,144,-1786.4169366460703,-1692.1489200899177,24
a0_75_primary,random-seed-05-R1,5,300,16,random,0.4,symmetric_0.20,0.2,0.2,1,True,ProfileLikelihoodTreeSearch,0.185,0.13333333333333333,0.5261472785485592,73,False,0,0.33333333333333337,5.351585199998226,5.3117027999978745,0.039712400001008064,-1,not_random,not_binary,,,3,True,True,False,96,-1865.435715229904,-1753.1458719791929,24
a0_75_primary,random-seed-06-R1,6,300,16,random,0.4,symmetric_0.20,0.2,0.2,1,True,ProfileLikelihoodTreeSearch,0.17708333333333334,0.11,0.5380434782608695,109,False,0,0.4666666666666667,8.287317100010114,8.235067100002198,0.05202570000255946,-1,not_random,not_binary,,,5,True,True,False,144,-1848.8001828964652,-1751.7595776180729,24
a0_75_primary,random-seed-07-R1,7,300,16,random,0.4,symmetric_0.20,0.2,0.2,1,True,ProfileLikelihoodTreeSearch,0.17583333333333334,0.07,0.5437837837837838,91,False,0,0.4,8.086583600001177,8.035219699988374,0.051162600007955916,-1,not_random,not_binary,,,5,True,True,False,144,-1829.392061840787,-1679.6722708398388,24
a0_75_primary,random-seed-08-R1,8,300,16,random,0.4,symmetric_0.20,0.2,0.2,1,True,ProfileLikelihoodTreeSearch,0.19375,0.08666666666666667,0.5377733598409542,101,False,0,0.6,10.545489399999497,10.471804300002987,0.07324060000246391,-1,not_random,not_binary,,,7,True,True,False,192,-1911.1834291468604,-1742.055517090234,24
a0_75_primary,random-seed-09-R1,9,300,16,random,0.4,symmetric_0.20,0.2,0.2,1,True,ProfileLikelihoodTreeSearch,0.19875,0.08,0.5097636176772866,89,False,0,0.33333333333333337,7.151824900007341,7.1078521000017645,0.043471800003317185,-1,not_random,not_binary,,,5,True,True,False,144,-1893.1616024523018,-1730.9651622012748,24
a0_75_primary,random-seed-10-R1,10,300,16,random,0.4,symmetric_0.20,0.2,0.2,1,True,ProfileLikelihoodTreeSearch,0.20041666666666666,0.09666666666666666,0.5146316851664985,92,False,0,0.4666666666666667,10.18940350000048,10.139046800002689,0.050152899988461286,-1,not_random,not_binary,,,7,True,True,False,192,-1887.6164250078223,-1674.1270933953592,24
a0_75_primary,random-seed-11-R1,11,300,16,random,0.4,symmetric_0.20,0.2,0.2,1,True,ProfileLikelihoodTreeSearch,0.19104166666666667,0.12333333333333334,0.5580722891566265,55,False,0,0.33333333333333337,9.654573100007838,9.608249600001727,0.0461658999993233,-1,not_random,not_binary,,,7,True,True,False,192,-1803.0524689795088,-1631.1519682006424,24
a0_75_primary,random-seed-12-R1,12,300,16,random,0.4,symmetric_0.20,0.2,0.2,1,True,ProfileLikelihoodTreeSearch,0.16458333333333333,0.10666666666666667,0.5308788598574822,81,False,0,0.33333333333333337,9.289666099997703,9.231610100003309,0.05750419999822043,-1,not_random,not_binary,,,5,True,True,False,144,-1825.2331787574271,-1762.849932507032,24
a0_75_primary,random-seed-13-R1,13,300,16,random,0.4,symmetric_0.20,0.2,0.2,1,True,ProfileLikelihoodTreeSearch,0.18666666666666668,0.09,0.5066079295154184,99,False,0,0.5333333333333333,11.987432099995203,11.950589400003082,0.03610459998890292,-1,not_random,not_binary,,,6,True,True,False,168,-1918.11490095246,-1823.8468843963074,24
a0_75_primary,random-seed-14-R1,14,300,16,random,0.4,symmetric_0.20,0.2,0.2,1,True,ProfileLikelihoodTreeSearch,0.19,0.12333333333333334,0.49834983498349833,90,False,0,0.5333333333333333,6.9313466000021435,6.886925999991945,0.04379890000564046,-1,not_random,not_binary,,,6,True,True,False,168,-1790.57581972943,-1676.8996821175988,24
a0_75_primary,random-seed-15-R1,15,300,16,random,0.4,symmetric_0.20,0.2,0.2,1,True,ProfileLikelihoodTreeSearch,0.17104166666666668,0.11333333333333333,0.5003043213633597,86,False,0,0.6,3.7452333999972325,3.708075499991537,0.036702400000649504,-1,not_random,not_binary,,,3,True,True,False,96,-1907.0245460635008,-1836.3235336463863,24
a0_75_primary,random-seed-16-R1,16,300,16,random,0.4,symmetric_0.20,0.2,0.2,1,True,ProfileLikelihoodTreeSearch,0.19020833333333334,0.07,0.5046120455778622,111,False,0,0.4666666666666667,5.543182200010051,5.504117200005567,0.038901899999473244,-1,not_random,not_binary,,,4,True,True,False,120,-1858.5042434243046,-1776.712876118231,24
a0_75_primary,random-seed-17-R1,17,300,16,random,0.4,symmetric_0.20,0.2,0.2,1,True,ProfileLikelihoodTreeSearch,0.18645833333333334,0.07666666666666666,0.4906089926010246,135,False,0,0.6666666666666667,5.055461700001615,5.01495120000618,0.04008629999589175,-1,not_random,not_binary,,,4,True,True,False,120,-1833.5509449241467,-1764.236226868152,24
a0_75_primary,random-seed-18-R1,18,300,16,random,0.4,symmetric_0.20,0.2,0.2,1,True,ProfileLikelihoodTreeSearch,0.184375,0.09333333333333334,0.5042016806722688,91,False,0,0.4,4.639272599990363,4.604347200001939,0.03478220000397414,-1,not_random,not_binary,,,4,True,True,False,120,-1880.684953202223,-1742.0555170902337,24
a0_75_primary,random-seed-19-R1,19,300,16,random,0.4,symmetric_0.20,0.2,0.2,1,True,ProfileLikelihoodTreeSearch,0.17625,0.09666666666666666,0.48974668275030153,102,False,0,0.4666666666666667,4.268843599988031,4.22673890000442,0.04161859999294393,-1,not_random,not_binary,,,3,True,True,False,96,-1926.4326671191793,-1851.5727716187052,24
a0_75_primary,random-seed-20-R1,20,300,16,random,0.4,symmetric_0.20,0.2,0.2,1,True,ProfileLikelihoodTreeSearch,0.16770833333333332,0.13,0.5459672870840384,55,False,0,0.33333333333333337,5.268156899997848,5.228625899995677,0.03877489999285899,-1,not_random,not_binary,,,4,True,True,False,120,-1809.9839407851084,-1678.285976478719,24
a0_75_primary,random-seed-21-R1,21,300,16,random,0.4,symmetric_0.20,0.2,0.2,1,True,ProfileLikelihoodTreeSearch,0.165625,0.12666666666666668,0.5391304347826087,67,False,0,0.33333333333333337,4.732652499995311,4.667815699998755,0.05985260001034476,-1,not_random,not_binary,,,3,True,True,False,96,-1859.8905377854244,-1798.8935858961493,24
a0_75_primary,random-seed-22-R1,22,300,16,random,0.4,symmetric_0.20,0.2,0.2,1,True,ProfileLikelihoodTreeSearch,0.189375,0.11,0.5369332654100867,80,False,0,0.4,9.977273900003638,9.921073899997282,0.05562909999571275,-1,not_random,not_binary,,,6,True,True,False,168,-1791.9621140905497,-1640.8560287284818,24
a0_75_primary,random-seed-23-R1,23,300,16,random,0.4,symmetric_0.20,0.2,0.2,1,True,ProfileLikelihoodTreeSearch,0.18208333333333335,0.09333333333333334,0.5176600441501104,100,False,0,0.4,11.175599600013811,11.090670099991257,0.08413029999064747,-1,not_random,not_binary,,,4,True,True,False,120,-1933.3641389247787,-1823.8468843963074,24
a0_75_primary,random-seed-24-R1,24,300,16,random,0.4,symmetric_0.20,0.2,0.2,1,True,ProfileLikelihoodTreeSearch,0.17125,0.14666666666666667,0.5215366705471479,56,False,0,0.4666666666666667,7.420190799995908,7.3746798999927705,0.045194200007244945,-1,not_random,not_binary,,,3,True,True,False,96,-1787.80323100719,-1699.080391895517,24
a0_75_primary,random-seed-25-R1,25,300,16,random,0.4,symmetric_0.20,0.2,0.2,1,True,ProfileLikelihoodTreeSearch,0.164375,0.10666666666666667,0.5415456130156886,68,False,0,0.2666666666666667,3.869100800002343,3.803425000005518,0.06471520000195596,-1,not_random,not_binary,,,2,True,True,False,72,-1811.3702351462284,-1718.4885129511954,24
a0_75_primary,random-seed-26-R1,26,300,16,random,0.4,symmetric_0.20,0.2,0.2,1,True,ProfileLikelihoodTreeSearch,0.18083333333333335,0.12333333333333334,0.5348338692390139,94,False,0,0.4666666666666667,8.231816500003333,8.157187899996643,0.07406929999706335,-1,not_random,not_binary,,,4,True,True,False,120,-1920.8874896746995,-1815.5291182295878,24
a0_75_primary,random-seed-27-R1,27,300,16,random,0.4,symmetric_0.20,0.2,0.2,1,True,ProfileLikelihoodTreeSearch,0.17479166666666668,0.13,0.5235661555934129,91,False,0,0.4,12.65624850000313,12.56515650000074,0.09075930000108201,-1,not_random,not_binary,,,5,True,True,False,144,-1872.3671870355038,-1790.57581972943,24
a0_75_primary,random-seed-28-R1,28,300,16,random,0.4,symmetric_0.20,0.2,0.2,1,True,ProfileLikelihoodTreeSearch,0.17708333333333334,0.10666666666666667,0.5478723404255319,89,False,0,0.4,5.33654829999432,5.29708400000527,0.038581700006034225,-1,not_random,not_binary,,,3,True,True,False,96,-1850.1864772575852,-1768.3951099515116,24
a0_75_primary,random-seed-29-R1,29,300,16,random,0.4,symmetric_0.20,0.2,0.2,1,True,ProfileLikelihoodTreeSearch,0.17895833333333333,0.12333333333333334,0.5500261917234155,65,False,0,0.33333333333333337,7.677490400004899,7.635565000004135,0.041009999986272305,-1,not_random,not_binary,,,6,True,True,False,168,-1864.0494208687842,-1701.852980617757,24
a0_75_primary,path-seed-00-R1,0,300,16,path,0.4,symmetric_0.20,0.2,0.2,1,True,ProfileLikelihoodTreeSearch,0.16666666666666666,0.16333333333333333,0.54233409610984,67,False,0,0.33333333333333337,4.1943942999932915,4.120964200003073,0.07287160000123549,-1,not_random,not_binary,,,2,True,True,False,72,-1880.684953202223,-1803.0524689795088,24
a0_75_primary,path-seed-01-R1,1,300,16,path,0.4,symmetric_0.20,0.2,0.2,1,True,ProfileLikelihoodTreeSearch,0.16416666666666666,0.11,0.5018963337547409,59,False,0,0.33333333333333337,3.4412379000132205,3.3971755000093253,0.04339980000804644,-1,not_random,not_binary,,,2,True,True,False,72,-1915.3423122302202,-1855.7316547020646,24
a0_75_primary,path-seed-02-R1,2,300,16,path,0.4,symmetric_0.20,0.2,0.2,1,True,ProfileLikelihoodTreeSearch,0.18145833333333333,0.11333333333333333,0.502569960022844,93,False,0,0.5333333333333333,5.458343800011789,5.423227699997369,0.03421359999629203,-1,not_random,not_binary,,,4,True,True,False,120,-1843.2550054519857,-1735.1240452846341,24
a0_75_primary,path-seed-03-R1,3,300,16,path,0.4,symmetric_0.20,0.2,0.2,1,True,ProfileLikelihoodTreeSearch,0.16479166666666667,0.14,0.529446757882213,79,False,0,0.4666666666666667,5.505545599997276,5.468162899996969,0.0361923000018578,-1,not_random,not_binary,,,4,True,True,False,120,-1907.0245460635008,-1812.7565295073482,24
a0_75_primary,path-seed-04-R1,4,300,16,path,0.4,symmetric_0.20,0.2,0.2,1,True,ProfileLikelihoodTreeSearch,0.17166666666666666,0.12,0.48110831234256923,96,False,0,0.4666666666666667,3.5625600999919698,3.532907899993006,0.02947590000985656,-1,not_random,not_binary,,,3,True,True,False,96,-1865.435715229904,-1814.142823868468,24
a0_75_primary,path-seed-05-R1,5,300,16,path,0.4,symmetric_0.20,0.2,0.2,1,True,ProfileLikelihoodTreeSearch,0.168125,0.13333333333333333,0.4869675778766688,88,False,0,0.4,4.065303099996527,4.030311399998027,0.03343749999476131,-1,not_random,not_binary,,,3,True,True,False,96,-1926.4326671191793,-1879.2986588411031,24
a0_75_primary,path-seed-06-R1,6,300,16,path,0.4,symmetric_0.20,0.2,0.2,1,True,ProfileLikelihoodTreeSearch,0.16875,0.08666666666666667,0.4899244332493702,109,False,0,0.4666666666666667,4.6711750000104075,4.637381499996991,0.03035210000234656,-1,not_random,not_binary,,,4,True,True,False,120,-1883.4575419244625,-1832.1646505630265,24
a0_75_primary,path-seed-07-R1,7,300,16,path,0.4,symmetric_0.20,0.2,0.2,1,True,ProfileLikelihoodTreeSearch,0.16916666666666666,0.12,0.5060827250608272,94,False,0,0.6,3.727332900001784,3.682406699997955,0.0440418999933172,-1,not_random,not_binary,,,3,True,True,False,96,-1834.9372392852665,-1771.1676986737516,24
a0_75_primary,path-seed-08-R1,8,300,16,path,0.4,symmetric_0.20,0.2,0.2,1,True,ProfileLikelihoodTreeSearch,0.18041666666666667,0.1,0.46477132262051923,90,False,0,0.4666666666666667,4.8666705999930855,4.8237292999983765,0.04207610001321882,-1,not_random,not_binary,,,4,True,True,False,120,-1944.4544938137378,-1819.6880013129476,24
a0_75_primary,path-seed-09-R1,9,300,16,path,0.4,symmetric_0.20,0.2,0.2,1,True,ProfileLikelihoodTreeSearch,0.185625,0.07666666666666666,0.4364326375711576,127,False,0,0.5333333333333333,4.17046529999061,4.141793899994809,0.0280485000112094,-1,not_random,not_binary,,,4,True,True,False,120,-1844.641299813106,-1778.099170479351,24
a0_75_primary,path-seed-10-R1,10,300,16,path,0.4,symmetric_0.20,0.2,0.2,1,True,ProfileLikelihoodTreeSearch,0.153125,0.14,0.5420560747663551,82,False,0,0.4,3.2370549000042956,3.206889700013562,0.0300788000022294,-1,not_random,not_binary,,,3,True,True,False,96,-1883.4575419244627,-1804.4387633406288,24
a0_75_primary,path-seed-11-R1,11,300,16,path,0.4,symmetric_0.20,0.2,0.2,1,True,ProfileLikelihoodTreeSearch,0.18979166666666666,0.09,0.47249565720903297,122,False,0,0.6,7.9334709999966435,7.900894399994286,0.032371399996918626,-1,not_random,not_binary,,,8,True,True,False,216,-1927.818961480299,-1772.5539930348714,24
a0_75_primary,path-seed-12-R1,12,300,16,path,0.4,symmetric_0.20,0.2,0.2,1,True,ProfileLikelihoodTreeSearch,0.18416666666666667,0.10666666666666667,0.47129186602870815,88,False,0,0.6,8.66532119999465,8.618826700010686,0.04587239999091253,-1,not_random,not_binary,,,6,True,True,False,168,-1843.2550054519857,-1725.419984756795,24
a0_75_primary,path-seed-13-R1,13,300,16,path,0.4,symmetric_0.20,0.2,0.2,1,True,ProfileLikelihoodTreeSearch,0.17479166666666668,0.12333333333333334,0.5002977963073257,106,False,0,0.4666666666666667,5.555366500004311,5.517832300000009,0.03612940000311937,-1,not_random,not_binary,,,4,True,True,False,120,-1937.5230220081382,-1869.5945983132638,24
a0_75_primary,path-seed-14-R1,14,300,16,path,0.4,symmetric_0.20,0.2,0.2,1,True,ProfileLikelihoodTreeSearch,0.17,0.10666666666666667,0.5182998819362457,97,False,0,0.4666666666666667,4.971945599987521,4.936466099999961,0.03531349998957012,-1,not_random,not_binary,,,4,True,True,False,120,-1889.002719368942,-1796.1209971739095,24
a0_75_primary,path-seed-15-R1,15,300,16,path,0.4,symmetric_0.20,0.2,0.2,1,True,ProfileLikelihoodTreeSearch,0.18916666666666668,0.07666666666666666,0.46962616822429903,126,False,0,0.5333333333333333,6.617253199990955,6.586400500003947,0.03031459999328945,-1,not_random,not_binary,,,6,True,True,False,168,-1912.5697235079801,-1786.4169366460703,24
a0_75_primary,path-seed-16-R1,16,300,16,path,0.4,symmetric_0.20,0.2,0.2,1,True,ProfileLikelihoodTreeSearch,0.1625,0.13666666666666666,0.5232273838630808,72,False,0,0.4666666666666667,3.857338499990874,3.826848800003063,0.030326100008096546,-1,not_random,not_binary,,,3,True,True,False,96,-1895.9341911745416,-1828.005767479667,24
a0_75_primary,path-seed-17-R1,17,300,16,path,0.4,symmetric_0.20,0.2,0.2,1,True,ProfileLikelihoodTreeSearch,0.178125,0.11,0.5204711160964666,93,False,0,0.4,2.979208499993547,2.927970600008848,0.05106099999102298,-1,not_random,not_binary,,,2,True,True,False,72,-1818.3017069518278,-1726.806279117915,24
a0_75_primary,path-seed-18-R1,18,300,16,path,0.4,symmetric_0.20,0.2,0.2,1,True,ProfileLikelihoodTreeSearch,0.17791666666666667,0.1,0.47863247863247865,115,False,0,0.6,4.744782399997348,4.704025099999853,0.03998140001203865,-1,not_random,not_binary,,,4,True,True,False,120,-1862.6631265076644,-1791.9621140905497,24
a0_75_primary,path-seed-19-R1,19,300,16,path,0.4,symmetric_0.20,0.2,0.2,1,True,ProfileLikelihoodTreeSearch,0.17,0.10666666666666667,0.4912718204488779,81,False,0,0.4,3.9877916000114055,3.952828800000134,0.03464990000065882,-1,not_random,not_binary,,,3,True,True,False,96,-1893.1616024523018,-1823.8468843963074,24
a0_75_primary,path-seed-20-R1,20,300,16,path,0.4,symmetric_0.20,0.2,0.2,1,True,ProfileLikelihoodTreeSearch,0.18520833333333334,0.07,0.4980237154150197,96,False,0,0.4,5.843483599994215,5.801811799989082,0.04083040000114124,-1,not_random,not_binary,,,5,True,True,False,144,-1821.0742956740676,-1732.3514565623946,24
a0_75_primary,path-seed-21-R1,21,300,16,path,0.4,symmetric_0.20,0.2,0.2,1,True,ProfileLikelihoodTreeSearch,0.155625,0.14,0.5618768328445748,83,False,0,0.4666666666666667,3.695036800010712,3.662596099995426,0.03013739999732934,-1,not_random,not_binary,,,3,True,True,False,96,-1854.3453603409448,-1783.6443479238303,24
a0_75_primary,path-seed-22-R1,22,300,16,path,0.4,symmetric_0.20,0.2,0.2,1,True,ProfileLikelihoodTreeSearch,0.15833333333333333,0.14666666666666667,0.5,76,False,0,0.4,2.037120999986655,1.958260599989444,0.07785629999125376,-1,not_random,not_binary,,,1,True,True,False,48,-1930.5915502025389,-1873.7534813966233,24
a0_75_primary,path-seed-23-R1,23,300,16,path,0.4,symmetric_0.20,0.2,0.2,1,True,ProfileLikelihoodTreeSearch,0.19479166666666667,0.09333333333333334,0.45417396380618796,101,False,0,0.5333333333333333,8.83569589999388,8.804894000000786,0.03024100000038743,-1,not_random,not_binary,,,8,True,True,False,216,-1848.8001828964655,-1703.239274978877,24
a0_75_primary,path-seed-24-R1,24,300,16,path,0.4,symmetric_0.20,0.2,0.2,1,True,ProfileLikelihoodTreeSearch,0.17770833333333333,0.1,0.4961606615475488,88,False,0,0.4666666666666667,6.263465199997881,6.207567500008736,0.05515310000919271,-1,not_random,not_binary,,,6,True,True,False,168,-1854.3453603409448,-1772.5539930348714,24
a0_75_primary,path-seed-25-R1,25,300,16,path,0.4,symmetric_0.20,0.2,0.2,1,True,ProfileLikelihoodTreeSearch,0.175,0.10333333333333333,0.5110593713620489,119,False,0,0.6,6.469748999996227,6.437101199990138,0.03250529999786522,-1,not_random,not_binary,,,6,True,True,False,168,-1890.389013730062,-1800.2798802572693,24
a0_75_primary,path-seed-26-R1,26,300,16,path,0.4,symmetric_0.20,0.2,0.2,1,True,ProfileLikelihoodTreeSearch,0.18166666666666667,0.11666666666666667,0.5079006772009029,71,False,0,0.4,6.6654134999989765,6.635857600005693,0.02939479998894967,-1,not_random,not_binary,,,6,True,True,False,168,-1876.5260701188631,-1742.055517090234,24
a0_75_primary,path-seed-27-R1,27,300,16,path,0.4,symmetric_0.20,0.2,0.2,1,True,ProfileLikelihoodTreeSearch,0.158125,0.17,0.518706404565631,62,False,0,0.4,1.937792199998512,1.9109184000117239,0.026799500003107823,-1,not_random,not_binary,,,1,True,True,False,48,-1834.9372392852665,-1826.6194731185471,24
a0_75_primary,path-seed-28-R1,28,300,16,path,0.4,symmetric_0.20,0.2,0.2,1,True,ProfileLikelihoodTreeSearch,0.16583333333333333,0.13333333333333333,0.4987405541561713,92,False,0,0.4,2.686600000000908,2.6468623999971896,0.03917999999248423,-1,not_random,not_binary,,,2,True,True,False,72,-1844.6412998131057,-1796.1209971739095,24
a0_75_primary,path-seed-29-R1,29,300,16,path,0.4,symmetric_0.20,0.2,0.2,1,True,ProfileLikelihoodTreeSearch,0.170625,0.14333333333333334,0.4819734345351044,77,False,0,0.4,4.449314700003015,4.415863699992769,0.032808600008138455,-1,not_random,not_binary,,,4,True,True,False,120,-1875.1397757577433,-1807.2113520628686,24
a0_75_primary,star-seed-00-R1,0,300,16,star,0.4,symmetric_0.20,0.2,0.2,1,True,ProfileLikelihoodTreeSearch,0.21375,0.06,0.6657980456026059,0,True,0,0.0,3.0403836999903433,3.005803299995023,0.03391399999964051,-1,not_random,not_binary,,,2,True,True,False,72,-1424.5941083937787,-1287.3509666429095,24
a0_75_primary,star-seed-01-R1,1,300,16,star,0.4,symmetric_0.20,0.2,0.2,1,True,ProfileLikelihoodTreeSearch,0.21895833333333334,0.04666666666666667,0.6148772444118725,0,True,0,0.0,1.5946168999944348,1.5660339999885764,0.02792290000070352,-1,not_random,not_binary,,,1,True,True,False,48,-1363.5971565045033,-1301.2139102541087,24
a0_75_primary,star-seed-02-R1,2,300,16,star,0.4,symmetric_0.20,0.2,0.2,1,True,ProfileLikelihoodTreeSearch,0.22291666666666668,0.04,0.638757596218771,0,True,0,0.0,1.7281825999962166,1.69437480000488,0.03365299999131821,-1,not_random,not_binary,,,1,True,True,False,48,-1353.8930959766644,-1291.5098497262693,24
a0_75_primary,star-seed-03-R1,3,300,16,star,0.4,symmetric_0.20,0.2,0.2,1,True,ProfileLikelihoodTreeSearch,0.21145833333333333,0.07333333333333333,0.6373704894605217,0,True,0,0.0,2.902669099988998,2.8689796999969985,0.033458900012192316,-1,not_random,not_binary,,,2,True,True,False,72,-1406.5722816992202,-1287.3509666429095,24
a0_75_primary,star-seed-04-R1,4,300,16,star,0.4,symmetric_0.20,0.2,0.2,1,True,ProfileLikelihoodTreeSearch,0.22291666666666668,0.06,0.6229739252995067,47,False,0,0.1333333333333333,4.459153999996488,4.426436699999613,0.03217569999105763,-1,not_random,not_binary,,,4,True,True,False,120,-1626.9930851172826,-1396.8682211713808,24
a0_75_primary,star-seed-05-R1,5,300,16,star,0.4,symmetric_0.20,0.2,0.2,1,True,ProfileLikelihoodTreeSearch,0.21833333333333332,0.06333333333333334,0.6191860465116279,24,False,0,0.06666666666666665,4.341213399995468,4.299467499993625,0.04155779999564402,-1,not_random,not_binary,,,4,True,True,False,120,-1570.1550163113673,-1363.5971565045036,24
a0_75_primary,star-seed-06-R1,6,300,16,star,0.4,symmetric_0.20,0.2,0.2,1,True,ProfileLikelihoodTreeSearch,0.22020833333333334,0.04666666666666667,0.6279479056670186,0,True,0,0.0,0.9613223000051221,0.9149788000067929,0.04585459998634178,-1,not_random,not_binary,,,0,True,False,False,24,-1287.3509666429095,-1287.3509666429095,24
a0_75_primary,star-seed-07-R1,7,300,16,star,0.4,symmetric_0.20,0.2,0.2,1,True,ProfileLikelihoodTreeSearch,0.2175,0.04666666666666667,0.6453804347826088,0,True,0,0.0,0.9115816999983508,0.8633956999983639,0.048028399993199855,-1,not_random,not_binary,,,0,True,False,False,24,-1274.8743173928306,-1274.8743173928306,24
a0_75_primary,star-seed-08-R1,8,300,16,star,0.4,symmetric_0.20,0.2,0.2,1,True,ProfileLikelihoodTreeSearch,0.215625,0.056666666666666664,0.637478108581436,0,True,0,0.0,1.6274126000062097,1.5969864000071539,0.030268700007582083,-1,not_random,not_binary,,,1,True,True,False,48,-1353.8930959766644,-1273.4880230317108,24
a0_75_primary,star-seed-09-R1,9,300,16,star,0.4,symmetric_0.20,0.2,0.2,1,True,ProfileLikelihoodTreeSearch,0.21208333333333335,0.08,0.6377224199288256,47,False,0,0.1333333333333333,5.850944400008302,5.818805200004135,0.03206480000517331,-1,not_random,not_binary,,,5,True,True,False,144,-1608.9712584227243,-1435.6844632827379,24
a0_75_primary,star-seed-10-R1,10,300,16,star,0.4,symmetric_0.20,0.2,0.2,1,True,ProfileLikelihoodTreeSearch,0.22666666666666666,0.05333333333333334,0.6413974950560316,0,True,0,0.0,2.6750773999956436,2.634061999997357,0.040714499991736375,-1,not_random,not_binary,,,2,True,True,False,72,-1431.525580199378,-1288.7372610040295,24
a0_75_primary,star-seed-11-R1,11,300,16,star,0.4,symmetric_0.20,0.2,0.2,1,True,ProfileLikelihoodTreeSearch,0.214375,0.07333333333333333,0.6496424923391215,0,True,0,0.0,2.557048600006965,2.5290911000047345,0.0277535000059288,-1,not_random,not_binary,,,2,True,True,False,72,-1438.4570520049779,-1294.282438448509,24
a0_75_primary,star-seed-12-R1,12,300,16,star,0.4,symmetric_0.20,0.2,0.2,1,True,ProfileLikelihoodTreeSearch,0.205,0.07,0.6588072122052705,0,True,0,0.0,3.678613600000972,3.6453468999970937,0.03255709999939427,-1,not_random,not_binary,,,3,True,True,False,96,-1477.2732941163347,-1283.19208355955,24
a0_75_primary,star-seed-13-R1,13,300,16,star,0.4,symmetric_0.20,0.2,0.2,1,True,ProfileLikelihoodTreeSearch,0.221875,0.05333333333333334,0.6328852119958636,0,True,0,0.0,2.3620336999883875,2.306522999992012,0.05511750000005122,-1,not_random,not_binary,,,1,True,True,False,48,-1353.8930959766644,-1277.6469061150704,24
a0_75_primary,star-seed-14-R1,14,300,16,star,0.4,symmetric_0.20,0.2,0.2,1,True,ProfileLikelihoodTreeSearch,0.20791666666666667,0.08,0.652990264255911,0,True,0,0.0,0.8348537999991095,0.8049980000068899,0.029725100001087412,-1,not_random,not_binary,,,0,True,False,False,24,-1283.19208355955,-1283.19208355955,24
a0_75_primary,star-seed-15-R1,15,300,16,star,0.4,symmetric_0.20,0.2,0.2,1,True,ProfileLikelihoodTreeSearch,0.22604166666666667,0.06666666666666667,0.633817077286534,0,True,0,0.0,2.8232572999986587,2.786475999993854,0.03662850000546314,-1,not_random,not_binary,,,2,True,True,False,72,-1413.5037535048195,-1276.2606117539503,24
a0_75_primary,star-seed-16-R1,16,300,16,star,0.4,symmetric_0.20,0.2,0.2,1,True,ProfileLikelihoodTreeSearch,0.20729166666666668,0.06,0.6555901696088612,0,True,0,0.0,2.5035742000036407,2.468041500003892,0.03534360000048764,-1,not_random,not_binary,,,2,True,True,False,72,-1419.0489309492991,-1276.2606117539503,24
a0_75_primary,star-seed-17-R1,17,300,16,star,0.4,symmetric_0.20,0.2,0.2,1,True,ProfileLikelihoodTreeSearch,0.21729166666666666,0.06333333333333334,0.6300106420716567,0,True,0,0.0,2.7180521999980556,2.6898015000042506,0.028112300002248958,-1,not_random,not_binary,,,2,True,True,False,72,-1420.4352253104191,-1284.57837792067,24
a0_75_primary,star-seed-18-R1,18,300,16,star,0.4,symmetric_0.20,0.2,0.2,1,True,ProfileLikelihoodTreeSearch,0.21770833333333334,0.04666666666666667,0.6444368832936372,30,False,0,0.06666666666666665,1.6480059000023175,1.6186485000071116,0.029182400001445785,-1,not_random,not_binary,,,1,True,True,False,48,-1413.5037535048195,-1344.189035448825,24
a0_75_primary,star-seed-19-R1,19,300,16,star,0.4,symmetric_0.20,0.2,0.2,1,True,ProfileLikelihoodTreeSearch,0.21125,0.06666666666666667,0.6520247083047357,0,True,0,0.0,2.867253000003984,2.838610199993127,0.02856669999891892,-1,not_random,not_binary,,,2,True,True,False,72,-1412.1174591436998,-1287.3509666429095,24
a0_75_primary,star-seed-20-R1,20,300,16,star,0.4,symmetric_0.20,0.2,0.2,1,True,ProfileLikelihoodTreeSearch,0.21375,0.043333333333333335,0.6566265060240964,0,True,0,0.0,1.6909560000058264,1.6527044999966165,0.03771279999637045,-1,not_random,not_binary,,,1,True,True,False,48,-1337.2575636432257,-1270.7154343094708,24
a0_75_primary,star-seed-21-R1,21,300,16,star,0.4,symmetric_0.20,0.2,0.2,1,True,ProfileLikelihoodTreeSearch,0.20479166666666668,0.05333333333333334,0.6493043168034249,48,False,0,0.1333333333333333,2.600038999997196,2.5694539999967674,0.030010999995283782,-1,not_random,not_binary,,,2,True,True,False,72,-1528.5661854777707,-1388.5504550046614,24
a0_75_primary,star-seed-22-R1,22,300,16,star,0.4,symmetric_0.20,0.2,0.2,1,True,ProfileLikelihoodTreeSearch,0.21416666666666667,0.06333333333333334,0.6593770709078861,0,True,0,0.0,1.7844562000100268,1.752896799996961,0.030966299993451685,-1,not_random,not_binary,,,1,True,True,False,48,-1341.4164467265855,-1284.57837792067,24
a0_75_primary,star-seed-23-R1,23,300,16,star,0.4,symmetric_0.20,0.2,0.2,1,True,ProfileLikelihoodTreeSearch,0.22,0.043333333333333335,0.6602316602316602,0,True,0,0.0,0.8779114999924786,0.8495653999998467,0.028198899992275983,-1,not_random,not_binary,,,0,True,False,False,24,-1277.6469061150704,-1277.6469061150704,24
a0_75_primary,star-seed-24-R1,24,300,16,star,0.4,symmetric_0.20,0.2,0.2,1,True,ProfileLikelihoodTreeSearch,0.205,0.06333333333333334,0.6317365269461078,22,False,0,0.06666666666666665,3.453279299996211,3.4193369999993593,0.0337876999983564,-1,not_random,not_binary,,,3,True,True,False,96,-1462.024056144016,-1346.961624171065,24
a0_75_primary,star-seed-25-R1,25,300,16,star,0.4,symmetric_0.20,0.2,0.2,1,True,ProfileLikelihoodTreeSearch,0.209375,0.07333333333333333,0.6429840142095915,29,False,0,0.06666666666666665,3.4179941000038525,3.37888479999674,0.03871999999682885,-1,not_random,not_binary,,,3,True,True,False,96,-1521.634713672171,-1358.051979060024,24
a0_75_primary,star-seed-26-R1,26,300,16,star,0.4,symmetric_0.20,0.2,0.2,1,True,ProfileLikelihoodTreeSearch,0.20666666666666667,0.043333333333333335,0.6704318936877076,0,True,0,0.0,1.004060599996592,0.9677942999987863,0.03562339999189135,-1,not_random,not_binary,,,0,True,False,False,24,-1273.4880230317108,-1273.4880230317108,24
a0_75_primary,star-seed-27-R1,27,300,16,star,0.4,symmetric_0.20,0.2,0.2,1,True,ProfileLikelihoodTreeSearch,0.22229166666666667,0.06333333333333334,0.618519842688595,0,True,0,0.0,1.7246505000075558,1.6904168000037316,0.033861899995827116,-1,not_random,not_binary,,,1,True,True,False,48,-1345.575329809945,-1277.6469061150704,24
a0_75_primary,star-seed-28-R1,28,300,16,star,0.4,symmetric_0.20,0.2,0.2,1,True,ProfileLikelihoodTreeSearch,0.21354166666666666,0.043333333333333335,0.6563861884009387,0,True,0,0.0,0.8777598000015132,0.8404200000077253,0.03671219998796005,-1,not_random,not_binary,,,0,True,False,False,24,-1259.6250794205116,-1259.6250794205116,24
a0_75_primary,star-seed-29-R1,29,300,16,star,0.4,symmetric_0.20,0.2,0.2,1,True,ProfileLikelihoodTreeSearch,0.21520833333333333,0.07333333333333333,0.6518368722615435,0,True,0,0.0,2.58968650001043,2.5598948999977438,0.029625600000144914,-1,not_random,not_binary,,,2,True,True,False,72,-1395.481926810261,-1272.1017286705908,24
a0_75_primary,balanced-seed-00-R1,0,300,16,balanced,0.4,symmetric_0.20,0.2,0.2,1,True,ProfileLikelihoodTreeSearch,0.19375,0.06666666666666667,0.5259938837920489,73,False,0,0.4666666666666667,4.4630088999983855,4.4329378999973414,0.029862800001865253,-1,not_random,not_binary,,,4,True,True,False,120,-1808.5976464239884,-1694.9215088121575,24
a0_75_primary,balanced-seed-01-R1,1,300,16,balanced,0.4,symmetric_0.20,0.2,0.2,1,True,ProfileLikelihoodTreeSearch,0.16333333333333333,0.12333333333333334,0.5570621468926554,70,False,0,0.4666666666666667,3.5909477999957744,3.5608799000037834,0.029901000001700595,-1,not_random,not_binary,,,3,True,True,False,96,-1836.3235336463863,-1773.9402873959912,24
a0_75_primary,balanced-seed-02-R1,2,300,16,balanced,0.4,symmetric_0.20,0.2,0.2,1,True,ProfileLikelihoodTreeSearch,0.180625,0.10333333333333333,0.5496103896103897,110,False,0,0.5333333333333333,2.053763499992783,2.023291800011066,0.030246400012401864,-1,not_random,not_binary,,,1,True,True,False,48,-1887.6164250078223,-1789.18952536831,24
a0_75_primary,balanced-seed-03-R1,3,300,16,balanced,0.4,symmetric_0.20,0.2,0.2,1,True,ProfileLikelihoodTreeSearch,0.18666666666666668,0.08333333333333333,0.5442522889114955,97,False,0,0.5333333333333333,5.11197459998948,5.082604700000957,0.028874200012069196,-1,not_random,not_binary,,,5,True,True,False,144,-1803.0524689795088,-1669.9682103119994,24
a0_75_primary,balanced-seed-04-R1,4,300,16,balanced,0.4,symmetric_0.20,0.2,0.2,1,True,ProfileLikelihoodTreeSearch,0.18541666666666667,0.09,0.5050055617352613,91,False,0,0.4,3.441242200002307,3.4096314999915194,0.03141219999815803,-1,not_random,not_binary,,,3,True,True,False,96,-1803.0524689795088,-1726.806279117915,24
a0_75_primary,balanced-seed-05-R1,5,300,16,balanced,0.4,symmetric_0.20,0.2,0.2,1,True,ProfileLikelihoodTreeSearch,0.165625,0.10333333333333333,0.5526167698368036,48,False,0,0.33333333333333337,4.690070299999206,4.660720500003663,0.029265599994687364,-1,not_random,not_binary,,,4,True,True,False,120,-1834.9372392852665,-1761.4636381459122,24
a0_75_primary,balanced-seed-06-R1,6,300,16,balanced,0.4,symmetric_0.20,0.2,0.2,1,True,ProfileLikelihoodTreeSearch,0.18833333333333332,0.1,0.548,98,False,0,0.5333333333333333,3.645744099994772,3.6134171999874525,0.032156100001884624,-1,not_random,not_binary,,,3,True,True,False,96,-1773.9402873959914,-1710.1707467844763,24
a0_75_primary,balanced-seed-07-R1,7,300,16,balanced,0.4,symmetric_0.20,0.2,0.2,1,True,ProfileLikelihoodTreeSearch,0.178125,0.12333333333333334,0.5395799676898223,60,False,0,0.4,4.911797799999476,4.878258799988544,0.03334540000651032,-1,not_random,not_binary,,,4,True,True,False,120,-1875.1397757577433,-1785.0306422849503,24
a0_75_primary,balanced-seed-08-R1,8,300,16,balanced,0.4,symmetric_0.20,0.2,0.2,1,True,ProfileLikelihoodTreeSearch,0.181875,0.08666666666666667,0.5237315875613747,89,False,0,0.4666666666666667,4.394541000001482,4.365647500002524,0.028684300006716512,-1,not_random,not_binary,,,4,True,True,False,120,-1822.4605900351874,-1707.3981580622367,24
a0_75_primary,balanced-seed-09-R1,9,300,16,balanced,0.4,symmetric_0.20,0.2,0.2,1,True,ProfileLikelihoodTreeSearch,0.18604166666666666,0.08,0.5206655931293613,84,False,0,0.5333333333333333,3.9875649999885354,3.9610178000002634,0.026397800000268035,-1,not_random,not_binary,,,3,True,True,False,96,-1746.2144001735933,-1664.4230328675199,24
a0_75_primary,balanced-seed-10-R1,10,300,16,balanced,0.4,symmetric_0.20,0.2,0.2,1,True,ProfileLikelihoodTreeSearch,0.18145833333333333,0.09333333333333334,0.5437401781037192,95,False,0,0.5333333333333333,6.5562223000015365,6.521499599999515,0.034064899999066256,-1,not_random,not_binary,,,6,True,True,False,168,-1823.8468843963074,-1733.7377509235143,24
a0_75_primary,balanced-seed-11-R1,11,300,16,balanced,0.4,symmetric_0.20,0.2,0.2,1,True,ProfileLikelihoodTreeSearch,0.19458333333333333,0.11,0.5389930898321816,82,False,0,0.4,5.299363400001312,5.2698844999977155,0.029338299995288253,-1,not_random,not_binary,,,5,True,True,False,144,-1771.1676986737516,-1633.9245569228824,24
a0_75_primary,balanced-seed-12-R1,12,300,16,balanced,0.4,symmetric_0.20,0.2,0.2,1,True,ProfileLikelihoodTreeSearch,0.18520833333333334,0.09333333333333334,0.5228126677402039,81,False,0,0.4666666666666667,3.778569599991897,3.7457146999950055,0.03268479999678675,-1,not_random,not_binary,,,3,True,True,False,96,-1828.005767479667,-1744.8281058124735,24
a0_75_primary,balanced-seed-13-R1,13,300,16,balanced,0.4,symmetric_0.20,0.2,0.2,1,True,ProfileLikelihoodTreeSearch,0.17541666666666667,0.08333333333333333,0.5264341957255343,96,False,0,0.5333333333333333,3.9026467999938177,3.876275500006159,0.02621349999390077,-1,not_random,not_binary,,,3,True,True,False,96,-1905.6382517023808,-1822.4605900351874,24
a0_75_primary,balanced-seed-14-R1,14,300,16,balanced,0.4,symmetric_0.20,0.2,0.2,1,True,ProfileLikelihoodTreeSearch,0.201875,0.043333333333333335,0.4918720503408495,114,False,0,0.6,7.38279390000389,7.354629800000112,0.027999800004181452,-1,not_random,not_binary,,,7,True,True,False,192,-1834.9372392852665,-1663.0367385064,24
a0_75_primary,balanced-seed-15-R1,15,300,16,balanced,0.4,symmetric_0.20,0.2,0.2,1,True,ProfileLikelihoodTreeSearch,0.183125,0.056666666666666664,0.549461814454126,70,False,0,0.4666666666666667,5.031557700000121,4.99921280000126,0.03225160000147298,-1,not_random,not_binary,,,5,True,True,False,144,-1828.0057674796667,-1663.0367385064,24
a0_75_primary,balanced-seed-16-R1,16,300,16,balanced,0.4,symmetric_0.20,0.2,0.2,1,True,ProfileLikelihoodTreeSearch,0.16875,0.13333333333333333,0.5240893066980022,44,False,0,0.2666666666666667,3.4736052000080235,3.4458259000093676,0.027549299993552268,-1,not_random,not_binary,,,3,True,True,False,96,-1876.5260701188631,-1768.3951099515116,24
a0_75_primary,balanced-seed-17-R1,17,300,16,balanced,0.4,symmetric_0.20,0.2,0.2,1,True,ProfileLikelihoodTreeSearch,0.175625,0.12333333333333334,0.5523101433882103,75,False,0,0.4,5.224345299997367,5.184793200009153,0.03884739999193698,-1,not_random,not_binary,,,5,True,True,False,144,-1861.2768321465442,-1717.1022185900756,24
a0_75_primary,balanced-seed-18-R1,18,300,16,balanced,0.4,symmetric_0.20,0.2,0.2,1,True,ProfileLikelihoodTreeSearch,0.17166666666666666,0.12666666666666668,0.5584137191854234,57,False,0,0.33333333333333337,7.46763070000452,7.42941989999963,0.03773110000474844,-1,not_random,not_binary,,,7,True,True,False,192,-1864.0494208687842,-1754.5321663403126,24
a0_75_primary,balanced-seed-19-R1,19,300,16,balanced,0.4,symmetric_0.20,0.2,0.2,1,True,ProfileLikelihoodTreeSearch,0.17458333333333334,0.09666666666666666,0.5759109311740891,66,False,0,0.4666666666666667,6.8656171999900835,6.83903139999893,0.02644640000653453,-1,not_random,not_binary,,,6,True,True,False,168,-1794.7347028127897,-1674.1270933953592,24
a0_75_primary,balanced-seed-20-R1,20,300,16,balanced,0.4,symmetric_0.20,0.2,0.2,1,True,ProfileLikelihoodTreeSearch,0.17958333333333334,0.08333333333333333,0.5472689075630253,85,False,0,0.5333333333333333,8.749259300006088,8.716924899999867,0.03166600000986364,-1,not_random,not_binary,,,8,True,True,False,216,-1843.2550054519859,-1685.2174482843184,24
a0_75_primary,balanced-seed-21-R1,21,300,16,balanced,0.4,symmetric_0.20,0.2,0.2,1,True,ProfileLikelihoodTreeSearch,0.19395833333333334,0.08333333333333333,0.5223191380194971,119,False,0,0.5333333333333333,3.430459900002461,3.399110099999234,0.030642399986390956,-1,not_random,not_binary,,,2,True,True,False,72,-1814.142823868468,-1765.622521229272,24
a0_75_primary,balanced-seed-22-R1,22,300,16,balanced,0.4,symmetric_0.20,0.2,0.2,1,True,ProfileLikelihoodTreeSearch,0.17354166666666668,0.11666666666666667,0.5364496382860323,63,False,0,0.4666666666666667,4.592656399996486,4.555141500008176,0.037377300002845004,-1,not_random,not_binary,,,4,True,True,False,120,-1757.3047550625527,-1661.6504441452803,24
a0_75_primary,balanced-seed-23-R1,23,300,16,balanced,0.4,symmetric_0.20,0.2,0.2,1,True,ProfileLikelihoodTreeSearch,0.17666666666666667,0.1,0.5159817351598174,53,False,0,0.33333333333333337,8.601459799989243,8.562456400002702,0.03892060001089703,-1,not_random,not_binary,,,8,True,True,False,216,-1855.731654702065,-1732.3514565623946,24
a0_75_primary,balanced-seed-24-R1,24,300,16,balanced,0.4,symmetric_0.20,0.2,0.2,1,True,ProfileLikelihoodTreeSearch,0.17041666666666666,0.08666666666666667,0.5435267857142857,92,False,0,0.4666666666666667,4.519874099991284,4.47627939999802,0.042504099998041056,-1,not_random,not_binary,,,4,True,True,False,120,-1805.8250577017488,-1719.8748073123156,24
a0_75_primary,balanced-seed-25-R1,25,300,16,balanced,0.4,symmetric_0.20,0.2,0.2,1,True,ProfileLikelihoodTreeSearch,0.17708333333333334,0.09666666666666666,0.532967032967033,97,False,0,0.4,5.229857400001492,5.201120400000946,0.028545000008307397,-1,not_random,not_binary,,,5,True,True,False,144,-1904.251957341261,-1790.57581972943,24
a0_75_primary,balanced-seed-26-R1,26,300,16,balanced,0.4,symmetric_0.20,0.2,0.2,1,True,ProfileLikelihoodTreeSearch,0.19333333333333333,0.05333333333333334,0.48672566371681414,75,False,0,0.5333333333333333,1.6368117999954848,1.6069874999957392,0.029594599996926263,-1,not_random,not_binary,,,1,True,True,False,48,-1744.8281058124735,-1714.329629867836,24
a0_75_primary,balanced-seed-27-R1,27,300,16,balanced,0.4,symmetric_0.20,0.2,0.2,1,True,ProfileLikelihoodTreeSearch,0.185625,0.08,0.5186385737439222,72,False,0,0.33333333333333337,5.245162500010338,5.210833000004641,0.03380609999294393,-1,not_random,not_binary,,,5,True,True,False,144,-1862.6631265076644,-1779.4854648404707,24
a0_75_primary,balanced-seed-28-R1,28,300,16,balanced,0.4,symmetric_0.20,0.2,0.2,1,True,ProfileLikelihoodTreeSearch,0.19833333333333333,0.05,0.48034934497816595,129,False,0,0.6,4.899420100002317,4.868550500003039,0.03064720000838861,-1,not_random,not_binary,,,5,True,True,False,144,-1833.5509449241465,-1760.0773437847922,24
a0_75_primary,balanced-seed-29-R1,29,300,16,balanced,0.4,symmetric_0.20,0.2,0.2,1,True,ProfileLikelihoodTreeSearch,0.165,0.13666666666666666,0.5614617940199336,54,False,0,0.2666666666666667,3.3775025000068126,3.342068500001915,0.03514740000537131,-1,not_random,not_binary,,,3,True,True,False,96,-1862.6631265076644,-1816.915412590708,24
