n,m,topology,seed,true_q,estimated_q,absolute_error,evaluations,runtime_seconds
100,16,random,0,0.4,0.3451879041040565,0.05481209589594355,28,0.05049670000153128
100,16,random,1,0.4,0.42011307708969226,0.020113077089692233,29,0.04645709999022074
100,16,random,2,0.4,0.3994610539935339,0.0005389460064661455,29,0.049483999988297
100,16,random,3,0.4,0.30797554596940496,0.09202445403059506,30,0.04846150000230409
100,16,random,4,0.4,0.40430766921349276,0.0043076692134927375,29,0.041105800002696924
100,16,random,5,0.4,0.3681002636500621,0.031899736349937924,28,0.04592669999692589
100,16,random,6,0.4,0.4017820761311892,0.001782076131189192,29,0.048249800005578436
100,16,random,7,0.4,0.4365918178015394,0.03659181780153936,29,0.04553969998960383
100,16,random,8,0.4,0.4605453142376116,0.06054531423761156,29,0.041713099999469705
100,16,random,9,0.4,0.32325910535130753,0.07674089464869249,29,0.03995040000882
100,16,path,0,0.4,0.2625320128027222,0.13746798719727782,29,0.04789879999589175
100,16,path,1,0.4,0.4120173266375567,0.012017326637556669,29,0.046801000004052185
100,16,path,2,0.4,0.414000298097702,0.01400029809770198,29,0.04370840000046883
100,16,path,3,0.4,0.43479444333754325,0.034794443337543224,29,0.04566079999494832
100,16,path,4,0.4,0.3579339320044378,0.04206606799556223,29,0.04587370000081137
100,16,path,5,0.4,0.28974050398041323,0.11025949601958679,30,0.0418533999909414
100,16,path,6,0.4,0.2734159491471736,0.12658405085282642,29,0.04275730000517797
100,16,path,7,0.4,0.381374652250434,0.018625347749566035,29,0.04091820000030566
100,16,path,8,0.4,0.42535909317137793,0.02535909317137791,29,0.04108979999728035
100,16,path,9,0.4,0.4958757930946707,0.0958757930946707,29,0.040764799996395595
100,16,balanced,0,0.4,0.36480771736373396,0.03519228263626606,29,0.03531369999109302
100,16,balanced,1,0.4,0.4223314911072525,0.022331491107252466,30,0.03804889999446459
100,16,balanced,2,0.4,0.3640213328929626,0.0359786671070374,29,0.03925190000154544
100,16,balanced,3,0.4,0.3464543235207286,0.05354567647927144,29,0.037389100005384535
100,16,balanced,4,0.4,0.4038984552812448,0.0038984552812447726,30,0.03904060000786558
100,16,balanced,5,0.4,0.3589440255398112,0.04105597446018883,29,0.036489100006292574
100,16,balanced,6,0.4,0.42524782665604716,0.025247826656047134,29,0.03760559999500401
100,16,balanced,7,0.4,0.33616692180003305,0.06383307819996697,29,0.03309500000614207
100,16,balanced,8,0.4,0.3595821189680729,0.040417881031927116,29,0.03996180000831373
100,16,balanced,9,0.4,0.3739058964495979,0.026094103550402148,29,0.03576900000916794
100,16,star,0,0.4,0.387151166416267,0.01284883358373301,28,0.02277309999044519
100,16,star,1,0.4,0.4037278395627609,0.003727839562760904,30,0.023860799992689863
100,16,star,2,0.4,0.3998427002152778,0.00015729978472223127,29,0.02702970000973437
100,16,star,3,0.4,0.4166604374331055,0.01666043743310547,28,0.021860799999558367
100,16,star,4,0.4,0.3753148476252193,0.024685152374780694,27,0.03726560001086909
100,16,star,5,0.4,0.373180849541406,0.02681915045859401,28,0.03928720000840258
100,16,star,6,0.4,0.4020703847384875,0.002070384738487474,29,0.04738499999803025
100,16,star,7,0.4,0.36843115441288676,0.03156884558711326,28,0.045477000006940216
100,16,star,8,0.4,0.3584976689600096,0.0415023310399904,28,0.04131929999857675
100,16,star,9,0.4,0.39087514399569057,0.009124856004309456,28,0.045245100001920946
300,16,random,0,0.4,0.4047393856460016,0.00473938564600157,29,0.08258740000019316
300,16,random,1,0.4,0.38081360775462053,0.01918639224537949,29,0.08435210000607185
300,16,random,2,0.4,0.39018559791311985,0.00981440208688017,29,0.08042030000069644
300,16,random,3,0.4,0.42487884398599757,0.024878843985997545,29,0.08712319999176543
300,16,random,4,0.4,0.4084309607052857,0.00843096070528565,29,0.09372620000794996
300,16,random,5,0.4,0.40438340545239115,0.0043834054523911314,29,0.08916650000901427
300,16,random,6,0.4,0.3937162543974248,0.006283745602575219,29,0.08894339999824297
300,16,random,7,0.4,0.3923839131122256,0.0076160868877744314,28,0.09736699999484699
300,16,random,8,0.4,0.45694111475100335,0.05694111475100333,29,0.08611910000036005
300,16,random,9,0.4,0.3926199748298671,0.00738002517013292,28,0.07248199998866767
300,16,path,0,0.4,0.431150366954807,0.031150366954806996,29,0.08043790000374429
300,16,path,1,0.4,0.3965500448649592,0.0034499551350408164,29,0.08700139999564271
300,16,path,2,0.4,0.4154833749112071,0.015483374911207104,29,0.09553029999369755
300,16,path,3,0.4,0.43938173120778234,0.03938173120778232,29,0.12666979999630712
300,16,path,4,0.4,0.3989834940764388,0.0010165059235612284,29,0.10917229999904521
300,16,path,5,0.4,0.39570445705592083,0.004295542944079189,29,0.1213877000118373
300,16,path,6,0.4,0.39175349055378783,0.008246509446212191,28,0.13618790000327863
300,16,path,7,0.4,0.38474629812107364,0.015253701878926385,28,0.13848540000617504
300,16,path,8,0.4,0.39433108887433815,0.0056689111256618685,29,0.14935669999977108
300,16,path,9,0.4,0.3240292115818979,0.07597078841810212,29,0.13740779999352526
300,16,balanced,0,0.4,0.42512805241933127,0.025128052419331248,29,0.12700510000286158
300,16,balanced,1,0.4,0.39511037224726553,0.004889627752734493,29,0.12782519999018405
300,16,balanced,2,0.4,0.424664540532513,0.02466454053251299,29,0.14188079998712055
300,16,balanced,3,0.4,0.41104724252710934,0.011047242527109313,29,0.12778209999669343
300,16,balanced,4,0.4,0.37875276030656163,0.02124723969343839,29,0.09811679999984335
300,16,balanced,5,0.4,0.40217560786896583,0.002175607868965812,29,0.12441390000458341
300,16,balanced,6,0.4,0.42757857993412896,0.027578579934128933,29,0.100576099997852
300,16,balanced,7,0.4,0.3951334883047171,0.004866511695282905,29,0.12811979999241885
300,16,balanced,8,0.4,0.3840817265880692,0.015918273411930806,29,0.09356530000513885
300,16,balanced,9,0.4,0.39602699831246296,0.003973001687537059,29,0.11126550000335556
300,16,star,0,0.4,0.4231494851105533,0.02314948511055326,27,0.061199100004159845
300,16,star,1,0.4,0.37276208875367045,0.02723791124632957,28,0.05123019999882672
300,16,star,2,0.4,0.4032665921589053,0.0032665921589052904,29,0.04922299999452662
300,16,star,3,0.4,0.4023426847089484,0.0023426847089483838,29,0.04591760000039358
300,16,star,4,0.4,0.39497102252016536,0.005028977479834662,28,0.04068099999858532
300,16,star,5,0.4,0.3763455383661879,0.02365446163381213,28,0.06491300000925548
300,16,star,6,0.4,0.3961403990131218,0.003859600986878209,28,0.04239799999049865
300,16,star,7,0.4,0.392614100877392,0.007385899122608008,28,0.04728289999184199
300,16,star,8,0.4,0.37535782274539,0.024642177254610043,28,0.05275229999097064
300,16,star,9,0.4,0.42719737183760953,0.027197371837609507,28,0.04271499998867512
1000,16,random,0,0.4,0.39447745241662147,0.0055225475833785564,29,0.11321299998962786
1000,16,random,1,0.4,0.40224642017183054,0.002246420171830521,29,0.11888169999292586
1000,16,random,2,0.4,0.39764003309703533,0.002359966902964694,29,0.10994360000768211
1000,16,random,3,0.4,0.39966596996676695,0.0003340300332330681,29,0.09713249999913387
1000,16,random,4,0.4,0.4174319383144133,0.017431938314413253,29,0.06971039999916684
1000,16,random,5,0.4,0.3977834951029594,0.0022165048970406165,29,0.09873230000084732
1000,16,random,6,0.4,0.4141167029750693,0.014116702975069284,29,0.07581149999168701
1000,16,random,7,0.4,0.38613542077064994,0.013864579229350082,29,0.06915720000688452
1000,16,random,8,0.4,0.42621589165858165,0.026215891658581625,29,0.09828910000214819
1000,16,random,9,0.4,0.39958562315881985,0.00041437684118017515,29,0.1145055999950273
1000,16,path,0,0.4,0.3961437746228445,0.00385622537715552,29,0.1253075999993598
1000,16,path,1,0.4,0.39517266445642274,0.0048273355435772825,29,0.11994750000303611
1000,16,path,2,0.4,0.40404067558187534,0.004040675581875319,30,0.11575580001226626
1000,16,path,3,0.4,0.36955867854934243,0.030441321450657588,29,0.09487719999742694
1000,16,path,4,0.4,0.3883611189661374,0.011638881033862625,29,0.09480530000291765
1000,16,path,5,0.4,0.4196079085634178,0.019607908563417764,29,0.10208039999997709
1000,16,path,6,0.4,0.41446204441590606,0.014462044415906039,28,0.08716500000446104
1000,16,path,7,0.4,0.39159403868512,0.008405961314880028,28,0.09055929999158252
1000,16,path,8,0.4,0.4151746194939692,0.0151746194939692,28,0.1150262000010116
1000,16,path,9,0.4,0.39961495422038495,0.0003850457796150675,29,0.0732819999975618
1000,16,balanced,0,0.4,0.41558460545843434,0.01558460545843432,28,0.07946510000328999
1000,16,balanced,1,0.4,0.42394852567753877,0.023948525677538746,29,0.06606129999272525
1000,16,balanced,2,0.4,0.3973585824588095,0.002641417541190516,29,0.08375609999347944
1000,16,balanced,3,0.4,0.3961133544867773,0.0038866455132227085,29,0.07083199999760836
1000,16,balanced,4,0.4,0.41273153857087796,0.012731538570877943,29,0.09474369999952614
1000,16,balanced,5,0.4,0.38066087264880816,0.019339127351191865,29,0.0955936000100337
1000,16,balanced,6,0.4,0.3943762982110098,0.005623701788990243,29,0.07169259998772759
1000,16,balanced,7,0.4,0.3851949666364799,0.014805033363520126,29,0.07296180000412278
1000,16,balanced,8,0.4,0.40773985232712845,0.007739852327128427,29,0.0673635999992257
1000,16,balanced,9,0.4,0.3984005520072191,0.0015994479927809446,29,0.0655028999899514
1000,16,star,0,0.4,0.3816858131635392,0.0183141868364608,28,0.051156000001356006
1000,16,star,1,0.4,0.3951825081918847,0.004817491808115304,28,0.061194200010504574
1000,16,star,2,0.4,0.4093663158635326,0.009366315863532593,29,0.05976219999138266
1000,16,star,3,0.4,0.38647068868977474,0.013529311310225278,28,0.0673257000016747
1000,16,star,4,0.4,0.38972076555848933,0.010279234441510687,28,0.0731954999937443
1000,16,star,5,0.4,0.38862235477549884,0.011377645224501187,28,0.08385520000592805
1000,16,star,6,0.4,0.3936231844700098,0.0063768155299901985,28,0.09748430000036024
1000,16,star,7,0.4,0.4041642269925479,0.00416422699254787,30,0.06553300000086892
1000,16,star,8,0.4,0.38971187607343366,0.010288123926566362,28,0.07036979999975301
1000,16,star,9,0.4,0.4130190553597332,0.01301905535973319,28,0.052825200007646345
