panel,method,adaptive_policy,measurement_budget,primary_f1_mean,primary_f1_std,precision_mean,precision_std,recall_mean,recall_std,average_precision_mean,average_precision_std,empirical_fdr_mean,empirical_fdr_std,pure_hoi_recall_mean,pure_hoi_recall_std,coefficient_rmse_mean,coefficient_rmse_std,response_rmse_mean,response_rmse_std,runtime_mean,runtime_std,seed_stability_mean,seed_stability_std
diaz_colunga,ard_support,d_optimal_rows,64,0.07893667326370328,0.033763754483522423,0.1079831932773109,0.068096422982308,0.08035714285714282,0.0449394906861354,0.14093247598956557,0.02188419145661085,0.892016806722689,0.06809642298230796,,,0.5093408412086725,0.002258882091383682,0.37035760685771096,0.03314143090879434,0.28355927500160755,0.12094366844509213,0.050471327572663,0.0
diaz_colunga,ard_support,d_optimal_rows,96,0.05427810393563815,0.024607530035307204,0.08766321044546847,0.05773040657200286,0.05357142857142855,0.0357142857142857,0.13646932903485254,0.019633428708032002,0.9123367895545315,0.057730406572002936,,,0.5113229371179431,0.006127489754267347,0.3218445095248995,0.019056735172751377,0.26798635000159265,0.1375684546805665,0.07243589743589743,0.0
diaz_colunga,ard_support,d_optimal_rows,128,0.0168067226890756,0.019406731737466373,0.01098901098901095,0.012689016905266455,0.0357142857142857,0.04123930494211611,0.1316689829913233,0.013459074826585721,0.989010989010989,0.012689016905266545,,,0.5111353754046585,0.003859064075204692,0.30940269286653355,0.013554938395429452,1.8416686250020573,0.7492022741142066,0.06758775205377147,0.0
diaz_colunga,ard_support,d_optimal_rows,192,0.025641025641025626,0.05128205128205125,0.04545454545454545,0.0909090909090909,0.01785714285714285,0.0357142857142857,0.20017887505530674,0.023221783294923987,0.9545454545454546,0.09090909090909088,,,0.5171592947294077,0.006870544262163776,0.3435073189840945,0.022557520871747096,1.5461341250047553,0.32664511777129135,0.09027777777777778,0.0
diaz_colunga,ard_support,uniform,64,0.01666666666666665,0.0333333333333333,0.125,0.25,0.008928571428571425,0.01785714285714285,0.1434279191128506,0.017983349872018668,0.625,0.47871355387816905,,,0.5098507123534918,0.0010101557464328999,0.13939753409419098,0.03583025262454816,0.43312304999926704,0.36152157785560307,0.0,0.0
diaz_colunga,ard_support,uniform,96,0.017241379310344824,0.03448275862068964,0.25,0.5,0.008928571428571425,0.01785714285714285,0.15121493803000652,0.0155740378343118,0.75,0.5,,,0.5102163987193173,0.0012293368437390855,0.1152128897435726,0.008913301735972084,0.9916354000015417,0.40965638673832916,0.0,0.0
diaz_colunga,ard_support,uniform,128,0.0565039036654757,0.06558807323050674,0.03216675244467317,0.03733501898667577,0.23214285714285712,0.26963694411681244,0.16338167976819556,0.04118641420844653,0.7178332475553268,0.47953039738159803,,,0.5118734052860038,0.0021115558431931956,0.11755909188126705,0.005907898427005962,1.360040574996674,0.23458477264684233,0.004901960784313725,0.0
diaz_colunga,ard_support,uniform,192,0.22478070175438594,0.0504385964912281,0.77125,0.4575,0.2589285714285714,0.23214285714285715,0.2576688291298229,0.010445290353579434,0.22875,0.4575000000000001,,,0.5035272463377234,0.0008631727797929973,0.09589812449904811,0.004962236087090174,4.068643475002318,1.1855490014622443,0.51,0.0
diaz_colunga,elastic_net,d_optimal_rows,64,0.060960818435901454,0.013751617940455284,0.05205254515599338,0.003906527833619145,0.08035714285714282,0.034193825277012056,0.12754618884909966,0.009455158222126588,0.9479474548440067,0.003906527833619212,,,0.5089566794958055,0.0006122795182360175,0.3527763777976518,0.045095196565664145,0.328823249998095,0.059032265591090205,0.182012432012432,0.0
diaz_colunga,elastic_net,d_optimal_rows,96,0.060399159663865526,0.049985073501634704,0.059083850931677,0.047445702358311075,0.06249999999999997,0.05357142857142855,0.12685565822961797,0.0024944063555173857,0.940916149068323,0.047445702358311075,,,0.508141702109721,0.00048240560901087264,0.26736196847074306,0.029657733690429133,0.5579056249953283,0.1557452943075013,0.30315789473684207,0.0
diaz_colunga,elastic_net,d_optimal_rows,128,0.0487197788298218,0.03990101077332716,0.042643467643467624,0.037590630080274336,0.06249999999999997,0.0449394906861354,0.13952745919266688,0.01579226149549734,0.9573565323565324,0.03759063008027426,,,0.5077021705713026,0.002794703342488092,0.2143153610536148,0.03000196563641719,0.41925377500228933,0.06767646924098422,0.29747474747474745,0.0
diaz_colunga,elastic_net,d_optimal_rows,192,0.01129979570990805,0.013048296662466116,0.008265027322404351,0.009544283319512853,0.01785714285714285,0.020619652471058052,0.14432543054651148,0.008595221534794003,0.9917349726775956,0.009544283319512932,,,0.5080933718662276,0.0024726268447493095,0.1798423440330429,0.012148710854858259,0.6098066249978729,0.09882945592892242,0.34558823529411764,0.0
diaz_colunga,elastic_net,hybrid_d25,64,0.02013888888888889,0.02638888888888889,0.036057692307692304,0.05998386946222083,0.017857142857142856,0.02061965247105806,0.1674986594560493,0.03499538537547534,0.9639423076923077,0.05998386946222085,,,0.5112279154851422,0.00169400558415612,0.18596246927520058,0.0379514078913235,0.25431647499499377,0.12812310006626984,0.025715955581531266,0.0
diaz_colunga,elastic_net,hybrid_d25,96,0.03595559845559845,0.05096290481515318,0.027000860585197933,0.03456899613086834,0.0625,0.10258147583103622,0.16108684737239085,0.028540918288035066,0.9729991394148021,0.03456899613086836,,,0.5116357682061994,0.003102171473818126,0.14818694038567154,0.023048393112446847,0.45019624999622465,0.09307269606656596,0.08727904040404041,0.0
diaz_colunga,elastic_net,hybrid_d25,128,0.024529215812910024,0.016968135078136725,0.02332516339869281,0.0174998779463958,0.026785714285714284,0.017857142857142856,0.18703329293255821,0.025111726455136124,0.9766748366013072,0.017499877946395764,,,0.5104682943058297,0.0009738983820534367,0.12790454314842753,0.013921579279980336,0.4342536750045838,0.02472605940179436,0.23606889564336372,0.0
diaz_colunga,elastic_net,hybrid_d25,192,0.035343647316538884,0.029436994257919236,0.0263986013986014,0.021637867359368845,0.05357142857142857,0.04610694459770734,0.15436955809828531,0.020423071125199112,0.9736013986013986,0.02163786735936888,,,0.5089712747049743,0.0013791092184050674,0.11330690966483159,0.010054142184108966,0.5784563750021334,0.08087668434225874,0.2845238095238095,0.0
diaz_colunga,elastic_net,hybrid_d50,64,0.033544973544973544,0.02405540295789377,0.05669330669330669,0.060819527602376,0.026785714285714284,0.017857142857142856,0.1593789126996074,0.020979286285335887,0.9433066933066934,0.06081952760237605,,,0.5102995679283626,0.0013887845215489036,0.17600908203625262,0.0352103445639552,0.30203035000158707,0.11206532075352496,0.11666666666666667,0.0
diaz_colunga,elastic_net,hybrid_d50,96,0.01745598057073467,0.02023097399094856,0.017191142191142192,0.02012810727176054,0.017857142857142856,0.02061965247105806,0.16047057411367852,0.03787745256494302,0.9828088578088578,0.020128107271760544,,,0.5091516150846749,0.0003933347948818756,0.15907645641611767,0.025430825156900597,0.506770724998205,0.09607877908514172,0.15707236842105263,0.0
diaz_colunga,elastic_net,hybrid_d50,128,0.025185185185185185,0.03493281814089362,0.017819148936170214,0.023682660684172203,0.04464285714285714,0.06760605173571753,0.1362457593061293,0.00794271826184944,0.9821808510638297,0.023682660684172227,,,0.5089531117650796,0.0003422728341341469,0.12885131562426405,0.01351178495199781,0.4075610499967297,0.15105498503322423,0.22176801226366888,0.0
diaz_colunga,elastic_net,hybrid_d50,192,0.017004251062765693,0.022130179434696258,0.01246684350132626,0.016371298920967836,0.026785714285714284,0.03419382527701207,0.14007353187451324,0.009524226914653289,0.9875331564986738,0.01637129892096781,,,0.5081272190254278,0.001468028043966254,0.12121952691106544,0.019265015039412494,0.5362997249976615,0.12304482846691789,0.2854286211093723,0.0
diaz_colunga,elastic_net,hybrid_d75,64,0.006578947368421053,0.013157894736842108,0.005208333333333333,0.010416666666666666,0.008928571428571428,0.017857142857142856,0.12803794759365944,0.0011806097476176026,0.9947916666666666,0.010416666666666676,,,0.5094220327818355,0.001332807561794687,0.21367422701758196,0.04163189575166958,0.2764120250030828,0.1112518813243501,0.07410714285714286,0.0
diaz_colunga,elastic_net,hybrid_d75,96,0.06313956828830972,0.053820703770477915,0.06911212760966455,0.07093200529771237,0.0625,0.04493949068613541,0.1763424548235967,0.0386215316601073,0.9308878723903354,0.07093200529771232,,,0.5091650104722003,0.0013685614999425152,0.1825483050421183,0.026513712240281824,0.518589424998936,0.24869166209201465,0.18254573170731708,0.0
diaz_colunga,elastic_net,hybrid_d75,128,0.03307654114105727,0.030691860517805664,0.026605925389023535,0.023480709471136035,0.04464285714285714,0.04493949068613542,0.15524059855322844,0.017131232622769596,0.9733940746109765,0.02348070947113603,,,0.5086704171312577,0.0019126606368539563,0.1512177489644667,0.00912994259973614,0.4257451250014128,0.09733573110773876,0.3578794288736118,0.0
diaz_colunga,elastic_net,hybrid_d75,192,0.04497769409613894,0.0062445256966855486,0.036978829993535876,0.005769522272806214,0.0625,0.017857142857142856,0.14082652531374434,0.02034062992358379,0.9630211700064641,0.005769522272806194,,,0.50723901854261,0.0014804761045523298,0.13921588912772503,0.006397674345971125,0.49461397499544546,0.2006162170590729,0.3895833333333333,0.0
diaz_colunga,elastic_net,uniform,64,0.056948419797256976,0.015499357455859713,0.08295454545454542,0.011430778078541723,0.04464285714285712,0.01785714285714285,0.18236458487983753,0.040021733317902694,0.9170454545454545,0.011430778078541579,,,0.5100867530470939,0.0015515091014070962,0.15097898520937855,0.009863767659148051,0.2549533000019437,0.07504738378618851,0.04857142857142857,0.0
diaz_colunga,elastic_net,uniform,96,0.03979797979797978,0.03689621222404799,0.047354348437939744,0.05043057823715806,0.0357142857142857,0.0291605921759902,0.17937961034573965,0.041974770569355724,0.9526456515620603,0.050430578237158095,,,0.5106819641450989,0.00118393049379452,0.1316063214684254,0.0036947029125386894,0.7693575999983295,0.44217070784664225,0.08088235294117646,0.0
diaz_colunga,elastic_net,uniform,128,0.020545073375262027,0.023880974198571273,0.01806451612903225,0.021097201666117362,0.026785714285714274,0.034193825277012056,0.17160493761563198,0.02290571546860677,0.9819354838709677,0.02109720166611739,,,0.5107360077894487,0.0006785057044227712,0.12340577294555116,0.00481352495385416,0.7270984000024328,0.2907212309946643,0.15344827586206897,0.0
diaz_colunga,elastic_net,uniform,192,0.07886735881607115,0.023812203249205216,0.06119601686828573,0.016771432196768393,0.12499999999999994,0.06838765055402411,0.19251873202648132,0.021333478715087954,0.9388039831317142,0.01677143219676834,,,0.5094446740885377,0.0014233226938705267,0.1049030756788578,0.013067003680702146,0.6549272000011115,0.121107810688086,0.23596621957277697,0.0
diaz_colunga,lasso,uniform,64,0.019585687382297524,0.023021780474480006,0.022770398481973424,0.02844190658560039,0.01785714285714285,0.020619652471058052,0.14628592018999378,0.025096795890237254,0.9772296015180265,0.028441906585600432,,,0.5098139936050352,0.001086373979073051,0.13959431129122826,0.013331535382911406,0.1242607999993197,0.016196781185101095,0.0,0.0
diaz_colunga,lasso,uniform,96,0.0205254515599343,0.024299915577912532,0.026190476190476174,0.034006802040680226,0.01785714285714285,0.020619652471058052,0.16247738087782454,0.018831403909710148,0.9738095238095239,0.03400680204068023,,,0.5101401644702488,0.0011851040116130343,0.1259931482316053,0.007230913716728291,0.26355974999751197,0.070362285268142,0.08333333333333333,0.0
diaz_colunga,lasso,uniform,128,0.021505376344086,0.043010752688172,0.015384615384615375,0.03076923076923075,0.0357142857142857,0.0714285714285714,0.17386298772365238,0.021477258731713883,0.9846153846153846,0.03076923076923082,,,0.5104955658732351,0.0003424325109892698,0.12756324030288482,0.0053806999748795764,0.23114034999889546,0.07095520705634457,0.06623931623931624,0.0
diaz_colunga,lasso,uniform,192,0.060757589996075924,0.024433890777935428,0.04771881235295865,0.019544481771255444,0.08928571428571425,0.046106944597707325,0.1727568580247592,0.02196043204694908,0.9522811876470414,0.019544481771255465,,,0.5095117701312656,0.001432350946327347,0.10047542219561373,0.009174114734796821,0.2311275749998458,0.026511172861142636,0.2638888888888889,0.0
diaz_colunga,lower_order_response,uniform,64,0.0,0.0,0.0,0.0,0.0,0.0,0.1278538812785388,0.0,0.0,0.0,,,0.5093857002492981,0.0,0.1332469003898249,0.017067842840929846,0.0733473250002134,0.01940984314517586,1.0,0.0
diaz_colunga,lower_order_response,uniform,96,0.0,0.0,0.0,0.0,0.0,0.0,0.1278538812785388,0.0,0.0,0.0,,,0.5093857002492981,0.0,0.11548428794285345,0.0048279857765907794,0.088582549997227,0.03291105540490158,1.0,0.0
diaz_colunga,lower_order_response,uniform,128,0.0,0.0,0.0,0.0,0.0,0.0,0.1278538812785388,0.0,0.0,0.0,,,0.5093857002492981,0.0,0.11983659962468855,0.0059485830168963545,0.09556832499947625,0.025936347471642873,1.0,0.0
diaz_colunga,lower_order_response,uniform,192,0.0,0.0,0.0,0.0,0.0,0.0,0.1278538812785388,0.0,0.0,0.0,,,0.5093857002492981,0.0,0.10466673459565695,0.011068703731741984,0.13881842499904448,0.0411881593447324,1.0,0.0
diaz_colunga,omp,uniform,64,0.017241379310344824,0.03448275862068965,0.25,0.5,0.008928571428571425,0.01785714285714285,0.1356409001956947,0.015574037834311804,0.0,0.0,,,0.5089900166919553,0.0007913671146855261,0.13667711406613037,0.0031303949822154373,0.07867517499835228,0.01772809688570952,0.5,0.0
diaz_colunga,omp,uniform,96,0.014705882352941175,0.02941176470588235,0.04166666666666665,0.0833333333333333,0.008928571428571425,0.01785714285714285,0.13182077625570773,0.006333587246398506,0.9583333333333334,0.08333333333333333,,,0.5093282691217097,0.0013333126066148548,0.1372385684373721,0.006900383555641727,0.10518097500607833,0.038719439345752456,0.0,0.0
diaz_colunga,omp,uniform,128,0.0,0.0,0.0,0.0,0.0,0.0,0.15158070077346006,0.02745871353295298,0.75,0.5,,,0.5109275527826225,0.0011904454197326536,0.1318131165061973,0.006402641887661777,0.08989262500836043,0.01600144123231767,0.045454545454545456,0.0
diaz_colunga,omp,uniform,192,0.0119047619047619,0.0238095238095238,0.01785714285714285,0.0357142857142857,0.008928571428571425,0.01785714285714285,0.14294769870540414,0.01855110896844346,0.9821428571428572,0.03571428571428569,,,0.5090813213590653,0.00379139774499129,0.1172478665286879,0.01366539154509444,0.1167642999971576,0.01783953766500044,0.07882352941176471,0.0
diaz_colunga,sparse_mobius_iht,d_optimal_rows,64,0.0,0.0,0.0,0.0,0.0,0.0,0.1278538812785388,0.0,0.0,0.0,,,0.5093857002492981,0.0,0.20994077048271348,0.06872754284222087,0.08258587499949492,0.010265276559694093,1.0,0.0
diaz_colunga,sparse_mobius_iht,d_optimal_rows,96,0.0,0.0,0.0,0.0,0.0,0.0,0.1278538812785388,0.0,0.0,0.0,,,0.5093857002492981,0.0,0.1925022827469871,0.04628074040196541,0.06096554999749055,0.026416429965519135,1.0,0.0
diaz_colunga,sparse_mobius_iht,d_optimal_rows,128,0.0,0.0,0.0,0.0,0.0,0.0,0.1278538812785388,0.0,0.0,0.0,,,0.5093857002492981,0.0,0.19730542146384075,0.03822551668944836,0.11942607499440777,0.021197542860096962,1.0,0.0
diaz_colunga,sparse_mobius_iht,d_optimal_rows,192,0.0,0.0,0.0,0.0,0.0,0.0,0.1278538812785388,0.0,0.0,0.0,,,0.5093857002492981,0.0,0.18674164712128216,0.012985168794239218,0.16688074999547095,0.020203331015726658,1.0,0.0
diaz_colunga,sparse_mobius_iht,row_cosine_v0,64,0.0,0.0,0.0,0.0,0.0,0.0,0.1278538812785388,0.0,0.0,0.0,,,0.5093857002492981,0.0,0.13839213402477057,0.0021030455098957437,0.07840057499561222,0.01222793423331989,1.0,0.0
diaz_colunga,sparse_mobius_iht,row_cosine_v0,96,0.0,0.0,0.0,0.0,0.0,0.0,0.1278538812785388,0.0,0.0,0.0,,,0.5093857002492981,0.0,0.1377452861877476,0.004740796581890209,0.1101420999912079,0.025130100564526806,1.0,0.0
diaz_colunga,sparse_mobius_iht,row_cosine_v0,128,0.0,0.0,0.0,0.0,0.0,0.0,0.1278538812785388,0.0,0.25,0.5,,,0.5093511388130364,6.912287252341016e-05,0.12654797562067022,0.012706918440703548,0.12631382499966998,0.02565257719583406,0.5,0.0
diaz_colunga,sparse_mobius_iht,row_cosine_v0,192,0.0,0.0,0.0,0.0,0.0,0.0,0.1278538812785388,0.0,0.0,0.0,,,0.5093857002492981,0.0,0.1112799063124222,0.012193565151399782,0.1403620250021049,0.0192856764342585,1.0,0.0
diaz_colunga,sparse_mobius_iht,uniform,64,0.0,0.0,0.0,0.0,0.0,0.0,0.1278538812785388,0.0,0.25,0.5,,,0.5092758258899139,0.00021974871876816028,0.1616487617483246,0.043269677099444306,0.06980357499924135,0.018682017976725876,0.5,0.0
diaz_colunga,sparse_mobius_iht,uniform,96,0.0,0.0,0.0,0.0,0.0,0.0,0.1278538812785388,0.0,0.0,0.0,,,0.5093857002492981,0.0,0.13398094884687844,0.004286257625322619,0.12503097500302823,0.0326205133524394,1.0,0.0
diaz_colunga,sparse_mobius_iht,uniform,128,0.0,0.0,0.0,0.0,0.0,0.0,0.1278538812785388,0.0,0.0,0.0,,,0.5093857002492981,0.0,0.13455923795794084,0.005849597979189026,0.13999564999539868,0.030098420145116062,1.0,0.0
diaz_colunga,sparse_mobius_iht,uniform,192,0.0,0.0,0.0,0.0,0.0,0.0,0.1356409001956947,0.015574037834311796,0.25,0.5,,,0.5099138559657702,0.0010563114329442218,0.10761646296395135,0.015847511813253876,0.1524203750013839,0.040582882583787165,0.5,0.0
diaz_colunga,stability_pi60,uniform,64,0.0,0.0,0.0,0.0,0.0,0.0,0.1278538812785388,0.0,0.0,0.0,,,0.5093857002492981,0.0,0.1461725181194528,0.009764803719396562,0.3028175499966892,0.046084941501734276,1.0,0.0
diaz_colunga,stability_pi60,uniform,96,0.0,0.0,0.0,0.0,0.0,0.0,0.1434279191128506,0.0311480756686236,0.25,0.5,,,0.5101010756238036,0.0014307507490110005,0.1391309594657871,0.0059489694180597475,0.3865624250029213,0.041485820203409,0.5,0.0
diaz_colunga,stability_pi60,uniform,128,0.0,0.0,0.0,0.0,0.0,0.0,0.14823874755381602,0.02481480508722535,0.75,0.5,,,0.5104901968782409,0.0009779938933744182,0.1289793197799694,0.011676797090171906,0.48967527500280994,0.12775501798968872,0.0,0.0
diaz_colunga,stability_pi60,uniform,192,0.0161290322580645,0.032258064516129,0.08333333333333333,0.16666666666666666,0.008928571428571425,0.01785714285714285,0.15007338551859098,0.023011038043285532,0.6666666666666666,0.4714045207910317,,,0.5098065775936573,0.00037685873701906334,0.10285173651599973,0.006649146894931449,0.5525416749987926,0.022925164115914824,0.1,0.0
diaz_colunga,stability_selection,uniform,64,0.0,0.0,0.0,0.0,0.0,0.0,0.1278538812785388,0.0,0.0,0.0,,,0.5093857002492981,0.0,0.14399150340915598,0.008114203092970323,0.2451235250009631,0.022394711676645012,1.0,0.0
diaz_colunga,stability_selection,uniform,96,0.0,0.0,0.0,0.0,0.0,0.0,0.1434279191128506,0.0311480756686236,0.25,0.5,,,0.5101010756238036,0.0014307507490110005,0.1357052230429596,0.002056980301572073,0.4430343999993056,0.10112355627599863,0.5,0.0
diaz_colunga,stability_selection,uniform,128,0.0,0.0,0.0,0.0,0.0,0.0,0.14823874755381602,0.02481480508722535,0.75,0.5,,,0.5104901968782409,0.0009779938933744182,0.12864020041015167,0.01113310336402895,0.5368851000021095,0.1413596347978287,0.0,0.0
diaz_colunga,stability_selection,uniform,192,0.0,0.0,0.0,0.0,0.0,0.0,0.1278538812785388,0.0,0.25,0.5,,,0.5094004571049964,2.951371139652455e-05,0.10459227842376108,0.008144830386719846,0.5138962249984615,0.16422992339995945,0.5,0.0
diaz_colunga,strong_heredity,uniform,64,0.0,0.0,0.0,0.0,0.0,0.0,0.1278538812785388,0.0,0.0,0.0,,,0.5093857002492981,0.0,0.14841888586237412,0.019764788906395325,0.10818935000133932,0.007379791779688565,1.0,0.0
diaz_colunga,strong_heredity,uniform,96,0.0,0.0,0.0,0.0,0.0,0.0,0.1278538812785388,0.0,0.25,0.5,,,0.5094852099220715,0.0001990193455467711,0.14502897424063688,0.009324579486512698,0.2572871250013122,0.11149659117318474,0.5,0.0
diaz_colunga,strong_heredity,uniform,128,0.01515151515151515,0.0303030303030303,0.05,0.1,0.008928571428571425,0.01785714285714285,0.1590019569471624,0.062296151337247196,0.2,0.4,,,0.5095227576099405,0.00027411472128473685,0.1429257618875027,0.010578818690891246,0.2133382499996514,0.07851228053385155,0.5,0.0
diaz_colunga,strong_heredity,uniform,192,0.028571428571428574,0.05714285714285715,0.07142857142857142,0.14285714285714285,0.01785714285714285,0.0357142857142857,0.14611289721367998,0.03651803187028235,0.17857142857142858,0.35714285714285715,,,0.5092508049779442,0.0002697905427077503,0.11093850610988294,0.012957808144911405,0.23760209999818466,0.05394445014711473,0.5,0.0
diaz_colunga,weak_heredity,uniform,64,0.00980392156862745,0.0196078431372549,0.0108695652173913,0.0217391304347826,0.008928571428571425,0.01785714285714285,0.13480033332344973,0.01163389866917406,0.7391304347826086,0.49317969643981324,,,0.5096820101056938,0.0004093066859607377,0.1403776862277679,0.013935586280914314,0.0956741749978391,0.006035222355381546,0.0,0.0
diaz_colunga,weak_heredity,uniform,96,0.014705882352941175,0.02941176470588235,0.04166666666666665,0.0833333333333333,0.008928571428571425,0.01785714285714285,0.18068600351565894,0.016348486252454667,0.9583333333333334,0.08333333333333333,,,0.5105783222610619,0.0012644922896435367,0.1265849223983272,0.008651676620614454,0.26257510000505135,0.08026329242582839,0.08712121212121213,0.0
diaz_colunga,weak_heredity,uniform,128,0.0222222222222222,0.0444444444444444,0.0161290322580645,0.032258064516129,0.0357142857142857,0.0714285714285714,0.17399654421201,0.023365865383332414,0.9838709677419355,0.032258064516129004,,,0.5101226766322742,0.00033523366333683185,0.12995293738389163,0.004837920220465544,0.20915572500234697,0.07560887240766002,0.05384615384615385,0.0
diaz_colunga,weak_heredity,uniform,192,0.05478194550220225,0.021970489593330263,0.049241262495652,0.018188230293850857,0.0714285714285714,0.05050762722761052,0.16980664120862649,0.02465586194433016,0.9507587375043479,0.01818823029385082,,,0.5095626991543972,0.0015707175474966339,0.10263062243002383,0.005754336999584357,0.24643712500255788,0.06984167566683033,0.1686613475177305,0.0
ishizawa,ard_support,d_optimal_rows,16,0.04330635312165224,0.0848543479553652,0.09312603419746276,0.18112582285414697,0.034526054011348124,0.07717265953381965,0.48067541552641513,0.1136135670662799,0.4068739658025372,0.4421432758605569,0.05555555555555555,0.1297498240269205,0.437356485550722,0.17285073071324047,0.2200077643079791,0.09642149224229384,0.07292887857069473,0.02519926743976523,0.14285714285714285,0.23002185311411807
ishizawa,ard_support,d_optimal_rows,24,0.05134413407230173,0.07716496516305942,0.16149961149961148,0.2823740527335091,0.037856530938961276,0.0633134492851546,0.4739522104132619,0.10470205414056645,0.3385003885003885,0.4141416259254992,0.041666666666666664,0.14433756729740643,0.4353062787905571,0.17467181641006402,0.1981361502120164,0.0861588145123325,0.07303158571604784,0.03360030297277602,0.17589285714285713,0.2192270874527504
ishizawa,ard_support,d_optimal_rows,32,0.05535310416896657,0.09501757498410443,0.1389662090766987,0.27620488114059094,0.0479853834246249,0.10061183327198445,0.47743817555739426,0.11530453404719292,0.396748076637587,0.4476676578201373,0.05555555555555555,0.19245008972987526,0.4368130332974412,0.17183851831611588,0.18491621379119594,0.07751471286252257,0.08049924642961868,0.04918731283315369,0.07792207792207792,0.17619987140392107
ishizawa,ard_support,d_optimal_rows,48,0.09878203417578982,0.1354645743823088,0.18576453308596164,0.26716547805978624,0.09291271164336178,0.15878314168168725,0.4812236773934599,0.11557147717150842,0.38566403834260976,0.4002769256719958,0.125,0.3107907802540305,0.43479789603846647,0.17205581681134438,0.16050189944264504,0.0554964611972013,0.07821331428671582,0.0515179611329,0.2883116883116883,0.34884011977434115
ishizawa,ard_support,uniform,16,0.03819358247749977,0.07748863962648973,0.10213224275724275,0.2634137869651475,0.03895817267527792,0.08788082135526559,0.47114377312768585,0.09799559506667507,0.36215347152847155,0.4624316829214434,0.041666666666666664,0.14433756729740646,0.43793774476083697,0.1733499633203025,0.19000070855253973,0.07545496812004207,0.05540232857103023,0.02688980761467337,0.21428571428571427,0.25197631533948484
ishizawa,ard_support,uniform,24,0.053143647114311306,0.10690918451105878,0.09874924937036737,0.2180470994074689,0.05617348660111817,0.1331456546405071,0.4778033491271625,0.10352989143429606,0.4012507506296326,0.4521030500257575,0.1111111111111111,0.2958751215328648,0.43681671618779744,0.17337500215643714,0.17435653482671531,0.07210264301974985,0.05448837500184055,0.04297706476058578,0.07142857142857142,0.17817416127494962
ishizawa,ard_support,uniform,32,0.0912992472708075,0.14394939499442197,0.12161702518845376,0.1501323064294389,0.10322869532428355,0.18954318427661726,0.4725506058180257,0.10320074723754032,0.41409726052583196,0.4041825409986386,0.16666666666666666,0.32566947363946486,0.4369412052431113,0.17408432756270223,0.16226161322266106,0.064461310666275,0.044576467856781384,0.03717743156197687,0.1445578231292517,0.22896319411835378
ishizawa,ard_support,uniform,48,0.10779723432205932,0.162864648802121,0.20157050946180782,0.31139491424205756,0.1346187395336002,0.23486337968694962,0.4887142869469153,0.10617537668777745,0.3698580619667636,0.41444090096876146,0.125,0.22613350843332272,0.43427685520454024,0.17258064308388166,0.14831346982172558,0.04584378637971666,0.052969775001526706,0.039759307838492255,0.2229550356728057,0.24463325774733005
ishizawa,elastic_net,d_optimal_rows,16,0.23094403166317234,0.10717531776889891,0.24211051217913332,0.13960446456728484,0.26175772434479866,0.1417897413840955,0.5032767397250442,0.13621061582569452,0.7578894878208667,0.1396044645672849,0.08333333333333333,0.19462473604038077,0.4377232615779623,0.1737181272027519,0.2780110491728001,0.1913834702214367,0.03779903928599582,0.04508973104752583,0.2107811178079935,0.09388636070587393
ishizawa,elastic_net,d_optimal_rows,24,0.2049850481509738,0.11810250524599088,0.2159184628747857,0.11828711845784988,0.22479368434283292,0.15632127450236324,0.5157685480406224,0.1398194384267153,0.7840815371252142,0.11828711845784987,0.125,0.3107907802540305,0.437524793181269,0.1748814469705989,0.3006894493783078,0.22423412889819236,0.011990678569418328,0.0022245138645028396,0.25292205343086466,0.1384264509669668
ishizawa,elastic_net,d_optimal_rows,32,0.3009712739728199,0.09395266905463524,0.30440880630958783,0.11978441916624763,0.3584351503759398,0.1603621098666278,0.5133864231282225,0.15092825904574966,0.6955911936904122,0.1197844191662476,0.16666666666666666,0.21320071635561044,0.43307125077659225,0.17272385081598796,0.2260379364166905,0.09402249560693775,0.013406564285625217,0.0027721756445304685,0.26226088425878274,0.08843421705013542
ishizawa,elastic_net,d_optimal_rows,48,0.3692310967609443,0.10902544458237123,0.3302855732974431,0.09198464422452264,0.45756875455985363,0.17862517247405396,0.5173029145631295,0.10823907984139582,0.6697144267025569,0.09198464422452265,0.4305555555555555,0.4231813932375708,0.41285128691429235,0.16125760162008815,0.2039925038228067,0.1373325101627995,0.020322125001777186,0.010450342337822617,0.4757327496116699,0.13538468049216032
ishizawa,elastic_net,hybrid_d25,16,0.2293697131529773,0.09542731678826061,0.2951048510811267,0.17732335341079322,0.233964211528066,0.14128515946370032,0.5188739659604841,0.09694356598007627,0.7048951489188733,0.17732335341079322,0.19444444444444442,0.24446740020769592,0.43693620764871594,0.17408189507554353,0.2051193764131861,0.06671161963019505,0.015336010714236181,0.009567746083351966,0.12467589112325954,0.028154024092647174
ishizawa,elastic_net,hybrid_d25,24,0.2185555415680562,0.1160390103263177,0.2447207091044923,0.1422203809319895,0.2253869142123786,0.14687055977718302,0.5119724977660133,0.10768801482697732,0.7552792908955076,0.14222038093198947,0.125,0.22613350843332275,0.4385631452797863,0.1733282383974698,0.1907017468801111,0.08625504630930682,0.010137617856733934,0.0015002877705169607,0.1513555680727987,0.034239427458862604
ishizawa,elastic_net,hybrid_d25,32,0.24757383835485416,0.1426614331437556,0.2887926320720656,0.18917335670714228,0.2868922282138226,0.2179507033250555,0.5018136690885265,0.1306741365028198,0.7112073679279344,0.18917335670714222,0.3055555555555555,0.38160568080532503,0.4356845130328289,0.17363299246825753,0.20599861183013432,0.0886482447675521,0.011422974999212394,0.0015590497257280261,0.09454750101360883,0.057861022887685486
ishizawa,elastic_net,hybrid_d25,48,0.2655362152004029,0.16185596512963565,0.2845612495509186,0.13581504323031707,0.3062277323209986,0.22809648865343993,0.5261815136699411,0.12301846847444632,0.7154387504490813,0.13581504323031707,0.3055555555555555,0.28278318543776604,0.4277298373925876,0.16823622032316266,0.16812571708069018,0.06426280815570971,0.012971807142873461,0.004322218037630592,0.20912371987711653,0.07267831358100614
ishizawa,elastic_net,hybrid_d50,16,0.22150642982681537,0.10526973437976507,0.2874773637559466,0.18955252009436524,0.25408721180780003,0.1627865494273205,0.5217875954735148,0.12151261857038312,0.7125226362440534,0.18955252009436524,0.19444444444444442,0.2444674002076959,0.4386422978745839,0.17340828951587098,0.22736420739999227,0.11332492698034145,0.014199292855794608,0.007490016755421568,0.11433925974119126,0.05206935502918545
ishizawa,elastic_net,hybrid_d50,24,0.24394626993740814,0.11336759568951126,0.2417117510099282,0.10737770227623998,0.28970763069060285,0.1793998555573579,0.49791749689344333,0.10996564974201982,0.7582882489900717,0.10737770227624001,0.06944444444444443,0.166034153315937,0.4370173542249413,0.17446675750613092,0.19903733188622685,0.06949312920082396,0.010347778572135471,0.0014959615006519555,0.16558265817952453,0.059899163517609655
ishizawa,elastic_net,hybrid_d50,32,0.28734334413662144,0.1271959512226691,0.2691430849381476,0.11075018119775808,0.37299589707677944,0.21896875550512304,0.4962191837597617,0.09232035151887603,0.7308569150618524,0.11075018119775806,0.27777777777777773,0.39140599535348614,0.4337847478647615,0.17257658210062887,0.17772019948993495,0.06486951899714562,0.011213249998296046,0.001356788109154897,0.23390774206177828,0.05854477049531393
ishizawa,elastic_net,hybrid_d50,48,0.3107176142546166,0.15464025076808333,0.2878685318100099,0.12744537392228433,0.39661389522070634,0.26044777848050515,0.5305123106138623,0.12874906712380824,0.7121314681899901,0.12744537392228433,0.34722222222222215,0.37239555740965974,0.42199210183937375,0.16390674382920514,0.1867696062584511,0.07041864745323893,0.013819199999228917,0.005437269441414837,0.2628295840032572,0.07721549848178609
ishizawa,elastic_net,hybrid_d75,16,0.21535865784426897,0.12249012590395476,0.20453441229677669,0.10230223442589548,0.2850188962224566,0.19106838551078031,0.51108522902594,0.10875705884331091,0.7954655877032233,0.10230223442589545,0.20833333333333334,0.33427896171076077,0.4384140426188967,0.174806529019225,0.23614024103267858,0.1806120473791284,0.023031503569654888,0.021711920178141147,0.17131333074170113,0.06886632027260871
ishizawa,elastic_net,hybrid_d75,24,0.23101024702854098,0.11949975811273392,0.25621621457466726,0.12025836756037823,0.2657098652551439,0.18585819661345146,0.5034098297747891,0.09730963785555911,0.7437837854253327,0.12025836756037826,0.041666666666666664,0.14433756729740646,0.43590359247531085,0.17300375749141625,0.2080705033036401,0.12001731943277241,0.01062463571517063,0.0022986710838829934,0.1616705549741264,0.11613920287862203
ishizawa,elastic_net,hybrid_d75,32,0.24958457325563235,0.1265755753690078,0.2699574445843701,0.1068729316477785,0.2864636137855952,0.22336283319174755,0.5060240301658555,0.10521492788684951,0.7300425554156299,0.10687293164777849,0.23611111111111108,0.3655515642531791,0.434768169186753,0.17376673534404466,0.226757118661637,0.11728822805462712,0.012236821427255304,0.002041145606153662,0.15949781517273934,0.03154749799811934
ishizawa,elastic_net,hybrid_d75,48,0.3447922988086178,0.12160900562348187,0.30988688721267116,0.10793957378730545,0.43872624623398615,0.2081596048585593,0.507397879971511,0.13005001229581095,0.6901131127873288,0.10793957378730545,0.375,0.38353091087415575,0.4164096133389795,0.15542295137955844,0.1724842024806905,0.07274504239452566,0.013644439283650302,0.005579564941898973,0.3792143078727303,0.10000818673494097
ishizawa,elastic_net,uniform,16,0.16959575177129219,0.1017073137648632,0.21877111595352525,0.1341879276352147,0.16508752792615017,0.12076026785394314,0.486487155989371,0.08526220238446432,0.7812288840464747,0.13418792763521467,0.125,0.18969672765983203,0.43713850263702536,0.17364117230177686,0.2355759551780729,0.10518662085609595,0.017048964284705453,0.0102089348456339,0.07913557500773795,0.058289845708285375
ishizawa,elastic_net,uniform,24,0.19882491278086398,0.10669434369297567,0.2683995836297705,0.14704347902053214,0.19588571258462897,0.1379806511197972,0.49567763184685404,0.09610164915048737,0.7316004163702294,0.14704347902053216,0.20833333333333334,0.2670924630879423,0.43587215563685516,0.17350025597241822,0.19047734386049817,0.06641032541252184,0.0153999214276804,0.0066788382152547406,0.09776243914720817,0.049717169013273256
ishizawa,elastic_net,uniform,32,0.23194381310267345,0.1206569832192031,0.24610051180747822,0.10169465728943294,0.26932157647134425,0.19013092172775148,0.4931353349169138,0.10414917017209666,0.7538994881925217,0.10169465728943299,0.20833333333333334,0.22613350843332272,0.43363366486683896,0.1751927266756894,0.17353894060446487,0.06353127958691691,0.016312057142515914,0.0043762453872006,0.14102985412305222,0.06259610945199272
ishizawa,elastic_net,uniform,48,0.34214318377037234,0.15491700535970976,0.31458708122937123,0.11709500487509891,0.4547426966738112,0.26838617728641967,0.5314090072847245,0.11010893614425261,0.6854129187706287,0.11709500487509891,0.611111111111111,0.35769557999243984,0.4188641085574876,0.16590028559686631,0.16678048614517202,0.06363180125459073,0.016580539285184465,0.00645419642135749,0.2635817707292754,0.06151982020340143
ishizawa,lasso,uniform,16,0.12121525561222672,0.11444741780309536,0.20152961462316873,0.20848062437466253,0.10619733723448892,0.10433902116121467,0.49765603044603823,0.0906637131060427,0.7270418139482598,0.2870383255234142,0.0,0.0,0.43744155796148504,0.1737089382644687,0.19694623869301156,0.07193922933607605,0.004039271428025222,0.0008409662262252563,0.03498763141620285,0.04087179910138665
ishizawa,lasso,uniform,24,0.121434209375295,0.12250888669220106,0.25430428267384786,0.27769241166049413,0.1050364882795223,0.1294100188265472,0.49013981848804133,0.09584962971168917,0.6028385744690092,0.35881441636227607,0.09722222222222221,0.22982572815040817,0.43684927932887324,0.17399639775338066,0.17010440558393994,0.055459397927364325,0.0046521999995872325,0.0013275660243958333,0.03164574175497285,0.0536661706864057
ishizawa,lasso,uniform,32,0.18604257036652455,0.14359329458682768,0.2225548009426638,0.1573063589443407,0.19238594223114344,0.18604907162226503,0.48177667948604885,0.10091022928922835,0.6703023419144791,0.27293775359772393,0.25,0.23028309323591917,0.4353836421209641,0.17454681541927633,0.16352001151426693,0.05665315100633536,0.0054343214292852104,0.0026476162231384237,0.05490577504838701,0.04105572612794384
ishizawa,lasso,uniform,48,0.20213399142988103,0.1498226153001157,0.27847914340027774,0.20068905793209052,0.19911803452825122,0.19694652989995906,0.4939123919607323,0.10931877004429691,0.6500922851711508,0.26039008691596727,0.25,0.26111648393354675,0.43217698071842386,0.17263236516947528,0.14513043290147046,0.05511706719850311,0.00538759999939685,0.0018774052813342026,0.15134061277391833,0.07969531996025346
ishizawa,lower_order_response,uniform,16,0.0,0.0,0.0,0.0,0.0,0.0,0.46598639455782315,0.1027522023762143,0.0,0.0,0.0,0.0,0.43751025801451926,0.1737284455492317,0.22415944016599793,0.09465745402974551,0.004184617855831367,0.0012722338543754896,1.0,0.0
ishizawa,lower_order_response,uniform,24,0.0,0.0,0.0,0.0,0.0,0.0,0.46598639455782315,0.1027522023762143,0.0,0.0,0.0,0.0,0.43751025801451926,0.1737284455492317,0.16683933733190834,0.05408834907399332,0.004364917857726225,0.0013373242385442603,1.0,0.0
ishizawa,lower_order_response,uniform,32,0.0,0.0,0.0,0.0,0.0,0.0,0.46598639455782315,0.1027522023762143,0.0,0.0,0.0,0.0,0.43751025801451926,0.1737284455492317,0.1487879828950734,0.05564705620240051,0.004301857143478325,0.0009253525803075669,1.0,0.0
ishizawa,lower_order_response,uniform,48,0.0,0.0,0.0,0.0,0.0,0.0,0.46598639455782315,0.1027522023762143,0.0,0.0,0.0,0.0,0.43751025801451926,0.1737284455492317,0.12816109185212737,0.04059611884766205,0.0045850857131881145,0.0019097649186423664,1.0,0.0
ishizawa,omp,uniform,16,0.011666666666666664,0.04284626552146409,0.023809523809523808,0.087421754718827,0.007727652464494568,0.028384885303157328,0.46826915651550766,0.10380435347909593,0.2261904761904762,0.4062634251388207,0.0,0.0,0.43881003863229756,0.1739630039963524,0.21150492362767498,0.09074051336106334,0.0032933535730989604,0.0014119394631787567,0.5,0.38490017945975047
ishizawa,omp,uniform,24,0.035294038200442135,0.07212697069463922,0.10208333333333333,0.2263917291346487,0.02298156779580927,0.049108005430409774,0.480283368408092,0.10070697690024502,0.46934523809523815,0.46312064113801854,0.041666666666666664,0.14433756729740643,0.4396326062626204,0.1736969426980997,0.18269614866777145,0.07145385527485609,0.0047737071425736684,0.0023286541592363857,0.07142857142857142,0.17817416127494962
ishizawa,omp,uniform,32,0.05155119381058475,0.07846031468500116,0.1739795918367347,0.26862523896764806,0.03185487757856177,0.05037974206675817,0.47314118731163185,0.09805910491479694,0.5045918367346939,0.4270405140535018,0.041666666666666664,0.14433756729740643,0.4374639962378151,0.17283698226072455,0.17976175678913459,0.07645508500295542,0.004922317856523561,0.0013025592275478163,0.006493506493506494,0.016197651024995416
ishizawa,omp,uniform,48,0.06769615083802195,0.1019243829442499,0.20280612244897958,0.2940211475288529,0.048811012259154664,0.08577732134072696,0.4804058494054054,0.10206853483605643,0.475765306122449,0.4212301387033062,0.08333333333333333,0.19462473604038077,0.43889541521339065,0.17501505928071148,0.16005240237035068,0.07871375547533105,0.006436346430876082,0.001859337745394275,0.0865079365079365,0.17350464107403826
ishizawa,sparse_mobius_iht,d_optimal_rows,16,0.0,0.0,0.0,0.0,0.0,0.0,0.4683975563909774,0.10181082695827413,0.07142857142857142,0.262265264156481,0.0,0.0,0.4377590412761564,0.17345940093212686,0.2005168960821831,0.09657353936267227,0.0014629214290054929,0.0009702906272019587,0.8571428571428571,0.2300218531141181
ishizawa,sparse_mobius_iht,d_optimal_rows,24,0.007330827067669168,0.026926225475796227,0.05357142857142857,0.20813482606259293,0.003968253968253964,0.014570292453137821,0.4693877551020408,0.10231665822992377,0.05357142857142857,0.20813482606259293,0.0,0.0,0.4372456613184279,0.17399445454476967,0.17884953954107027,0.0695617971086289,0.0016318214303672107,0.0003658052776319656,0.7857142857142857,0.3708990935094579
ishizawa,sparse_mobius_iht,d_optimal_rows,32,0.014149008885850991,0.044613297532377846,0.047619047619047616,0.14946504647434425,0.008313522777532065,0.02623395668120685,0.46930153640403527,0.10170146507691012,0.20238095238095236,0.37776999680751283,0.0,0.0,0.4382865816278944,0.17305556726983579,0.1778337506060843,0.0732546005680243,0.002233057143582375,0.0006532271503597486,0.5714285714285714,0.4241393401869012
ishizawa,sparse_mobius_iht,d_optimal_rows,48,0.009065934065934065,0.03408447379759655,0.04220779220779221,0.19082432438648678,0.00664160401002506,0.026744854522875134,0.4699409237379162,0.10065595129293896,0.10064935064935066,0.29725742164933594,0.0,0.0,0.4372063553391517,0.1738784743863382,0.15548389891734812,0.06541479036763842,0.0032260249993538823,0.0008013906128823922,0.7142857142857143,0.2519763153394848
ishizawa,sparse_mobius_iht,row_cosine_v0,16,0.0,0.0,0.0,0.0,0.0,0.0,0.46598639455782315,0.1027522023762143,0.10714285714285714,0.314970394174356,0.0,0.0,0.4378663342242435,0.1735589584432067,0.18884217304459475,0.08251876824024439,0.0015996571419236215,0.0010083994364230664,0.7857142857142857,0.3708990935094578
ishizawa,sparse_mobius_iht,row_cosine_v0,24,0.0,0.0,0.0,0.0,0.0,0.0,0.46598639455782315,0.1027522023762143,0.03571428571428571,0.1889822365046136,0.0,0.0,0.4375860806843522,0.17379006513694378,0.16739975870887314,0.07400143155223993,0.0019524964279428215,0.0006826707459575312,0.9285714285714286,0.17817416127494964
ishizawa,sparse_mobius_iht,row_cosine_v0,32,0.024417290427142642,0.05785868745675297,0.08928571428571429,0.2052908348332898,0.014170513009522294,0.03373675102258806,0.47554372626243474,0.10534898990990553,0.19642857142857142,0.34858199355621977,0.0,0.0,0.43732330283656307,0.17383435139789657,0.1664003685008074,0.07602869057079141,0.0026692428572069643,0.0011935189306301046,0.42857142857142855,0.3253000243161777
ishizawa,sparse_mobius_iht,row_cosine_v0,48,0.0189465706707086,0.08771223212186892,0.031385281385281384,0.11879811187775106,0.015659340659340656,0.07567309599313807,0.4739999781964067,0.10097665498976736,0.1829004329004329,0.37090400578744825,0.0,0.0,0.4368662557021767,0.1737423899316984,0.13748490551706308,0.050535287716786316,0.003533753570601568,0.001160694077477491,0.5714285714285714,0.42413934018690114
ishizawa,sparse_mobius_iht,uniform,16,0.0026455026455026428,0.01399868418552692,0.03571428571428571,0.1889822365046136,0.0013736263736263716,0.007268547557869743,0.46804029304029304,0.10222625058153934,0.03571428571428571,0.1889822365046136,0.0,0.0,0.4379839318118394,0.17352495973305362,0.21266493340417408,0.10686579917207066,0.001421710713267543,0.00048391463293143925,0.8571428571428571,0.23002185311411807
ishizawa,sparse_mobius_iht,uniform,24,0.0,0.0,0.0,0.0,0.0,0.0,0.46723689475790314,0.10219102914626639,0.10714285714285714,0.31497039417435607,0.0,0.0,0.43793428877784374,0.17359368182937784,0.1587588924607424,0.0738218426645247,0.0019288964301397034,0.0013982461585068501,0.7857142857142857,0.25197631533948484
ishizawa,sparse_mobius_iht,uniform,32,0.01336938467480339,0.034893334737262166,0.08452380952380953,0.23839002914650745,0.007595345830639943,0.019926389970004323,0.46981816765167606,0.10186181547879798,0.20119047619047617,0.3784832348769129,0.027777777777777776,0.09622504486493763,0.44027932440707135,0.17578651461411177,0.16906950387604416,0.09627306357672749,0.002362696426903907,0.0007428719497325825,0.5,0.3849001794597505
ishizawa,sparse_mobius_iht,uniform,48,0.029242979242979233,0.09488316086898363,0.04437229437229436,0.13412735283313976,0.0231829573934837,0.07703533601586375,0.4764649719536937,0.10310481979849047,0.09848484848484848,0.2570801331843316,0.08333333333333333,0.19462473604038075,0.43615270125244476,0.17485023493952395,0.12763715367342593,0.04801998212809858,0.003673132145195225,0.0012822484708282086,0.7142857142857143,0.3708990935094579
ishizawa,stability_pi60,uniform,16,0.0075396825396825354,0.02772481723813003,0.03571428571428571,0.1311326320782405,0.004216269841269839,0.015509752815332357,0.4717314008936908,0.09975054400293468,0.2857142857142857,0.439456133330385,0.0,0.0,0.4378363722310708,0.173483998403077,0.21812290221987782,0.06863885103081747,0.022029103570925353,0.006996883582752403,0.42857142857142855,0.3253000243161777
ishizawa,stability_pi60,uniform,24,0.0128495842781557,0.032246000011642524,0.06964285714285715,0.2122800760500869,0.007586308815023981,0.019249215833518,0.47457831395041145,0.10143887888882117,0.14464285714285713,0.325843431419051,0.041666666666666664,0.14433756729740643,0.4377269213981524,0.1736628353078333,0.19342310693466197,0.07461963826798727,0.0226431821444878,0.004552293251148426,0.5714285714285714,0.3253000243161777
ishizawa,stability_pi60,uniform,32,0.027518764561507286,0.05536516675170916,0.07806122448979592,0.2045683810713757,0.018277535373123602,0.037027322770765606,0.4751951843746127,0.09855612899964637,0.31479591836734694,0.4369249365288845,0.0,0.0,0.43783409269347173,0.17279526511664225,0.1641558100420241,0.06007015499874176,0.02722695357130886,0.005567166097856758,0.21428571428571427,0.2519763153394849
ishizawa,stability_pi60,uniform,48,0.017460317460317454,0.04581624522849419,0.08956916099773242,0.265719261506433,0.011423260262269546,0.031494936691796246,0.470508977882651,0.10260142593210353,0.16043083900226757,0.3545720863005094,0.041666666666666664,0.14433756729740643,0.43680439037834284,0.1735617757002772,0.13759187672882803,0.05863098622743659,0.038607632142104935,0.01965724300922529,0.5,0.2721655269759087
ishizawa,stability_selection,uniform,16,0.007936507936507936,0.02914058490627567,0.03571428571428571,0.1311326320782405,0.004464285714285714,0.016391579009780062,0.47039753401360546,0.10019541623364253,0.14285714285714285,0.3293411733531179,0.0,0.0,0.4378386378161598,0.1734444826660419,0.21327100724803488,0.07170293006456245,0.022587089285350054,0.008279054348009988,0.7142857142857143,0.3708990935094579
ishizawa,stability_selection,uniform,24,0.006216931216931214,0.023097828906119434,0.07142857142857142,0.262265264156481,0.0032533256217466716,0.012099919605625634,0.4699233269556135,0.10273115960432064,0.07142857142857142,0.26226526415648105,0.041666666666666664,0.14433756729740643,0.4377197109452597,0.17365779321116429,0.19382152756984075,0.07503505769689212,0.024005892857011105,0.007062250738992598,0.7142857142857143,0.25197631533948484
ishizawa,stability_selection,uniform,32,0.012357282094124193,0.03130729927887801,0.07857142857142858,0.22502204477544113,0.007080235940530054,0.01817752452980357,0.4691554025456336,0.10194193316603091,0.1357142857142857,0.31176235692553905,0.0,0.0,0.4377412934161552,0.17342615322052132,0.1552659176729573,0.06389854721693225,0.025519925001260248,0.004699259191790063,0.5714285714285714,0.4241393401869012
ishizawa,stability_selection,uniform,48,0.0026455026455026428,0.01399868418552692,0.03571428571428571,0.1889822365046136,0.0013736263736263716,0.007268547557869743,0.46650968079539507,0.10359442507145257,0.07142857142857142,0.26226526415648105,0.0,0.0,0.4370668453040776,0.17338214928278003,0.13633126792673844,0.06262032885396285,0.031729835712342544,0.0078080158141114655,0.7857142857142857,0.25197631533948484
ishizawa,strong_heredity,uniform,16,0.06891835953347489,0.09301765753275952,0.12813794438099765,0.19787143232719154,0.05656690982735873,0.07692314500268216,0.4889926389024203,0.0970368041039646,0.3718620556190023,0.40685202324381664,0.0,0.0,0.4374018582638807,0.1738163243682793,0.1998005148020216,0.06910871340813929,0.00502569285630925,0.0018183686000794754,0.21938775510204084,0.3680496344512749
ishizawa,strong_heredity,uniform,24,0.03362824056825795,0.08387746569677342,0.0711473983532807,0.20824348761184083,0.029579865009431567,0.07334062244800836,0.4678293319516955,0.10418773772059355,0.10742403021814785,0.2725209462881301,0.06944444444444443,0.166034153315937,0.437403042914763,0.17373878840099743,0.1805901044303342,0.06450525084095171,0.005122553571189664,0.0020177864615892687,0.6428571428571429,0.23002185311411807
ishizawa,strong_heredity,uniform,32,0.08300813210321986,0.13890788041155905,0.1303195040093332,0.2299142719089448,0.08886553440539506,0.17159804976315152,0.48073574065736996,0.09927082396528827,0.29825192456209537,0.39035378940536886,0.06944444444444443,0.16603415331593696,0.4363542566634662,0.1752472021504373,0.1670284706311657,0.057368593906371675,0.00524382857111045,0.0018633928366583038,0.14285714285714285,0.2300218531141181
ishizawa,strong_heredity,uniform,48,0.0591736980406931,0.12862041510066943,0.14695746719740527,0.2910420725616984,0.06697522463776333,0.18619657972092069,0.4783698849766607,0.10252536862815882,0.17447110423116616,0.3225940735413871,0.0,0.0,0.4355988793285367,0.1745357846781642,0.14700018181161492,0.06104583650544185,0.004818857141279764,0.0010165733564939366,0.35714285714285715,0.3563483225498992
ishizawa,weak_heredity,uniform,16,0.1222014146935504,0.11508876259590847,0.20776544228756783,0.21047096445811583,0.10619733723448892,0.10433902116121467,0.5008002078592984,0.09219850845392012,0.685091700569575,0.31198441916248393,0.0,0.0,0.43732476027507994,0.17370970115262624,0.1969508944664829,0.07295852136210379,0.004483732141774657,0.0013185313586166832,0.0317408781694496,0.04264570640098001
ishizawa,weak_heredity,uniform,24,0.1028135113918757,0.1254707751495313,0.18191684867927102,0.2068123707202374,0.09192357779819078,0.132113479308811,0.48828830983346727,0.09412266622656089,0.5323688656064433,0.3828955357901329,0.09722222222222221,0.22982572815040817,0.43704663402271765,0.17407449901796024,0.1715702197836764,0.05639831887052588,0.005033699999330515,0.0019079653878049893,0.02506792947063883,0.045668004453602376
ishizawa,weak_heredity,uniform,32,0.17599126990148592,0.14561064900596346,0.21921892696603348,0.16929072318274424,0.18129307053455657,0.18852944871188387,0.47940222504288954,0.09867968306653359,0.6379239301768236,0.3011473390249024,0.20833333333333334,0.22613350843332272,0.4355905341968504,0.1749564338722579,0.1654900449796785,0.057483784700494645,0.005573146428235125,0.001756617690285787,0.0354659308440821,0.041126514769865515
ishizawa,weak_heredity,uniform,48,0.1777571930281497,0.1634206716097731,0.2734552877655198,0.2527475017312717,0.17539640012550226,0.20535979836963814,0.48824013255478205,0.10877005330927049,0.5836875693773373,0.3314236528191142,0.08333333333333333,0.19462473604038072,0.4320799631030687,0.17293515552835514,0.14763057785908665,0.056694304023024264,0.004796939287708829,0.0011217046954367345,0.0742040935527369,0.07218108586316145
