regime,method,adaptive_policy,primary_f1,precision,recall,average_precision,empirical_fdr,pure_hoi_recall,coefficient_rmse,response_rmse,runtime,seed_stability
low_snr_high_aliasing,ard_support,uniform,0.023411384755922568,0.06082128099173554,0.030755428781744566,0.3918754293004447,0.25736053719008267,0.25,0.3572232582785959,0.14112544701295854,0.059612227272406317,0.20454545454545456
low_snr_high_aliasing,combined_v1,uniform,0.18616371806797652,0.24749803242633586,0.17874285801917378,0.4222309273118381,0.752501967573664,0.25,0.3552221182915478,0.1697366918209082,0.0449365954555105,0.11402264363873446
low_snr_high_aliasing,elastic_net,hybrid_d25,0.23049299550052585,0.2839417106286429,0.2522351551956815,0.5140328931161515,0.7160582893713571,0.25,0.36208390395965057,0.19253994708119695,0.014551824999216478,0.14787075390598856
low_snr_high_aliasing,elastic_net,uniform,0.17054384470814837,0.19976401884017594,0.18827042840200733,0.4208891451299689,0.800235981159824,0.25,0.35681167158639726,0.1727091322198429,0.03430978181726949,0.1106518391913378
low_snr_high_aliasing,lasso,uniform,0.09882571091313284,0.1474341511932925,0.0864911554733536,0.4141105049734936,0.6252931215339802,0.0,0.35670121645934655,0.15402082509287915,0.015357068181567018,0.021776387362202408
low_snr_high_aliasing,lower_order_response,uniform,0.0,0.0,0.0,0.3925754610686117,0.0,0.0,0.3571180657380574,0.15437671300734054,0.01052792727304301,1.0
low_snr_high_aliasing,noise_weighted,uniform,0.17323548879413925,0.19811104530853393,0.18575096429198593,0.42029802108417014,0.801888954691466,0.0,0.3573228639141146,0.16898587743762605,0.03949053636328736,0.14629138140872447
low_snr_high_aliasing,omp,uniform,0.02776289541179823,0.10606060606060605,0.017140388850915164,0.39603379427189805,0.1212121212121212,0.0,0.3569925311546916,0.14091314628594995,0.011143550000931306,0.3181818181818182
low_snr_high_aliasing,order_penalty,row_cosine_v0,0.15345336785771785,0.22713726333748255,0.15292798743428992,0.39994246943304,0.6776246414244221,0.125,0.383301499966436,0.15833382377989702,0.021251250000204846,0.10815320116791856
low_snr_high_aliasing,order_penalty,uniform,0.1107108849907851,0.1678055278055278,0.10028796667728555,0.4166330103966229,0.7412853812853814,0.0,0.3556935082113275,0.15820060000164385,0.013672172729539718,0.030328845440522556
low_snr_high_aliasing,sparse_mobius_iht,row_cosine_v0,0.0045351473922902496,0.015873015873015872,0.0026455026455026454,0.38216900154277844,0.055555555555555546,0.0,0.3841332531488625,0.15432603471809508,0.01035809999822435,0.8571428571428571
low_snr_high_aliasing,sparse_mobius_iht,uniform,0.0,0.0,0.0,0.3941670067778045,0.045454545454545456,0.0,0.35740992072364103,0.12992347943541147,0.008552731817127783,0.7272727272727273
low_snr_high_aliasing,stability_fdr,uniform,0.0,0.0,0.0,0.3925754610686117,0.0,0.0,0.3571180657380574,0.181269777878764,0.04360676818297091,1.0
low_snr_high_aliasing,stability_pi60,uniform,0.00959595959595959,0.045454545454545456,0.005366161616161613,0.3978129727399469,0.22727272727272727,0.0,0.35692465965706865,0.15896302544138516,0.04645646818045692,0.38636363636363635
low_snr_high_aliasing,stability_selection,uniform,0.0101010101010101,0.045454545454545456,0.005681818181818182,0.39611532398347465,0.13636363636363635,0.0,0.3570267992997021,0.15570765463298522,0.04126199090982974,0.6818181818181818
low_snr_high_aliasing,strong_heredity,uniform,0.06579200636272367,0.1393349075167257,0.05259444288082058,0.40604861135242376,0.17884691066509248,0.0,0.356593318215138,0.1624520452932901,0.01432683181866935,0.3230519480519481
low_snr_high_aliasing,weak_heredity,uniform,0.09358871001420468,0.1393179823746239,0.08234252632472447,0.4178860195285364,0.6334092903526488,0.0,0.35667097078716886,0.15412708123852392,0.012978354543024113,0.01799547761538357
other,ard_support,d_optimal_rows,0.05991130950938798,0.13461202109951495,0.052514523754002264,0.4375711254782739,0.451325478900485,0.06944444444444443,0.4455898220062809,0.20906394757844043,0.189751860938486,0.15861434745238978
other,ard_support,uniform,0.08375343447290733,0.17027859979000867,0.10077839139882774,0.4502589664161115,0.44292894737980265,0.10507246376811594,0.46386971667691546,0.16665675345706787,0.30104278773659693,0.1495279989584421
other,combined_v1,d_optimal_rows,0.23976431131398582,0.24463958887566928,0.282458464945948,0.46563879350693876,0.7475479111243307,0.20138888888888887,0.4398382724837232,0.23534906992105206,0.08085753671957713,0.26735566595463306
other,combined_v1,uniform,0.1920002214957221,0.2248353610983566,0.22020669425563108,0.47488297378244465,0.7751646389016434,0.17753623188405795,0.45962578381106534,0.1829157585183641,0.11234534622712566,0.13203862736593777
other,elastic_net,d_optimal_rows,0.24763436582733966,0.244097136677506,0.2919094212836956,0.46519990984428206,0.755902863322494,0.20138888888888887,0.4400340022248084,0.25235664446529027,0.07813806640604067,0.2981284670401036
other,elastic_net,hybrid_d25,0.21212881110022042,0.24321425098153374,0.23349332496738284,0.4668890070312271,0.7567857490184662,0.23188405797101447,0.45270508497588363,0.18577100643653074,0.06974641982729925,0.14647911034628497
other,elastic_net,hybrid_d50,0.23555581242037157,0.24086173631000535,0.2909344960044578,0.46628827766181263,0.7591382636899946,0.2222222222222222,0.4423933445759115,0.1912936186321855,0.06561620312413652,0.19429844926128184
other,elastic_net,hybrid_d75,0.23228103717041712,0.23193968521890482,0.2846875555953657,0.46237082215159053,0.7680603147810952,0.2152777777777778,0.4410301375708589,0.20596314464070048,0.06662882343653109,0.22206211556564018
other,elastic_net,uniform,0.2209706156931384,0.24324058006074914,0.2562987960952211,0.4701109991289775,0.7567594199392509,0.28985507246376807,0.45875638593329976,0.18587181164568048,0.10094426698073355,0.15022077865834
other,lasso,uniform,0.15074018425462846,0.22638684386138197,0.14732745458583707,0.45744037026898265,0.7170093825537124,0.15579710144927536,0.46305905752685295,0.16514789452299317,0.03404597547135909,0.08316414094052046
other,lower_order_response,uniform,0.0,0.0,0.0,0.43018375610776743,0.0,0.0,0.46504455335261946,0.1622565119520151,0.017376165093803502,1.0
other,noise_weighted,d_optimal_rows,0.2359286179822141,0.24009039984906402,0.2800441667895228,0.4668573436984293,0.759909600150936,0.17708333333333334,0.43995369821901525,0.24016580012843053,0.08142002812542155,0.28971907702005856
other,noise_weighted,uniform,0.19874656838115407,0.22742948565649296,0.2291030645319009,0.467319611122262,0.772570514343507,0.16304347826086957,0.46061711281746526,0.1818044842233731,0.10681685094322393,0.1422898929056054
other,omp,uniform,0.039796696053327016,0.12245058400718778,0.026873182878936707,0.44145287316676546,0.5190588499550763,0.043478260869565216,0.4663578352085817,0.18437965966604475,0.017554853774578577,0.1330297424859023
other,order_penalty,d_optimal_rows,0.18963568116492444,0.24302907717502406,0.19901752541645873,0.46099128379280757,0.7179084228249759,0.1423611111111111,0.44405803138256633,0.20614958581174314,0.02771943125003413,0.18397077027278635
other,order_penalty,row_cosine_v0,0.21053846328624093,0.29366647082873865,0.21683483400264664,0.4746215286966761,0.6830777152177729,0.30833333333333335,0.47267524291901236,0.16565613360812703,0.038146191860547754,0.1522909703296236
other,order_penalty,uniform,0.15119771953391117,0.22278210265602796,0.1509073506926769,0.47016933000873556,0.7489160105515191,0.15942028985507245,0.46242354971736155,0.1665571564778437,0.03361828018922709,0.0898470815977046
other,sparse_mobius_iht,d_optimal_rows,0.006681887191755611,0.03136837121212121,0.004139489540333676,0.42658156020496696,0.09363162878787878,0.0,0.4465945711852689,0.18047745993255074,0.01530421953134459,0.765625
other,sparse_mobius_iht,row_cosine_v0,0.011903626979809819,0.03153629316420014,0.008420055716477342,0.44973285878773933,0.15451021846370683,0.0,0.47681873933159175,0.1634619710699991,0.019290443022835543,0.627906976744186
other,sparse_mobius_iht,uniform,0.011954908148792335,0.0434819897084048,0.008492962535254722,0.43480023768220183,0.12632933104631217,0.02898550724637681,0.4656097449856094,0.1698165908876618,0.019091154717486566,0.7169811320754716
other,stability_fdr,uniform,0.0006988120195667359,0.009433962264150943,0.00036284470246734343,0.4304602092144092,0.018867924528301886,0.0,0.46506197970401,0.19401559360686715,0.08212862075468465,0.9433962264150944
other,stability_pi60,uniform,0.015884139485204816,0.06582060497154837,0.010186351040810995,0.43870640464542077,0.2549341120095837,0.021739130434782608,0.4652117116655995,0.1749393873747673,0.08489186603813165,0.43301886792452826
other,stability_selection,uniform,0.005605207988524768,0.04905660377358491,0.0030924647377857236,0.4339864814145799,0.13018867924528302,0.010869565217391304,0.4652186960784733,0.17159868481990978,0.0844866981127745,0.6698113207547169
other,strong_heredity,uniform,0.052640223413112606,0.10154802934617727,0.0540161892679563,0.442982959611193,0.23807461216325668,0.03623188405797101,0.4642900936894537,0.17036833134767002,0.033173425470831325,0.38712938005390835
other,weak_heredity,uniform,0.1372875392329547,0.20860955333834297,0.13418070962502585,0.45502009592022097,0.6498810126993928,0.10144927536231883,0.4631150418870949,0.1669184672170038,0.0332707094347361,0.051924732485239204
