method,budget,design_seed,community_mask
uniform,16,101,0
uniform,16,101,1
uniform,16,101,3
uniform,16,101,5
uniform,16,101,6
uniform,16,101,8
uniform,16,101,12
uniform,16,101,17
uniform,16,101,27
uniform,16,101,29
uniform,16,101,31
uniform,16,101,32
uniform,16,101,34
uniform,16,101,47
uniform,16,101,58
uniform,16,101,60
uniform,16,202,0
uniform,16,202,3
uniform,16,202,6
uniform,16,202,7
uniform,16,202,9
uniform,16,202,12
uniform,16,202,18
uniform,16,202,23
uniform,16,202,24
uniform,16,202,27
uniform,16,202,39
uniform,16,202,42
uniform,16,202,45
uniform,16,202,56
uniform,16,202,58
uniform,16,202,61
uniform,16,303,0
uniform,16,303,7
uniform,16,303,11
uniform,16,303,16
uniform,16,303,22
uniform,16,303,31
uniform,16,303,33
uniform,16,303,37
uniform,16,303,43
uniform,16,303,44
uniform,16,303,46
uniform,16,303,47
uniform,16,303,53
uniform,16,303,59
uniform,16,303,60
uniform,16,303,61
uniform,16,404,0
uniform,16,404,1
uniform,16,404,3
uniform,16,404,12
uniform,16,404,14
uniform,16,404,28
uniform,16,404,29
uniform,16,404,37
uniform,16,404,44
uniform,16,404,46
uniform,16,404,47
uniform,16,404,51
uniform,16,404,53
uniform,16,404,54
uniform,16,404,60
uniform,16,404,62
D-opt,16,101,0
D-opt,16,101,27
D-opt,16,101,29
D-opt,16,101,30
D-opt,16,101,31
D-opt,16,101,39
D-opt,16,101,43
D-opt,16,101,45
D-opt,16,101,46
D-opt,16,101,47
D-opt,16,101,55
D-opt,16,101,59
D-opt,16,101,60
D-opt,16,101,61
D-opt,16,101,62
D-opt,16,101,63
D-opt,16,202,0
D-opt,16,202,15
D-opt,16,202,27
D-opt,16,202,31
D-opt,16,202,39
D-opt,16,202,43
D-opt,16,202,45
D-opt,16,202,46
D-opt,16,202,47
D-opt,16,202,51
D-opt,16,202,54
D-opt,16,202,55
D-opt,16,202,59
D-opt,16,202,61
D-opt,16,202,62
D-opt,16,202,63
D-opt,16,303,0
D-opt,16,303,29
D-opt,16,303,30
D-opt,16,303,31
D-opt,16,303,43
D-opt,16,303,47
D-opt,16,303,51
D-opt,16,303,53
D-opt,16,303,55
D-opt,16,303,57
D-opt,16,303,58
D-opt,16,303,59
D-opt,16,303,60
D-opt,16,303,61
D-opt,16,303,62
D-opt,16,303,63
D-opt,16,404,0
D-opt,16,404,15
D-opt,16,404,23
D-opt,16,404,29
D-opt,16,404,31
D-opt,16,404,43
D-opt,16,404,45
D-opt,16,404,47
D-opt,16,404,51
D-opt,16,404,53
D-opt,16,404,54
D-opt,16,404,55
D-opt,16,404,59
D-opt,16,404,61
D-opt,16,404,62
D-opt,16,404,63
hybrid_d50,16,101,0
hybrid_d50,16,101,4
hybrid_d50,16,101,9
hybrid_d50,16,101,21
hybrid_d50,16,101,27
hybrid_d50,16,101,31
hybrid_d50,16,101,32
hybrid_d50,16,101,42
hybrid_d50,16,101,45
hybrid_d50,16,101,47
hybrid_d50,16,101,48
hybrid_d50,16,101,55
hybrid_d50,16,101,59
hybrid_d50,16,101,61
hybrid_d50,16,101,62
hybrid_d50,16,101,63
hybrid_d50,16,202,0
hybrid_d50,16,202,11
hybrid_d50,16,202,13
hybrid_d50,16,202,17
hybrid_d50,16,202,31
hybrid_d50,16,202,33
hybrid_d50,16,202,41
hybrid_d50,16,202,44
hybrid_d50,16,202,47
hybrid_d50,16,202,55
hybrid_d50,16,202,56
hybrid_d50,16,202,57
hybrid_d50,16,202,59
hybrid_d50,16,202,61
hybrid_d50,16,202,62
hybrid_d50,16,202,63
hybrid_d50,16,303,0
hybrid_d50,16,303,7
hybrid_d50,16,303,10
hybrid_d50,16,303,19
hybrid_d50,16,303,21
hybrid_d50,16,303,28
hybrid_d50,16,303,31
hybrid_d50,16,303,40
hybrid_d50,16,303,47
hybrid_d50,16,303,52
hybrid_d50,16,303,53
hybrid_d50,16,303,55
hybrid_d50,16,303,59
hybrid_d50,16,303,61
hybrid_d50,16,303,62
hybrid_d50,16,303,63
hybrid_d50,16,404,0
hybrid_d50,16,404,12
hybrid_d50,16,404,14
hybrid_d50,16,404,15
hybrid_d50,16,404,17
hybrid_d50,16,404,28
hybrid_d50,16,404,31
hybrid_d50,16,404,41
hybrid_d50,16,404,42
hybrid_d50,16,404,43
hybrid_d50,16,404,47
hybrid_d50,16,404,55
hybrid_d50,16,404,59
hybrid_d50,16,404,61
hybrid_d50,16,404,62
hybrid_d50,16,404,63
HILS,16,1601,0
HILS,16,1601,22
HILS,16,1601,24
HILS,16,1601,30
HILS,16,1601,31
HILS,16,1601,39
HILS,16,1601,43
HILS,16,1601,45
HILS,16,1601,46
HILS,16,1601,47
HILS,16,1601,49
HILS,16,1601,52
HILS,16,1601,55
HILS,16,1601,58
HILS,16,1601,61
HILS,16,1601,63
DCD,16,1601,0
DCD,16,1601,10
DCD,16,1601,14
DCD,16,1601,29
DCD,16,1601,31
DCD,16,1601,38
DCD,16,1601,39
DCD,16,1601,42
DCD,16,1601,43
DCD,16,1601,45
DCD,16,1601,53
DCD,16,1601,54
DCD,16,1601,56
DCD,16,1601,60
DCD,16,1601,61
DCD,16,1601,63
candidate_symmetric,16,1601,0
candidate_symmetric,16,1601,3
candidate_symmetric,16,1601,7
candidate_symmetric,16,1601,16
candidate_symmetric,16,1601,18
candidate_symmetric,16,1601,20
candidate_symmetric,16,1601,26
candidate_symmetric,16,1601,28
candidate_symmetric,16,1601,30
candidate_symmetric,16,1601,31
candidate_symmetric,16,1601,35
candidate_symmetric,16,1601,45
candidate_symmetric,16,1601,51
candidate_symmetric,16,1601,56
candidate_symmetric,16,1601,59
candidate_symmetric,16,1601,63
candidate_target_aware,16,1601,0
candidate_target_aware,16,1601,3
candidate_target_aware,16,1601,5
candidate_target_aware,16,1601,6
candidate_target_aware,16,1601,8
candidate_target_aware,16,1601,10
candidate_target_aware,16,1601,15
candidate_target_aware,16,1601,16
candidate_target_aware,16,1601,27
candidate_target_aware,16,1601,29
candidate_target_aware,16,1601,32
candidate_target_aware,16,1601,47
candidate_target_aware,16,1601,48
candidate_target_aware,16,1601,52
candidate_target_aware,16,1601,54
candidate_target_aware,16,1601,60
candidate_no_singular,16,1601,0
candidate_no_singular,16,1601,3
candidate_no_singular,16,1601,5
candidate_no_singular,16,1601,8
candidate_no_singular,16,1601,12
candidate_no_singular,16,1601,17
candidate_no_singular,16,1601,19
candidate_no_singular,16,1601,20
candidate_no_singular,16,1601,29
candidate_no_singular,16,1601,30
candidate_no_singular,16,1601,32
candidate_no_singular,16,1601,34
candidate_no_singular,16,1601,46
candidate_no_singular,16,1601,48
candidate_no_singular,16,1601,56
candidate_no_singular,16,1601,60
candidate_full,16,1601,0
candidate_full,16,1601,27
candidate_full,16,1601,29
candidate_full,16,1601,30
candidate_full,16,1601,31
candidate_full,16,1601,38
candidate_full,16,1601,42
candidate_full,16,1601,43
candidate_full,16,1601,44
candidate_full,16,1601,45
candidate_full,16,1601,52
candidate_full,16,1601,56
candidate_full,16,1601,59
candidate_full,16,1601,60
candidate_full,16,1601,61
candidate_full,16,1601,63
uniform,24,101,0
uniform,24,101,1
uniform,24,101,3
uniform,24,101,5
uniform,24,101,6
uniform,24,101,8
uniform,24,101,12
uniform,24,101,17
uniform,24,101,19
uniform,24,101,20
uniform,24,101,22
uniform,24,101,24
uniform,24,101,27
uniform,24,101,29
uniform,24,101,31
uniform,24,101,32
uniform,24,101,34
uniform,24,101,36
uniform,24,101,47
uniform,24,101,49
uniform,24,101,50
uniform,24,101,58
uniform,24,101,59
uniform,24,101,60
uniform,24,202,0
uniform,24,202,3
uniform,24,202,6
uniform,24,202,7
uniform,24,202,8
uniform,24,202,9
uniform,24,202,12
uniform,24,202,13
uniform,24,202,18
uniform,24,202,23
uniform,24,202,24
uniform,24,202,27
uniform,24,202,38
uniform,24,202,39
uniform,24,202,41
uniform,24,202,42
uniform,24,202,44
uniform,24,202,45
uniform,24,202,52
uniform,24,202,53
uniform,24,202,56
uniform,24,202,58
uniform,24,202,61
uniform,24,202,62
uniform,24,303,0
uniform,24,303,7
uniform,24,303,8
uniform,24,303,11
uniform,24,303,16
uniform,24,303,22
uniform,24,303,25
uniform,24,303,27
uniform,24,303,29
uniform,24,303,30
uniform,24,303,31
uniform,24,303,33
uniform,24,303,36
uniform,24,303,37
uniform,24,303,38
uniform,24,303,43
uniform,24,303,44
uniform,24,303,46
uniform,24,303,47
uniform,24,303,52
uniform,24,303,53
uniform,24,303,59
uniform,24,303,60
uniform,24,303,61
uniform,24,404,0
uniform,24,404,1
uniform,24,404,2
uniform,24,404,3
uniform,24,404,6
uniform,24,404,9
uniform,24,404,11
uniform,24,404,12
uniform,24,404,14
uniform,24,404,20
uniform,24,404,28
uniform,24,404,29
uniform,24,404,31
uniform,24,404,36
uniform,24,404,37
uniform,24,404,44
uniform,24,404,46
uniform,24,404,47
uniform,24,404,48
uniform,24,404,51
uniform,24,404,53
uniform,24,404,54
uniform,24,404,60
uniform,24,404,62
D-opt,24,101,0
D-opt,24,101,13
D-opt,24,101,15
D-opt,24,101,23
D-opt,24,101,27
D-opt,24,101,29
D-opt,24,101,30
D-opt,24,101,31
D-opt,24,101,39
D-opt,24,101,43
D-opt,24,101,45
D-opt,24,101,46
D-opt,24,101,47
D-opt,24,101,51
D-opt,24,101,53
D-opt,24,101,54
D-opt,24,101,55
D-opt,24,101,57
D-opt,24,101,58
D-opt,24,101,59
D-opt,24,101,60
D-opt,24,101,61
D-opt,24,101,62
D-opt,24,101,63
D-opt,24,202,0
D-opt,24,202,15
D-opt,24,202,23
D-opt,24,202,27
D-opt,24,202,28
D-opt,24,202,29
D-opt,24,202,30
D-opt,24,202,31
D-opt,24,202,39
D-opt,24,202,43
D-opt,24,202,45
D-opt,24,202,46
D-opt,24,202,47
D-opt,24,202,51
D-opt,24,202,53
D-opt,24,202,54
D-opt,24,202,55
D-opt,24,202,57
D-opt,24,202,58
D-opt,24,202,59
D-opt,24,202,60
D-opt,24,202,61
D-opt,24,202,62
D-opt,24,202,63
D-opt,24,303,0
D-opt,24,303,15
D-opt,24,303,23
D-opt,24,303,27
D-opt,24,303,29
D-opt,24,303,30
D-opt,24,303,31
D-opt,24,303,37
D-opt,24,303,39
D-opt,24,303,43
D-opt,24,303,45
D-opt,24,303,46
D-opt,24,303,47
D-opt,24,303,51
D-opt,24,303,53
D-opt,24,303,54
D-opt,24,303,55
D-opt,24,303,57
D-opt,24,303,58
D-opt,24,303,59
D-opt,24,303,60
D-opt,24,303,61
D-opt,24,303,62
D-opt,24,303,63
D-opt,24,404,0
D-opt,24,404,11
D-opt,24,404,15
D-opt,24,404,23
D-opt,24,404,27
D-opt,24,404,29
D-opt,24,404,30
D-opt,24,404,31
D-opt,24,404,39
D-opt,24,404,43
D-opt,24,404,45
D-opt,24,404,46
D-opt,24,404,47
D-opt,24,404,51
D-opt,24,404,53
D-opt,24,404,54
D-opt,24,404,55
D-opt,24,404,57
D-opt,24,404,58
D-opt,24,404,59
D-opt,24,404,60
D-opt,24,404,61
D-opt,24,404,62
D-opt,24,404,63
hybrid_d50,24,101,0
hybrid_d50,24,101,4
hybrid_d50,24,101,10
hybrid_d50,24,101,13
hybrid_d50,24,101,14
hybrid_d50,24,101,16
hybrid_d50,24,101,18
hybrid_d50,24,101,21
hybrid_d50,24,101,27
hybrid_d50,24,101,29
hybrid_d50,24,101,30
hybrid_d50,24,101,31
hybrid_d50,24,101,40
hybrid_d50,24,101,43
hybrid_d50,24,101,45
hybrid_d50,24,101,46
hybrid_d50,24,101,47
hybrid_d50,24,101,51
hybrid_d50,24,101,53
hybrid_d50,24,101,55
hybrid_d50,24,101,59
hybrid_d50,24,101,61
hybrid_d50,24,101,62
hybrid_d50,24,101,63
hybrid_d50,24,202,0
hybrid_d50,24,202,6
hybrid_d50,24,202,11
hybrid_d50,24,202,12
hybrid_d50,24,202,13
hybrid_d50,24,202,15
hybrid_d50,24,202,18
hybrid_d50,24,202,20
hybrid_d50,24,202,31
hybrid_d50,24,202,33
hybrid_d50,24,202,35
hybrid_d50,24,202,37
hybrid_d50,24,202,39
hybrid_d50,24,202,43
hybrid_d50,24,202,45
hybrid_d50,24,202,46
hybrid_d50,24,202,47
hybrid_d50,24,202,54
hybrid_d50,24,202,55
hybrid_d50,24,202,57
hybrid_d50,24,202,59
hybrid_d50,24,202,61
hybrid_d50,24,202,62
hybrid_d50,24,202,63
hybrid_d50,24,303,0
hybrid_d50,24,303,7
hybrid_d50,24,303,10
hybrid_d50,24,303,13
hybrid_d50,24,303,19
hybrid_d50,24,303,20
hybrid_d50,24,303,21
hybrid_d50,24,303,23
hybrid_d50,24,303,30
hybrid_d50,24,303,31
hybrid_d50,24,303,34
hybrid_d50,24,303,39
hybrid_d50,24,303,47
hybrid_d50,24,303,49
hybrid_d50,24,303,51
hybrid_d50,24,303,52
hybrid_d50,24,303,53
hybrid_d50,24,303,55
hybrid_d50,24,303,56
hybrid_d50,24,303,58
hybrid_d50,24,303,59
hybrid_d50,24,303,61
hybrid_d50,24,303,62
hybrid_d50,24,303,63
hybrid_d50,24,404,0
hybrid_d50,24,404,4
hybrid_d50,24,404,12
hybrid_d50,24,404,13
hybrid_d50,24,404,14
hybrid_d50,24,404,15
hybrid_d50,24,404,17
hybrid_d50,24,404,19
hybrid_d50,24,404,24
hybrid_d50,24,404,29
hybrid_d50,24,404,31
hybrid_d50,24,404,32
hybrid_d50,24,404,40
hybrid_d50,24,404,42
hybrid_d50,24,404,45
hybrid_d50,24,404,46
hybrid_d50,24,404,47
hybrid_d50,24,404,51
hybrid_d50,24,404,53
hybrid_d50,24,404,55
hybrid_d50,24,404,59
hybrid_d50,24,404,61
hybrid_d50,24,404,62
hybrid_d50,24,404,63
HILS,24,1601,0
HILS,24,1601,1
HILS,24,1601,3
HILS,24,1601,5
HILS,24,1601,6
HILS,24,1601,8
HILS,24,1601,12
HILS,24,1601,17
HILS,24,1601,19
HILS,24,1601,22
HILS,24,1601,24
HILS,24,1601,26
HILS,24,1601,27
HILS,24,1601,28
HILS,24,1601,31
HILS,24,1601,32
HILS,24,1601,34
HILS,24,1601,47
HILS,24,1601,48
HILS,24,1601,49
HILS,24,1601,50
HILS,24,1601,58
HILS,24,1601,59
HILS,24,1601,63
DCD,24,1601,0
DCD,24,1601,7
DCD,24,1601,10
DCD,24,1601,14
DCD,24,1601,17
DCD,24,1601,24
DCD,24,1601,25
DCD,24,1601,28
DCD,24,1601,29
DCD,24,1601,31
DCD,24,1601,38
DCD,24,1601,39
DCD,24,1601,40
DCD,24,1601,42
DCD,24,1601,43
DCD,24,1601,44
DCD,24,1601,45
DCD,24,1601,53
DCD,24,1601,54
DCD,24,1601,57
DCD,24,1601,60
DCD,24,1601,61
DCD,24,1601,62
DCD,24,1601,63
candidate_symmetric,24,1601,0
candidate_symmetric,24,1601,1
candidate_symmetric,24,1601,3
candidate_symmetric,24,1601,5
candidate_symmetric,24,1601,6
candidate_symmetric,24,1601,8
candidate_symmetric,24,1601,17
candidate_symmetric,24,1601,19
candidate_symmetric,24,1601,20
candidate_symmetric,24,1601,22
candidate_symmetric,24,1601,24
candidate_symmetric,24,1601,26
candidate_symmetric,24,1601,27
candidate_symmetric,24,1601,28
candidate_symmetric,24,1601,29
candidate_symmetric,24,1601,31
candidate_symmetric,24,1601,32
candidate_symmetric,24,1601,34
candidate_symmetric,24,1601,36
candidate_symmetric,24,1601,45
candidate_symmetric,24,1601,49
candidate_symmetric,24,1601,51
candidate_symmetric,24,1601,59
candidate_symmetric,24,1601,63
candidate_target_aware,24,1601,0
candidate_target_aware,24,1601,1
candidate_target_aware,24,1601,5
candidate_target_aware,24,1601,6
candidate_target_aware,24,1601,8
candidate_target_aware,24,1601,12
candidate_target_aware,24,1601,16
candidate_target_aware,24,1601,19
candidate_target_aware,24,1601,20
candidate_target_aware,24,1601,22
candidate_target_aware,24,1601,24
candidate_target_aware,24,1601,26
candidate_target_aware,24,1601,27
candidate_target_aware,24,1601,29
candidate_target_aware,24,1601,31
candidate_target_aware,24,1601,32
candidate_target_aware,24,1601,36
candidate_target_aware,24,1601,45
candidate_target_aware,24,1601,48
candidate_target_aware,24,1601,49
candidate_target_aware,24,1601,50
candidate_target_aware,24,1601,57
candidate_target_aware,24,1601,59
candidate_target_aware,24,1601,63
candidate_no_singular,24,1601,0
candidate_no_singular,24,1601,3
candidate_no_singular,24,1601,5
candidate_no_singular,24,1601,6
candidate_no_singular,24,1601,12
candidate_no_singular,24,1601,16
candidate_no_singular,24,1601,17
candidate_no_singular,24,1601,19
candidate_no_singular,24,1601,20
candidate_no_singular,24,1601,22
candidate_no_singular,24,1601,24
candidate_no_singular,24,1601,27
candidate_no_singular,24,1601,28
candidate_no_singular,24,1601,32
candidate_no_singular,24,1601,33
candidate_no_singular,24,1601,34
candidate_no_singular,24,1601,41
candidate_no_singular,24,1601,44
candidate_no_singular,24,1601,48
candidate_no_singular,24,1601,49
candidate_no_singular,24,1601,50
candidate_no_singular,24,1601,51
candidate_no_singular,24,1601,59
candidate_no_singular,24,1601,60
candidate_full,24,1601,0
candidate_full,24,1601,3
candidate_full,24,1601,5
candidate_full,24,1601,6
candidate_full,24,1601,8
candidate_full,24,1601,10
candidate_full,24,1601,12
candidate_full,24,1601,13
candidate_full,24,1601,17
candidate_full,24,1601,19
candidate_full,24,1601,20
candidate_full,24,1601,24
candidate_full,24,1601,27
candidate_full,24,1601,29
candidate_full,24,1601,31
candidate_full,24,1601,34
candidate_full,24,1601,36
candidate_full,24,1601,44
candidate_full,24,1601,47
candidate_full,24,1601,48
candidate_full,24,1601,49
candidate_full,24,1601,58
candidate_full,24,1601,59
candidate_full,24,1601,63
uniform,32,101,0
uniform,32,101,1
uniform,32,101,3
uniform,32,101,5
uniform,32,101,6
uniform,32,101,8
uniform,32,101,11
uniform,32,101,12
uniform,32,101,17
uniform,32,101,19
uniform,32,101,20
uniform,32,101,22
uniform,32,101,24
uniform,32,101,27
uniform,32,101,29
uniform,32,101,31
uniform,32,101,32
uniform,32,101,34
uniform,32,101,35
uniform,32,101,36
uniform,32,101,40
uniform,32,101,44
uniform,32,101,46
uniform,32,101,47
uniform,32,101,49
uniform,32,101,50
uniform,32,101,52
uniform,32,101,54
uniform,32,101,56
uniform,32,101,58
uniform,32,101,59
uniform,32,101,60
uniform,32,202,0
uniform,32,202,3
uniform,32,202,6
uniform,32,202,7
uniform,32,202,8
uniform,32,202,9
uniform,32,202,10
uniform,32,202,12
uniform,32,202,13
uniform,32,202,16
uniform,32,202,17
uniform,32,202,18
uniform,32,202,22
uniform,32,202,23
uniform,32,202,24
uniform,32,202,27
uniform,32,202,28
uniform,32,202,33
uniform,32,202,38
uniform,32,202,39
uniform,32,202,41
uniform,32,202,42
uniform,32,202,44
uniform,32,202,45
uniform,32,202,52
uniform,32,202,53
uniform,32,202,56
uniform,32,202,57
uniform,32,202,58
uniform,32,202,59
uniform,32,202,61
uniform,32,202,62
uniform,32,303,0
uniform,32,303,2
uniform,32,303,7
uniform,32,303,8
uniform,32,303,10
uniform,32,303,11
uniform,32,303,16
uniform,32,303,17
uniform,32,303,19
uniform,32,303,22
uniform,32,303,23
uniform,32,303,25
uniform,32,303,27
uniform,32,303,29
uniform,32,303,30
uniform,32,303,31
uniform,32,303,33
uniform,32,303,34
uniform,32,303,36
uniform,32,303,37
uniform,32,303,38
uniform,32,303,39
uniform,32,303,43
uniform,32,303,44
uniform,32,303,46
uniform,32,303,47
uniform,32,303,52
uniform,32,303,53
uniform,32,303,54
uniform,32,303,59
uniform,32,303,60
uniform,32,303,61
uniform,32,404,0
uniform,32,404,1
uniform,32,404,2
uniform,32,404,3
uniform,32,404,6
uniform,32,404,8
uniform,32,404,9
uniform,32,404,11
uniform,32,404,12
uniform,32,404,14
uniform,32,404,20
uniform,32,404,22
uniform,32,404,23
uniform,32,404,24
uniform,32,404,28
uniform,32,404,29
uniform,32,404,31
uniform,32,404,35
uniform,32,404,36
uniform,32,404,37
uniform,32,404,41
uniform,32,404,42
uniform,32,404,44
uniform,32,404,46
uniform,32,404,47
uniform,32,404,48
uniform,32,404,51
uniform,32,404,53
uniform,32,404,54
uniform,32,404,60
uniform,32,404,62
uniform,32,404,63
D-opt,32,101,0
D-opt,32,101,7
D-opt,32,101,11
D-opt,32,101,13
D-opt,32,101,15
D-opt,32,101,22
D-opt,32,101,23
D-opt,32,101,27
D-opt,32,101,28
D-opt,32,101,29
D-opt,32,101,30
D-opt,32,101,31
D-opt,32,101,39
D-opt,32,101,41
D-opt,32,101,42
D-opt,32,101,43
D-opt,32,101,44
D-opt,32,101,45
D-opt,32,101,46
D-opt,32,101,47
D-opt,32,101,50
D-opt,32,101,51
D-opt,32,101,53
D-opt,32,101,54
D-opt,32,101,55
D-opt,32,101,57
D-opt,32,101,58
D-opt,32,101,59
D-opt,32,101,60
D-opt,32,101,61
D-opt,32,101,62
D-opt,32,101,63
D-opt,32,202,0
D-opt,32,202,15
D-opt,32,202,21
D-opt,32,202,23
D-opt,32,202,25
D-opt,32,202,26
D-opt,32,202,27
D-opt,32,202,28
D-opt,32,202,29
D-opt,32,202,30
D-opt,32,202,31
D-opt,32,202,37
D-opt,32,202,38
D-opt,32,202,39
D-opt,32,202,43
D-opt,32,202,44
D-opt,32,202,45
D-opt,32,202,46
D-opt,32,202,47
D-opt,32,202,49
D-opt,32,202,51
D-opt,32,202,53
D-opt,32,202,54
D-opt,32,202,55
D-opt,32,202,56
D-opt,32,202,57
D-opt,32,202,58
D-opt,32,202,59
D-opt,32,202,60
D-opt,32,202,61
D-opt,32,202,62
D-opt,32,202,63
D-opt,32,303,0
D-opt,32,303,7
D-opt,32,303,11
D-opt,32,303,13
D-opt,32,303,15
D-opt,32,303,21
D-opt,32,303,22
D-opt,32,303,23
D-opt,32,303,27
D-opt,32,303,29
D-opt,32,303,30
D-opt,32,303,31
D-opt,32,303,37
D-opt,32,303,39
D-opt,32,303,43
D-opt,32,303,45
D-opt,32,303,46
D-opt,32,303,47
D-opt,32,303,50
D-opt,32,303,51
D-opt,32,303,52
D-opt,32,303,53
D-opt,32,303,54
D-opt,32,303,55
D-opt,32,303,56
D-opt,32,303,57
D-opt,32,303,58
D-opt,32,303,59
D-opt,32,303,60
D-opt,32,303,61
D-opt,32,303,62
D-opt,32,303,63
D-opt,32,404,0
D-opt,32,404,7
D-opt,32,404,11
D-opt,32,404,14
D-opt,32,404,15
D-opt,32,404,23
D-opt,32,404,25
D-opt,32,404,27
D-opt,32,404,28
D-opt,32,404,29
D-opt,32,404,30
D-opt,32,404,31
D-opt,32,404,38
D-opt,32,404,39
D-opt,32,404,43
D-opt,32,404,44
D-opt,32,404,45
D-opt,32,404,46
D-opt,32,404,47
D-opt,32,404,50
D-opt,32,404,51
D-opt,32,404,53
D-opt,32,404,54
D-opt,32,404,55
D-opt,32,404,56
D-opt,32,404,57
D-opt,32,404,58
D-opt,32,404,59
D-opt,32,404,60
D-opt,32,404,61
D-opt,32,404,62
D-opt,32,404,63
hybrid_d50,32,101,0
hybrid_d50,32,101,4
hybrid_d50,32,101,9
hybrid_d50,32,101,10
hybrid_d50,32,101,13
hybrid_d50,32,101,14
hybrid_d50,32,101,16
hybrid_d50,32,101,18
hybrid_d50,32,101,27
hybrid_d50,32,101,28
hybrid_d50,32,101,29
hybrid_d50,32,101,30
hybrid_d50,32,101,31
hybrid_d50,32,101,37
hybrid_d50,32,101,39
hybrid_d50,32,101,40
hybrid_d50,32,101,43
hybrid_d50,32,101,45
hybrid_d50,32,101,46
hybrid_d50,32,101,47
hybrid_d50,32,101,48
hybrid_d50,32,101,49
hybrid_d50,32,101,50
hybrid_d50,32,101,52
hybrid_d50,32,101,54
hybrid_d50,32,101,55
hybrid_d50,32,101,56
hybrid_d50,32,101,59
hybrid_d50,32,101,60
hybrid_d50,32,101,61
hybrid_d50,32,101,62
hybrid_d50,32,101,63
hybrid_d50,32,202,0
hybrid_d50,32,202,6
hybrid_d50,32,202,8
hybrid_d50,32,202,11
hybrid_d50,32,202,12
hybrid_d50,32,202,13
hybrid_d50,32,202,15
hybrid_d50,32,202,18
hybrid_d50,32,202,20
hybrid_d50,32,202,27
hybrid_d50,32,202,30
hybrid_d50,32,202,31
hybrid_d50,32,202,33
hybrid_d50,32,202,34
hybrid_d50,32,202,35
hybrid_d50,32,202,39
hybrid_d50,32,202,40
hybrid_d50,32,202,41
hybrid_d50,32,202,43
hybrid_d50,32,202,44
hybrid_d50,32,202,45
hybrid_d50,32,202,46
hybrid_d50,32,202,47
hybrid_d50,32,202,50
hybrid_d50,32,202,51
hybrid_d50,32,202,54
hybrid_d50,32,202,55
hybrid_d50,32,202,56
hybrid_d50,32,202,59
hybrid_d50,32,202,61
hybrid_d50,32,202,62
hybrid_d50,32,202,63
hybrid_d50,32,303,0
hybrid_d50,32,303,7
hybrid_d50,32,303,13
hybrid_d50,32,303,14
hybrid_d50,32,303,19
hybrid_d50,32,303,20
hybrid_d50,32,303,21
hybrid_d50,32,303,23
hybrid_d50,32,303,25
hybrid_d50,32,303,26
hybrid_d50,32,303,29
hybrid_d50,32,303,30
hybrid_d50,32,303,31
hybrid_d50,32,303,34
hybrid_d50,32,303,35
hybrid_d50,32,303,38
hybrid_d50,32,303,42
hybrid_d50,32,303,43
hybrid_d50,32,303,46
hybrid_d50,32,303,47
hybrid_d50,32,303,49
hybrid_d50,32,303,51
hybrid_d50,32,303,52
hybrid_d50,32,303,53
hybrid_d50,32,303,55
hybrid_d50,32,303,57
hybrid_d50,32,303,58
hybrid_d50,32,303,59
hybrid_d50,32,303,60
hybrid_d50,32,303,61
hybrid_d50,32,303,62
hybrid_d50,32,303,63
hybrid_d50,32,404,0
hybrid_d50,32,404,1
hybrid_d50,32,404,4
hybrid_d50,32,404,12
hybrid_d50,32,404,13
hybrid_d50,32,404,14
hybrid_d50,32,404,15
hybrid_d50,32,404,16
hybrid_d50,32,404,17
hybrid_d50,32,404,18
hybrid_d50,32,404,20
hybrid_d50,32,404,23
hybrid_d50,32,404,28
hybrid_d50,32,404,29
hybrid_d50,32,404,31
hybrid_d50,32,404,33
hybrid_d50,32,404,34
hybrid_d50,32,404,39
hybrid_d50,32,404,42
hybrid_d50,32,404,43
hybrid_d50,32,404,45
hybrid_d50,32,404,47
hybrid_d50,32,404,48
hybrid_d50,32,404,51
hybrid_d50,32,404,53
hybrid_d50,32,404,54
hybrid_d50,32,404,55
hybrid_d50,32,404,57
hybrid_d50,32,404,59
hybrid_d50,32,404,61
hybrid_d50,32,404,62
hybrid_d50,32,404,63
HILS,32,1601,0
HILS,32,1601,11
HILS,32,1601,13
HILS,32,1601,15
HILS,32,1601,22
HILS,32,1601,23
HILS,32,1601,24
HILS,32,1601,27
HILS,32,1601,28
HILS,32,1601,30
HILS,32,1601,31
HILS,32,1601,35
HILS,32,1601,39
HILS,32,1601,41
HILS,32,1601,42
HILS,32,1601,43
HILS,32,1601,44
HILS,32,1601,45
HILS,32,1601,46
HILS,32,1601,49
HILS,32,1601,50
HILS,32,1601,51
HILS,32,1601,53
HILS,32,1601,54
HILS,32,1601,55
HILS,32,1601,57
HILS,32,1601,58
HILS,32,1601,59
HILS,32,1601,60
HILS,32,1601,61
HILS,32,1601,62
HILS,32,1601,63
DCD,32,1601,0
DCD,32,1601,5
DCD,32,1601,8
DCD,32,1601,9
DCD,32,1601,10
DCD,32,1601,12
DCD,32,1601,13
DCD,32,1601,14
DCD,32,1601,16
DCD,32,1601,17
DCD,32,1601,20
DCD,32,1601,21
DCD,32,1601,22
DCD,32,1601,24
DCD,32,1601,26
DCD,32,1601,28
DCD,32,1601,31
DCD,32,1601,35
DCD,32,1601,37
DCD,32,1601,38
DCD,32,1601,39
DCD,32,1601,40
DCD,32,1601,41
DCD,32,1601,42
DCD,32,1601,43
DCD,32,1601,45
DCD,32,1601,52
DCD,32,1601,53
DCD,32,1601,54
DCD,32,1601,57
DCD,32,1601,60
DCD,32,1601,61
candidate_symmetric,32,1601,0
candidate_symmetric,32,1601,7
candidate_symmetric,32,1601,11
candidate_symmetric,32,1601,13
candidate_symmetric,32,1601,15
candidate_symmetric,32,1601,22
candidate_symmetric,32,1601,23
candidate_symmetric,32,1601,27
candidate_symmetric,32,1601,28
candidate_symmetric,32,1601,29
candidate_symmetric,32,1601,30
candidate_symmetric,32,1601,31
candidate_symmetric,32,1601,39
candidate_symmetric,32,1601,41
candidate_symmetric,32,1601,42
candidate_symmetric,32,1601,43
candidate_symmetric,32,1601,44
candidate_symmetric,32,1601,45
candidate_symmetric,32,1601,46
candidate_symmetric,32,1601,47
candidate_symmetric,32,1601,50
candidate_symmetric,32,1601,51
candidate_symmetric,32,1601,53
candidate_symmetric,32,1601,54
candidate_symmetric,32,1601,55
candidate_symmetric,32,1601,57
candidate_symmetric,32,1601,58
candidate_symmetric,32,1601,59
candidate_symmetric,32,1601,60
candidate_symmetric,32,1601,61
candidate_symmetric,32,1601,62
candidate_symmetric,32,1601,63
candidate_target_aware,32,1601,0
candidate_target_aware,32,1601,1
candidate_target_aware,32,1601,2
candidate_target_aware,32,1601,5
candidate_target_aware,32,1601,6
candidate_target_aware,32,1601,8
candidate_target_aware,32,1601,10
candidate_target_aware,32,1601,12
candidate_target_aware,32,1601,17
candidate_target_aware,32,1601,19
candidate_target_aware,32,1601,20
candidate_target_aware,32,1601,22
candidate_target_aware,32,1601,23
candidate_target_aware,32,1601,28
candidate_target_aware,32,1601,33
candidate_target_aware,32,1601,34
candidate_target_aware,32,1601,35
candidate_target_aware,32,1601,36
candidate_target_aware,32,1601,38
candidate_target_aware,32,1601,40
candidate_target_aware,32,1601,41
candidate_target_aware,32,1601,42
candidate_target_aware,32,1601,43
candidate_target_aware,32,1601,44
candidate_target_aware,32,1601,46
candidate_target_aware,32,1601,47
candidate_target_aware,32,1601,49
candidate_target_aware,32,1601,52
candidate_target_aware,32,1601,54
candidate_target_aware,32,1601,58
candidate_target_aware,32,1601,59
candidate_target_aware,32,1601,60
candidate_no_singular,32,1601,0
candidate_no_singular,32,1601,1
candidate_no_singular,32,1601,3
candidate_no_singular,32,1601,4
candidate_no_singular,32,1601,5
candidate_no_singular,32,1601,6
candidate_no_singular,32,1601,8
candidate_no_singular,32,1601,10
candidate_no_singular,32,1601,11
candidate_no_singular,32,1601,12
candidate_no_singular,32,1601,16
candidate_no_singular,32,1601,17
candidate_no_singular,32,1601,19
candidate_no_singular,32,1601,22
candidate_no_singular,32,1601,24
candidate_no_singular,32,1601,25
candidate_no_singular,32,1601,27
candidate_no_singular,32,1601,28
candidate_no_singular,32,1601,34
candidate_no_singular,32,1601,35
candidate_no_singular,32,1601,36
candidate_no_singular,32,1601,38
candidate_no_singular,32,1601,43
candidate_no_singular,32,1601,44
candidate_no_singular,32,1601,46
candidate_no_singular,32,1601,47
candidate_no_singular,32,1601,48
candidate_no_singular,32,1601,50
candidate_no_singular,32,1601,54
candidate_no_singular,32,1601,56
candidate_no_singular,32,1601,58
candidate_no_singular,32,1601,60
candidate_full,32,1601,0
candidate_full,32,1601,5
candidate_full,32,1601,7
candidate_full,32,1601,10
candidate_full,32,1601,11
candidate_full,32,1601,15
candidate_full,32,1601,22
candidate_full,32,1601,23
candidate_full,32,1601,26
candidate_full,32,1601,28
candidate_full,32,1601,29
candidate_full,32,1601,30
candidate_full,32,1601,31
candidate_full,32,1601,34
candidate_full,32,1601,39
candidate_full,32,1601,40
candidate_full,32,1601,41
candidate_full,32,1601,42
candidate_full,32,1601,43
candidate_full,32,1601,44
candidate_full,32,1601,45
candidate_full,32,1601,49
candidate_full,32,1601,50
candidate_full,32,1601,52
candidate_full,32,1601,53
candidate_full,32,1601,54
candidate_full,32,1601,57
candidate_full,32,1601,58
candidate_full,32,1601,60
candidate_full,32,1601,61
candidate_full,32,1601,62
candidate_full,32,1601,63
