method,budget,design_seed,rank_full,rank_low,rank_target,rank_residual_target,zero_target_columns,zero_residual_target_columns,target_target_alias_pairs,target_low_alias_pairs,target_coherence,residual_target_coherence,residual_restricted_min_sv,residual_nullity,q1_tested,q1_dependent,q1_dependent_rate,q2_tested,q2_dependent,q2_dependent_rate,q3_tested,q3_dependent,q3_dependent_rate,q4_tested,q4_dependent,q4_dependent_rate,target_kkt_mean,target_kkt_cvar20,integrated_singular_fraction
uniform,16,101,15,15,6,0,10,42,94,13,1.0,1.0,7.016958488134768e-18,42,42,10,0.23809523809523808,861,414,0.4808362369337979,11480,8004,0.697212543554007,128,105,0.8203125,0.0,0.0,0.8611111111111112
uniform,16,202,15,15,9,0,13,42,118,4,1.0,1.0,2.749435610995776e-18,42,42,13,0.30952380952380953,861,495,0.5749128919860628,11480,8836,0.7696864111498258,128,111,0.8671875,0.0078125,0.0,0.8333333333333334
uniform,16,303,15,15,13,0,4,42,21,1,1.0000000000000002,1.0,3.7364180825317875e-17,42,42,4,0.09523809523809523,861,173,0.20092915214866433,11480,3661,0.31890243902439025,128,59,0.4609375,0.0008680555555555555,0.0,0.7222222222222222
uniform,16,404,15,15,12,0,8,42,67,5,1.0000000000000002,1.0,1.988870468452701e-17,42,42,8,0.19047619047619047,861,339,0.39372822299651566,11480,6664,0.5804878048780487,128,85,0.6640625,0.0008680555555555555,0.0,0.8333333333333334
D-opt,16,101,15,15,15,0,0,42,0,0,0.8944271909999159,1.0,1.1395225986947537e-16,42,42,0,0.0,861,0,0.0,11480,0,0.0,128,0,0.0,0.0008680555555555555,0.0,0.25
D-opt,16,202,15,15,15,0,0,42,0,0,0.8944271909999159,1.0,1.7983298951922555e-16,42,42,0,0.0,861,0,0.0,11480,0,0.0,128,0,0.0,0.003472222222222222,0.0,0.16666666666666666
D-opt,16,303,15,15,15,0,0,42,0,0,0.8944271909999159,1.0,2.856229614216637e-16,42,42,0,0.0,861,0,0.0,11480,0,0.0,128,0,0.0,0.0026041666666666665,0.0,0.19444444444444445
D-opt,16,404,15,15,15,0,0,42,0,0,0.8944271909999159,1.0,1.7874506751723128e-16,42,42,0,0.0,861,0,0.0,11480,0,0.0,128,0,0.0,0.004340277777777778,0.0,0.19444444444444445
hybrid_d50,16,101,15,15,11,0,0,42,0,0,0.8944271909999159,1.0,6.067215638371332e-17,42,42,0,0.0,861,0,0.0,11480,0,0.0,128,2,0.015625,0.0008680555555555555,0.0,0.4166666666666667
hybrid_d50,16,202,15,15,13,0,0,42,0,0,0.8944271909999159,1.0,7.38448112079898e-17,42,42,0,0.0,861,0,0.0,11480,0,0.0,128,1,0.0078125,0.003472222222222222,0.0,0.4166666666666667
hybrid_d50,16,303,15,15,13,0,0,42,0,0,0.8944271909999159,1.0,7.532779653877829e-17,42,42,0,0.0,861,0,0.0,11480,0,0.0,128,0,0.0,0.0026041666666666665,0.0,0.2777777777777778
hybrid_d50,16,404,15,15,13,0,0,42,0,0,0.8944271909999159,1.0,9.030459312038554e-17,42,42,0,0.0,861,0,0.0,11480,0,0.0,128,1,0.0078125,0.003472222222222222,0.0,0.3888888888888889
HILS,16,1601,15,15,14,0,0,42,12,0,1.0000000000000002,1.0,1.0898533426172268e-16,42,42,0,0.0,861,12,0.013937282229965157,11480,474,0.041289198606271775,128,15,0.1171875,0.024305555555555556,0.0,0.5
DCD,16,1601,15,15,14,0,0,42,53,2,1.0000000000000002,1.0,1.2461026884040153e-16,42,42,0,0.0,861,53,0.06155632984901278,11480,1938,0.16881533101045296,128,49,0.3828125,0.017361111111111112,0.0,0.6388888888888888
candidate_symmetric,16,1601,15,15,11,0,0,42,98,6,1.0000000000000002,1.0,1.8276327070279685e-18,42,42,0,0.0,861,98,0.11382113821138211,11480,3432,0.29895470383275263,128,64,0.5,0.05295138888888889,0.0,0.75
candidate_target_aware,16,1601,15,15,7,0,13,42,125,12,1.0,1.0,6.1442236841999975e-18,42,42,13,0.30952380952380953,861,502,0.5830429732868757,11480,8991,0.7831881533101045,128,116,0.90625,0.043402777777777776,0.0,0.8333333333333334
candidate_no_singular,16,1601,15,15,6,0,25,42,313,32,1.0,1.0,2.4383278124726246e-17,42,42,25,0.5952380952380952,861,738,0.8571428571428571,11480,10998,0.9580139372822299,128,127,0.9921875,0.026041666666666668,0.0,0.9722222222222222
candidate_full,16,1601,15,15,15,0,0,42,42,5,1.0000000000000002,1.0,7.67297963596206e-17,42,42,0,0.0,861,42,0.04878048780487805,11480,1592,0.13867595818815331,128,39,0.3046875,0.036458333333333336,0.0,0.6388888888888888
uniform,24,101,23,21,11,2,6,9,44,0,1.0,1.0000000000000004,0.6352080326020688,40,42,6,0.14285714285714285,861,260,0.30197444831591175,11480,5428,0.47282229965156797,128,78,0.609375,0.0026041666666666665,0.0,0.7777777777777778
uniform,24,202,23,21,16,2,8,23,46,0,1.0,1.0000000000000004,0.6963009098479226,40,42,8,0.19047619047619047,861,318,0.3693379790940767,11480,6099,0.5312717770034843,128,83,0.6484375,0.020833333333333332,0.0,0.75
uniform,24,303,23,21,19,2,4,14,16,0,1.0000000000000002,1.0000000000000004,0.7347101584718013,40,42,4,0.09523809523809523,861,168,0.1951219512195122,11480,3419,0.2978222996515679,128,51,0.3984375,0.010416666666666666,0.0,0.6666666666666666
uniform,24,404,23,20,14,3,5,10,29,2,1.0000000000000002,1.0000000000000004,0.7041771331402551,39,42,5,0.11904761904761904,861,214,0.24854819976771197,11480,4420,0.38501742160278746,128,62,0.484375,0.006944444444444444,0.0,0.75
D-opt,24,101,23,21,23,2,0,0,0,0,0.7559289460184544,1.0000000000000004,0.9437684400353672,40,42,0,0.0,861,0,0.0,11480,0,0.0,128,0,0.0,0.008680555555555556,0.0,0.0
D-opt,24,202,23,21,23,2,0,0,0,0,0.7559289460184544,1.0000000000000004,0.9437684400353675,40,42,0,0.0,861,0,0.0,11480,0,0.0,128,0,0.0,0.008680555555555556,0.0,0.0
D-opt,24,303,23,21,23,2,0,0,0,0,0.7559289460184544,1.0000000000000004,0.9437684400353672,40,42,0,0.0,861,0,0.0,11480,0,0.0,128,0,0.0,0.006944444444444444,0.0,0.0
D-opt,24,404,23,21,23,2,0,0,0,0,0.7559289460184544,1.0000000000000004,0.9437684400353676,40,42,0,0.0,861,0,0.0,11480,0,0.0,128,0,0.0,0.010416666666666666,0.0,0.0
hybrid_d50,24,101,23,21,18,2,0,14,0,0,0.8944271909999159,1.0000000000000004,0.9976692938371463,40,42,0,0.0,861,0,0.0,11480,0,0.0,128,0,0.0,0.001736111111111111,0.0,0.05555555555555555
hybrid_d50,24,202,23,21,18,2,0,9,0,0,0.8944271909999159,1.0000000000000004,1.0073752068170478,40,42,0,0.0,861,0,0.0,11480,0,0.0,128,1,0.0078125,0.010416666666666666,0.0,0.1388888888888889
hybrid_d50,24,303,23,20,20,3,0,2,0,0,0.8944271909999159,1.0000000000000002,0.9245667117938802,39,42,0,0.0,861,0,0.0,11480,0,0.0,128,0,0.0,0.020833333333333332,0.0,0.1111111111111111
hybrid_d50,24,404,23,20,17,3,0,14,0,0,0.8944271909999159,1.0000000000000004,0.8387650972547837,39,42,0,0.0,861,0,0.0,11480,0,0.0,128,0,0.0,0.001736111111111111,0.0,0.1111111111111111
HILS,24,1601,23,20,12,3,0,13,73,9,1.0000000000000002,1.0,0.4999999999999997,39,42,0,0.0,861,73,0.08478513356562137,11480,2706,0.2357142857142857,128,49,0.3828125,0.0234375,0.0,0.8055555555555556
DCD,24,1601,23,21,19,2,0,7,25,1,1.0000000000000002,1.0000000000000004,0.8848947052031032,40,42,0,0.0,861,25,0.029036004645760744,11480,958,0.08344947735191638,128,28,0.21875,0.019965277777777776,0.0,0.5277777777777778
candidate_symmetric,24,1601,23,20,12,3,0,11,104,3,1.0000000000000002,1.0000000000000002,0.5792124891354431,39,42,0,0.0,861,104,0.1207897793263647,11480,3636,0.3167247386759582,128,64,0.5,0.05642361111111111,0.0,0.7777777777777778
candidate_target_aware,24,1601,23,21,12,2,0,5,104,4,1.0000000000000002,1.0000000000000004,1.1957227522453007,40,42,0,0.0,861,104,0.1207897793263647,11480,3636,0.3167247386759582,128,69,0.5390625,0.078125,0.0,0.7777777777777778
candidate_no_singular,24,1601,23,21,11,2,21,36,228,5,1.0,1.0000000000000002,0.41519012644361875,40,42,21,0.5,861,669,0.7770034843205574,11480,10474,0.912369337979094,128,126,0.984375,0.026909722222222224,0.0,0.9722222222222222
candidate_full,24,1601,23,21,11,2,0,0,64,0,1.0000000000000002,1.0000000000000004,1.0686648837553836,40,42,0,0.0,861,64,0.0743321718931475,11480,2390,0.20818815331010454,128,50,0.390625,0.04861111111111111,0.0,0.7222222222222222
uniform,32,101,31,21,18,10,5,5,25,0,1.0,1.0,0.38544082071018637,32,42,5,0.11904761904761904,861,210,0.24390243902439024,11480,4286,0.3733449477351916,128,57,0.4453125,0.019965277777777776,0.0,0.75
uniform,32,202,31,21,20,10,5,5,26,0,1.0000000000000002,1.0000000000000002,0.43282963150179227,32,42,5,0.11904761904761904,861,211,0.2450638792102207,11480,4264,0.37142857142857144,128,56,0.4375,0.019097222222222224,0.0,0.7222222222222222
uniform,32,303,31,21,23,10,3,3,6,0,1.0,1.0000000000000002,0.44389466100369285,32,42,3,0.07142857142857142,861,123,0.14285714285714285,11480,2467,0.21489547038327525,128,34,0.265625,0.020833333333333332,0.0,0.6666666666666666
uniform,32,404,31,21,20,10,0,0,21,0,1.0000000000000002,1.0000000000000004,0.4866656061736034,32,42,0,0.0,861,21,0.024390243902439025,11480,812,0.07073170731707316,128,14,0.109375,0.021701388888888888,0.0,0.4444444444444444
D-opt,32,101,31,21,31,10,0,0,0,0,0.7559289460184544,1.0000000000000004,0.6128797358982161,32,42,0,0.0,861,0,0.0,11480,0,0.0,128,0,0.0,0.019097222222222224,0.0,0.0
D-opt,32,202,31,21,31,10,0,0,0,0,0.7559289460184544,1.0000000000000002,0.6497073346430339,32,42,0,0.0,861,0,0.0,11480,0,0.0,128,0,0.0,0.017361111111111112,0.0,0.0
D-opt,32,303,31,21,31,10,0,0,0,0,0.7559289460184544,1.0000000000000002,0.6034266644443104,32,42,0,0.0,861,0,0.0,11480,0,0.0,128,0,0.0,0.025173611111111112,0.0,0.0
D-opt,32,404,31,21,31,10,0,0,0,0,0.7559289460184544,1.0000000000000002,0.6098733698273588,32,42,0,0.0,861,0,0.0,11480,0,0.0,128,0,0.0,0.026909722222222224,0.0,0.0
hybrid_d50,32,101,31,21,24,10,0,1,0,0,0.8944271909999159,1.0000000000000002,0.5636105334681213,32,42,0,0.0,861,0,0.0,11480,0,0.0,128,0,0.0,0.0234375,0.0,0.05555555555555555
hybrid_d50,32,202,31,21,23,10,0,1,0,0,0.8944271909999159,1.0000000000000002,0.5382533972804635,32,42,0,0.0,861,0,0.0,11480,0,0.0,128,0,0.0,0.012152777777777778,0.0,0.05555555555555555
hybrid_d50,32,303,31,21,29,10,0,1,0,0,0.8944271909999159,1.0000000000000004,0.6558665402163885,32,42,0,0.0,861,0,0.0,11480,0,0.0,128,0,0.0,0.014756944444444444,0.0,0.027777777777777776
hybrid_d50,32,404,31,21,21,10,0,1,0,0,0.8944271909999159,0.8639306039446245,0.5016401629657379,32,42,0,0.0,861,0,0.0,11480,0,0.0,128,0,0.0,0.017361111111111112,0.0,0.027777777777777776
HILS,32,1601,31,21,30,10,0,0,1,0,1.0,1.0000000000000004,0.6818639062367609,32,42,0,0.0,861,1,0.0011614401858304297,11480,40,0.003484320557491289,128,2,0.015625,0.018229166666666668,0.0,0.1111111111111111
DCD,32,1601,31,21,21,10,8,8,44,0,1.0,1.0000000000000002,0.44148709746795967,32,42,8,0.19047619047619047,861,316,0.3670150987224158,11480,5992,0.5219512195121951,128,87,0.6796875,0.0234375,0.0,0.7222222222222222
candidate_symmetric,32,1601,31,21,31,10,0,0,0,0,0.7559289460184544,1.0000000000000004,0.6128797358982161,32,42,0,0.0,861,0,0.0,11480,0,0.0,128,0,0.0,0.019097222222222224,0.0,0.0
candidate_target_aware,32,1601,31,21,18,10,8,9,57,1,1.0000000000000002,1.0000000000000002,0.4281491242565117,32,42,8,0.19047619047619047,861,329,0.3821138211382114,11480,6380,0.5557491289198606,128,95,0.7421875,0.043402777777777776,0.0,0.7777777777777778
candidate_no_singular,32,1601,31,21,17,10,14,15,114,1,1.0,1.0000000000000004,0.38211813628068003,32,42,14,0.3333333333333333,861,506,0.5876887340301974,11480,8734,0.760801393728223,128,113,0.8828125,0.036458333333333336,0.0,0.8888888888888888
candidate_full,32,1601,31,21,27,10,0,0,13,0,1.0000000000000002,1.0000000000000002,0.7332476107217499,32,42,0,0.0,861,13,0.015098722415795587,11480,500,0.04355400696864112,128,16,0.125,0.043402777777777776,0.0,0.5
