budget,cloud_id,objective,objective_mean,objective_cvar20,singular_fraction,synthetic_signed_f1,real_macro_f1,community_masks
16,0,0.022222222222222223,0.027777777777777776,0.0,0.75,0.037037037037037035,0.15957481671767385,0;4;6;7;8;9;19;24;28;33;42;43;44;53;55;63
16,1,0.02777777777777778,0.034722222222222224,0.0,0.9166666666666666,0.0,0.12852789676071583,0;3;5;6;9;12;14;25;28;33;34;42;45;50;51;61
16,2,0.026388888888888892,0.03298611111111111,0.0,0.9166666666666666,0.0,0.08356052549600936,0;1;2;5;7;8;11;14;18;24;34;38;44;47;50;51
16,3,0.002777777777777778,0.003472222222222222,0.0,0.9444444444444444,0.037037037037037035,0.10016081525975806,0;2;7;9;16;18;19;20;27;32;33;38;39;41;47;55
16,4,0.0,0.0,0.0,0.7777777777777778,0.0,0.11506163783442346,0;3;4;12;14;15;23;32;35;39;41;43;51;53;56;61
16,5,0.0,0.0,0.0,1.0,0.0,0.12121212121212123,0;1;3;7;12;17;18;19;27;40;43;45;48;50;54;58
16,6,0.004166666666666667,0.005208333333333333,0.0,0.9722222222222222,0.037037037037037035,0.19875383266537233,0;11;15;20;21;23;25;34;36;39;42;46;47;48;49;56
16,7,0.0,0.0,0.0,0.9166666666666666,0.037037037037037035,0.27262735471128585,0;4;6;9;14;19;20;22;23;25;26;45;53;56;57;62
16,8,0.002777777777777778,0.003472222222222222,0.0,0.9444444444444444,0.0,0.15495241158664422,0;4;9;10;11;17;24;31;33;36;37;41;55;56;58;62
16,9,0.0,0.0,0.0,0.9166666666666666,0.0,0.105835696561503,0;3;6;7;12;13;28;31;33;36;39;40;48;49;57;60
16,10,0.009722222222222222,0.012152777777777778,0.0,0.6944444444444444,0.037037037037037035,0.1568558126509609,0;7;11;19;20;21;26;27;35;38;39;44;53;58;62;63
16,11,0.0,0.0,0.0,0.7777777777777778,0.037037037037037035,0.15611835254692394,0;3;7;14;17;18;21;22;28;32;37;47;48;56;59;63
16,12,0.016666666666666666,0.020833333333333332,0.0,0.8055555555555556,0.0,0.23236129723934604,0;3;9;18;24;33;38;41;46;49;51;53;56;59;61;62
16,13,0.020833333333333336,0.026041666666666668,0.0,0.8055555555555556,0.0,0.09725274725274725,0;2;3;5;7;11;15;16;25;26;29;44;46;48;60;63
16,14,0.0,0.0,0.0,0.8055555555555556,0.0,0.10440102870416458,0;12;20;23;24;31;33;36;42;44;45;49;50;55;58;59
16,15,0.0125,0.015625,0.0,0.75,0.0,0.12928873908910204,0;2;10;11;12;20;24;27;29;31;33;36;40;58;62;63
16,16,0.0125,0.015625,0.0,0.75,0.0,0.1791979949874687,0;5;12;20;29;31;32;37;43;44;47;51;52;53;54;56
16,17,0.0,0.0,0.0,0.6666666666666666,0.03333333333333333,0.1577080327080327,0;1;3;4;9;13;24;31;33;37;40;46;47;54;55;63
16,18,0.0,0.0,0.0,0.8333333333333334,0.0,0.12597354517032242,0;1;4;7;10;19;29;33;37;42;48;50;55;57;59;60
16,19,0.002777777777777778,0.003472222222222222,0.0,0.9166666666666666,0.0,0.11951064000542536,0;7;10;11;15;21;26;28;33;34;35;37;47;52;54;58
16,20,0.0,0.0,0.0,0.8333333333333334,0.03333333333333333,0.13840445269016696,0;7;8;9;16;21;22;24;26;29;34;37;49;55;60;61
16,21,0.019444444444444445,0.024305555555555556,0.0,0.7222222222222222,0.037037037037037035,0.16537731371618417,0;6;10;21;23;25;26;27;29;30;44;47;48;51;52;54
16,22,0.001388888888888889,0.001736111111111111,0.0,0.8611111111111112,0.06666666666666667,0.10673480663462633,0;2;9;10;20;21;25;32;35;39;45;48;50;55;59;62
16,23,0.006944444444444445,0.008680555555555556,0.0,0.8333333333333334,0.0,0.052896310039167185,0;2;3;6;7;15;18;20;21;26;30;45;48;50;56;63
24,0,0.002777777777777778,0.003472222222222222,0.0,0.75,0.0,0.1883706332774656,0;5;6;8;9;10;11;15;16;17;24;25;27;28;31;36;37;40;47;51;53;58;59;62
24,1,0.005555555555555556,0.006944444444444444,0.0,0.8333333333333334,0.17777777777777778,0.18947241354017247,0;3;7;10;13;15;18;19;22;24;26;33;34;36;37;39;41;43;47;50;54;55;58;60
24,2,0.002777777777777778,0.003472222222222222,0.0,0.75,0.04761904761904762,0.2376326871126649,0;1;3;4;5;9;11;16;24;29;34;35;36;39;41;42;44;46;49;50;53;55;61;62
24,3,0.0,0.0,0.0,0.75,0.030303030303030304,0.25351122905302476,0;1;3;7;8;9;15;16;20;21;22;23;29;32;39;40;41;44;45;51;53;55;60;62
24,4,0.004166666666666667,0.005208333333333333,0.0,0.6666666666666666,0.0,0.17790136692575717,0;1;2;3;5;8;9;10;11;14;18;19;25;27;31;32;37;41;46;50;53;56;62;63
24,5,0.0,0.0,0.0,0.9444444444444444,0.0,0.1603988869045167,0;3;6;7;8;10;14;18;22;23;24;26;27;30;32;36;37;39;41;44;48;52;53;60
24,6,0.006944444444444445,0.008680555555555556,0.0,0.75,0.037037037037037035,0.1619212846428894,0;2;5;6;8;9;10;19;20;21;22;23;24;33;36;38;40;41;47;52;54;58;62;63
24,7,0.004166666666666667,0.005208333333333333,0.0,0.6666666666666666,0.0,0.21583412742056574,0;2;4;7;9;13;16;17;21;22;23;26;27;29;30;33;38;39;42;43;47;54;59;60
24,8,0.002777777777777778,0.003472222222222222,0.0,0.6666666666666666,0.0,0.3094010602345118,0;1;2;7;8;12;15;22;28;30;31;34;35;40;41;44;45;49;52;53;55;57;61;62
24,9,0.008333333333333333,0.010416666666666666,0.0,0.8055555555555556,0.07142857142857142,0.18518234297520736,0;6;8;13;14;15;16;18;20;22;25;35;38;40;41;49;51;52;54;55;56;58;59;62
24,10,0.001388888888888889,0.001736111111111111,0.0,0.75,0.0,0.14143924858210571,0;1;2;3;4;5;6;9;11;13;15;18;22;25;31;37;38;43;46;48;49;52;55;57
24,11,0.022222222222222223,0.027777777777777776,0.0,0.6944444444444444,0.0,0.203818265307627,0;1;2;6;11;13;19;20;22;24;26;28;31;32;35;36;37;40;47;48;54;56;60;63
24,12,0.011111111111111112,0.013888888888888888,0.0,0.9166666666666666,0.03333333333333333,0.2170521541950113,0;4;8;9;10;12;13;16;18;20;21;22;23;24;32;34;37;39;45;50;51;54;55;60
24,13,0.006944444444444445,0.008680555555555556,0.0,0.6666666666666666,0.037037037037037035,0.16830351612960312,0;7;10;16;22;25;26;31;32;33;34;35;36;41;45;46;49;50;51;53;55;59;60;61
24,14,0.002777777777777778,0.003472222222222222,0.0,0.6666666666666666,0.037037037037037035,0.108300881328141,0;1;10;13;14;15;17;19;20;24;29;31;36;41;44;45;46;51;52;54;55;56;57;62
24,15,0.03333333333333333,0.041666666666666664,0.0,0.6666666666666666,0.0,0.17058841274869146,0;1;2;3;4;7;12;13;15;16;28;29;30;33;41;43;44;48;53;54;57;58;60;63
24,16,0.0,0.0,0.0,0.7222222222222222,0.0,0.1372880910797999,0;3;8;10;11;12;13;15;16;23;24;26;31;33;35;37;38;43;49;50;58;59;60;61
24,17,0.005555555555555556,0.006944444444444444,0.0,0.6111111111111112,0.1111111111111111,0.24097991352863915,0;3;4;6;7;9;13;21;22;23;26;28;34;41;42;43;47;49;53;56;57;61;62;63
24,18,0.001388888888888889,0.001736111111111111,0.0,0.8055555555555556,0.037037037037037035,0.2447566714310683,0;1;4;5;8;9;10;11;12;13;20;21;23;25;36;37;39;42;52;53;55;57;60;61
24,19,0.004166666666666667,0.005208333333333333,0.0,0.75,0.030303030303030304,0.13696191528703844,0;3;5;6;11;12;17;18;20;22;23;24;25;26;29;31;33;34;36;41;53;55;56;62
24,20,0.004166666666666667,0.005208333333333333,0.0,0.5555555555555556,0.037037037037037035,0.13501045395669514,0;4;5;8;10;11;15;19;23;24;27;28;32;35;38;40;42;43;47;49;55;59;60;63
24,21,0.01388888888888889,0.017361111111111112,0.0,0.5555555555555556,0.037037037037037035,0.2935859422572034,0;8;9;11;19;23;24;27;30;31;36;39;40;42;46;47;49;50;51;54;56;60;61;63
24,22,0.01388888888888889,0.017361111111111112,0.0,0.75,0.0,0.16127172662290948,0;2;4;9;11;15;16;23;24;25;27;28;29;31;34;39;41;45;46;48;49;50;51;58
24,23,0.006944444444444445,0.008680555555555556,0.0,0.75,0.037037037037037035,0.06347462061747776,0;1;6;8;13;17;21;23;24;26;27;35;36;46;47;48;49;51;52;56;58;59;60;62
32,0,0.006944444444444445,0.008680555555555556,0.0,0.25,0.1272727272727273,0.16562543755807588,0;1;2;4;6;7;9;11;12;13;16;18;22;25;26;29;30;31;32;35;36;47;48;51;52;53;55;57;58;60;62;63
32,1,0.011111111111111112,0.013888888888888888,0.0,0.6666666666666666,0.08333333333333333,0.24708883646835642,0;2;3;6;8;9;11;12;13;14;16;21;25;26;27;29;31;34;35;37;38;40;43;48;51;53;55;57;58;59;61;62
32,2,0.022222222222222223,0.027777777777777776,0.0,0.5555555555555556,0.037037037037037035,0.26861035012295514,0;2;3;4;5;10;11;14;15;17;21;24;26;27;28;30;37;38;40;41;42;44;46;50;52;53;54;55;58;59;61;63
32,3,0.015277777777777779,0.019097222222222224,0.0,0.6666666666666666,0.030303030303030304,0.23380573449538966,0;4;5;9;10;12;13;15;18;19;20;21;22;28;29;33;34;35;37;38;40;42;44;50;52;54;55;56;59;60;61;62
32,4,0.016666666666666666,0.020833333333333332,0.0,0.08333333333333333,0.06060606060606061,0.22001801238254443,0;2;4;8;9;12;13;15;20;21;22;24;26;29;31;33;35;37;38;42;45;47;50;51;52;53;55;58;59;61;62;63
32,5,0.009722222222222222,0.012152777777777778,0.0,0.6944444444444444,0.037037037037037035,0.2642652585509728,0;1;5;6;10;16;18;19;20;21;22;23;24;26;31;32;33;34;37;38;39;40;43;44;45;47;50;53;56;57;61;62
32,6,0.006944444444444445,0.008680555555555556,0.0,0.6944444444444444,0.03333333333333333,0.17247057036530725,0;1;2;3;8;9;16;21;22;23;26;29;30;31;33;34;35;37;40;41;42;43;45;47;49;50;51;53;54;56;60;62
32,7,0.02361111111111111,0.029513888888888888,0.0,0.6388888888888888,0.0,0.1415683313596199,0;2;3;4;7;8;10;15;19;20;24;26;27;29;31;33;35;36;37;38;39;40;43;45;48;49;50;52;58;60;61;63
32,8,0.03333333333333333,0.041666666666666664,0.0,0.6111111111111112,0.0,0.25516482024546544,0;1;2;4;5;7;8;9;10;13;16;17;18;19;20;23;24;27;32;33;34;41;45;49;50;53;54;56;58;61;62;63
32,9,0.019444444444444445,0.024305555555555556,0.0,0.6111111111111112,0.030303030303030304,0.17468618152326365,0;2;5;7;8;9;13;14;15;18;21;22;23;25;26;34;35;36;37;38;40;41;43;44;46;47;50;51;55;57;61;63
32,10,0.004166666666666667,0.005208333333333333,0.0,0.6944444444444444,0.06060606060606061,0.21560142074847957,0;1;2;3;5;6;7;8;10;13;14;17;18;23;24;26;27;28;30;31;34;36;39;40;41;47;48;49;55;56;57;60
32,11,0.008333333333333333,0.010416666666666666,0.0,0.6666666666666666,0.0,0.22512320610146697,0;1;2;3;5;8;9;12;13;14;15;19;26;27;28;29;30;33;34;37;39;41;43;47;48;50;51;57;58;59;62;63
32,12,0.011111111111111112,0.013888888888888888,0.0,0.7777777777777778,0.07692307692307691,0.15523779549309374,0;2;7;8;9;11;13;15;16;20;23;24;27;30;32;36;38;39;42;45;48;49;50;51;52;53;54;55;56;57;59;60
32,13,0.01388888888888889,0.017361111111111112,0.0,0.4722222222222222,0.037037037037037035,0.3280426691663653,0;1;3;4;6;7;9;11;13;14;15;18;21;22;26;33;34;40;41;42;43;47;49;52;53;55;57;58;60;61;62;63
32,14,0.015277777777777779,0.019097222222222224,0.0,0.6666666666666666,0.0,0.24953873997780618,0;3;4;6;7;9;11;12;14;16;19;20;23;25;26;33;34;35;40;41;44;47;50;51;52;53;56;57;58;59;61;62
32,15,0.0125,0.015625,0.0,0.6666666666666666,0.0909090909090909,0.198848549014662,0;2;3;9;13;18;19;20;21;23;25;26;31;33;36;37;38;40;42;46;47;49;50;52;53;54;55;57;58;59;60;61
32,16,0.018055555555555557,0.022569444444444444,0.0,0.5277777777777778,0.0,0.20033257010001196,0;1;2;4;6;7;9;11;14;19;21;23;26;27;31;32;33;34;35;36;38;39;40;41;44;45;46;51;52;56;62;63
32,17,0.01388888888888889,0.017361111111111112,0.0,0.3611111111111111,0.03333333333333333,0.11612645058023209,0;1;2;5;11;14;15;19;20;21;22;23;28;29;32;33;35;37;40;41;43;44;46;47;50;54;55;56;57;59;62;63
32,18,0.026388888888888892,0.03298611111111111,0.0,0.25,0.030303030303030304,0.09119220151828847,0;4;7;9;11;12;16;18;26;27;28;29;30;31;32;33;35;38;39;43;44;45;46;47;48;49;52;55;58;61;62;63
32,19,0.026388888888888892,0.03298611111111111,0.0,0.6666666666666666,0.0,0.24851120462331117,0;2;6;7;8;9;11;12;13;14;18;22;23;26;27;29;31;32;34;39;40;41;42;43;50;51;52;56;57;58;61;62
32,20,0.001388888888888889,0.001736111111111111,0.0,0.4444444444444444,0.037037037037037035,0.2597944376163321,0;1;4;6;7;10;12;13;14;16;18;20;21;22;23;24;25;31;32;34;35;36;37;39;42;46;47;49;50;55;62;63
32,21,0.020833333333333336,0.026041666666666668,0.0,0.7777777777777778,0.0,0.25142408316381903,0;1;2;6;8;9;11;12;13;14;16;17;18;19;20;22;25;26;27;29;34;40;42;43;44;47;52;57;58;60;61;63
32,22,0.03333333333333333,0.041666666666666664,0.0,0.5555555555555556,0.037037037037037035,0.1982227585808148,0;2;3;7;8;9;10;12;14;15;20;21;22;24;25;26;27;30;31;34;35;36;40;41;42;45;49;53;54;55;61;63
32,23,0.03194444444444444,0.03993055555555555,0.0,0.4722222222222222,0.0,0.16148627224667397,0;1;2;3;8;10;11;12;14;17;18;21;22;24;30;31;32;34;38;39;40;42;43;45;46;49;51;52;56;61;62;63
