method,budget,scenario_id,k_high,k_low,snr,objective,singular_fraction,signed_f1,precision,recall,exact_target_sign,sign_errors
uniform,16,pi_000,2,2,0.75,0.0,0.8611111111111112,0.0,0.0,0.0,0.0,2
uniform,16,pi_001,2,2,0.75,0.0,0.8611111111111112,0.0,0.0,0.0,0.0,3
uniform,16,pi_002,2,2,1.5,0.0,0.8611111111111112,0.0,0.0,0.0,0.0,3
uniform,16,pi_003,2,2,1.5,0.0,0.8611111111111112,0.0,0.0,0.0,0.0,2
uniform,16,pi_004,2,2,3.0,0.0,0.8611111111111112,0.0,0.0,0.0,0.0,3
uniform,16,pi_005,2,2,3.0,0.0,0.8611111111111112,0.0,0.0,0.0,0.0,2
uniform,16,pi_006,2,6,0.75,0.0,0.8611111111111112,0.0,0.0,0.0,0.0,2
uniform,16,pi_007,2,6,0.75,0.0,0.8611111111111112,0.0,0.0,0.0,0.0,2
uniform,16,pi_008,2,6,1.5,0.0,0.8611111111111112,0.0,0.0,0.0,0.0,2
uniform,16,pi_009,2,6,1.5,0.0,0.8611111111111112,0.0,0.0,0.0,0.0,3
uniform,16,pi_010,2,6,3.0,0.0,0.8611111111111112,0.0,0.0,0.0,0.0,5
uniform,16,pi_011,2,6,3.0,0.0,0.8611111111111112,0.0,0.0,0.0,0.0,4
uniform,16,pi_012,4,2,0.75,0.0,0.8611111111111112,0.0,0.0,0.0,0.0,4
uniform,16,pi_013,4,2,0.75,0.0,0.8611111111111112,0.0,0.0,0.0,0.0,4
uniform,16,pi_014,4,2,1.5,0.0,0.8611111111111112,0.0,0.0,0.0,0.0,4
uniform,16,pi_015,4,2,1.5,0.0,0.8611111111111112,0.0,0.0,0.0,0.0,5
uniform,16,pi_016,4,2,3.0,0.0,0.8611111111111112,0.0,0.0,0.0,0.0,4
uniform,16,pi_017,4,2,3.0,0.0,0.8611111111111112,0.0,0.0,0.0,0.0,4
uniform,16,pi_018,4,6,0.75,0.0,0.8611111111111112,0.0,0.0,0.0,0.0,4
uniform,16,pi_019,4,6,0.75,0.0,0.8611111111111112,0.0,0.0,0.0,0.0,4
uniform,16,pi_020,4,6,1.5,0.0,0.8611111111111112,0.0,0.0,0.0,0.0,5
uniform,16,pi_021,4,6,1.5,0.0,0.8611111111111112,0.0,0.0,0.0,0.0,6
uniform,16,pi_022,4,6,3.0,0.0,0.8611111111111112,0.0,0.0,0.0,0.0,5
uniform,16,pi_023,4,6,3.0,0.0,0.8611111111111112,0.0,0.0,0.0,0.0,4
uniform,16,pi_024,8,2,0.75,0.0,0.8611111111111112,0.0,0.0,0.0,0.0,8
uniform,16,pi_025,8,2,0.75,0.0,0.8611111111111112,0.0,0.0,0.0,0.0,9
uniform,16,pi_026,8,2,1.5,0.0,0.8611111111111112,0.2,0.5,0.125,0.0,8
uniform,16,pi_027,8,2,1.5,0.0,0.8611111111111112,0.0,0.0,0.0,0.0,9
uniform,16,pi_028,8,2,3.0,0.0,0.8611111111111112,0.18181818181818182,0.3333333333333333,0.125,0.0,9
uniform,16,pi_029,8,2,3.0,0.0,0.8611111111111112,0.2222222222222222,1.0,0.125,0.0,7
uniform,16,pi_030,8,6,0.75,0.0,0.8611111111111112,0.0,0.0,0.0,0.0,8
uniform,16,pi_031,8,6,0.75,0.0,0.8611111111111112,0.0,0.0,0.0,0.0,8
uniform,16,pi_032,8,6,1.5,0.0,0.8611111111111112,0.0,0.0,0.0,0.0,8
uniform,16,pi_033,8,6,1.5,0.0,0.8611111111111112,0.3333333333333333,0.5,0.25,0.0,8
uniform,16,pi_034,8,6,3.0,0.0,0.8611111111111112,0.0,0.0,0.0,0.0,10
uniform,16,pi_035,8,6,3.0,0.0,0.8611111111111112,0.0,0.0,0.0,0.0,10
D-opt,16,pi_000,2,2,0.75,0.0006944444444444445,0.25,0.0,0.0,0.0,0.0,2
D-opt,16,pi_001,2,2,0.75,0.0006944444444444445,0.25,0.0,0.0,0.0,0.0,2
D-opt,16,pi_002,2,2,1.5,0.0006944444444444445,0.25,0.0,0.0,0.0,0.0,5
D-opt,16,pi_003,2,2,1.5,0.0006944444444444445,0.25,0.0,0.0,0.0,0.0,2
D-opt,16,pi_004,2,2,3.0,0.0006944444444444445,0.25,0.6666666666666666,0.5,1.0,0.0,2
D-opt,16,pi_005,2,2,3.0,0.0006944444444444445,0.25,0.4,0.3333333333333333,0.5,0.0,3
D-opt,16,pi_006,2,6,0.75,0.0006944444444444445,0.25,0.6666666666666666,1.0,0.5,0.0,1
D-opt,16,pi_007,2,6,0.75,0.0006944444444444445,0.25,0.0,0.0,0.0,0.0,2
D-opt,16,pi_008,2,6,1.5,0.0006944444444444445,0.25,0.0,0.0,0.0,0.0,3
D-opt,16,pi_009,2,6,1.5,0.0006944444444444445,0.25,0.4,0.3333333333333333,0.5,0.0,3
D-opt,16,pi_010,2,6,3.0,0.0006944444444444445,0.25,0.0,0.0,0.0,0.0,10
D-opt,16,pi_011,2,6,3.0,0.0006944444444444445,0.25,0.25,0.16666666666666666,0.5,0.0,6
D-opt,16,pi_012,4,2,0.75,0.0006944444444444445,0.25,0.4,1.0,0.25,0.0,3
D-opt,16,pi_013,4,2,0.75,0.0006944444444444445,0.25,0.28571428571428575,0.3333333333333333,0.25,0.0,5
D-opt,16,pi_014,4,2,1.5,0.0006944444444444445,0.25,0.0,0.0,0.0,0.0,4
D-opt,16,pi_015,4,2,1.5,0.0006944444444444445,0.25,0.5714285714285715,0.6666666666666666,0.5,0.0,3
D-opt,16,pi_016,4,2,3.0,0.0006944444444444445,0.25,0.28571428571428575,0.3333333333333333,0.25,0.0,5
D-opt,16,pi_017,4,2,3.0,0.0006944444444444445,0.25,0.2,0.16666666666666666,0.25,0.0,8
D-opt,16,pi_018,4,6,0.75,0.0006944444444444445,0.25,0.0,0.0,0.0,0.0,4
D-opt,16,pi_019,4,6,0.75,0.0006944444444444445,0.25,0.0,0.0,0.0,0.0,6
D-opt,16,pi_020,4,6,1.5,0.0006944444444444445,0.25,0.18181818181818182,0.14285714285714285,0.25,0.0,9
D-opt,16,pi_021,4,6,1.5,0.0006944444444444445,0.25,0.22222222222222224,0.2,0.25,0.0,7
D-opt,16,pi_022,4,6,3.0,0.0006944444444444445,0.25,0.0,0.0,0.0,0.0,7
D-opt,16,pi_023,4,6,3.0,0.0006944444444444445,0.25,0.28571428571428575,0.3333333333333333,0.25,0.0,5
D-opt,16,pi_024,8,2,0.75,0.0006944444444444445,0.25,0.36363636363636365,0.6666666666666666,0.25,0.0,7
D-opt,16,pi_025,8,2,0.75,0.0006944444444444445,0.25,0.18181818181818182,0.3333333333333333,0.125,0.0,9
D-opt,16,pi_026,8,2,1.5,0.0006944444444444445,0.25,0.0,0.0,0.0,0.0,8
D-opt,16,pi_027,8,2,1.5,0.0006944444444444445,0.25,0.375,0.375,0.375,0.0,10
D-opt,16,pi_028,8,2,3.0,0.0006944444444444445,0.25,0.39999999999999997,0.42857142857142855,0.375,0.0,9
D-opt,16,pi_029,8,2,3.0,0.0006944444444444445,0.25,0.42857142857142855,0.5,0.375,0.0,7
D-opt,16,pi_030,8,6,0.75,0.0006944444444444445,0.25,0.0,0.0,0.0,0.0,8
D-opt,16,pi_031,8,6,0.75,0.0006944444444444445,0.25,0.0,0.0,0.0,0.0,10
D-opt,16,pi_032,8,6,1.5,0.0006944444444444445,0.25,0.0,0.0,0.0,0.0,10
D-opt,16,pi_033,8,6,1.5,0.0006944444444444445,0.25,0.0,0.0,0.0,0.0,11
D-opt,16,pi_034,8,6,3.0,0.0006944444444444445,0.25,0.18181818181818182,0.3333333333333333,0.125,0.0,9
D-opt,16,pi_035,8,6,3.0,0.0006944444444444445,0.25,0.42857142857142855,0.5,0.375,0.0,8
hybrid_d50,16,pi_000,2,2,0.75,0.0006944444444444445,0.4166666666666667,0.0,0.0,0.0,0.0,3
hybrid_d50,16,pi_001,2,2,0.75,0.0006944444444444445,0.4166666666666667,0.0,0.0,0.0,0.0,2
hybrid_d50,16,pi_002,2,2,1.5,0.0006944444444444445,0.4166666666666667,0.0,0.0,0.0,0.0,5
hybrid_d50,16,pi_003,2,2,1.5,0.0006944444444444445,0.4166666666666667,0.0,0.0,0.0,0.0,2
hybrid_d50,16,pi_004,2,2,3.0,0.0006944444444444445,0.4166666666666667,0.5,0.5,0.5,0.0,2
hybrid_d50,16,pi_005,2,2,3.0,0.0006944444444444445,0.4166666666666667,0.4,0.3333333333333333,0.5,0.0,3
hybrid_d50,16,pi_006,2,6,0.75,0.0006944444444444445,0.4166666666666667,0.0,0.0,0.0,0.0,3
hybrid_d50,16,pi_007,2,6,0.75,0.0006944444444444445,0.4166666666666667,0.0,0.0,0.0,0.0,2
hybrid_d50,16,pi_008,2,6,1.5,0.0006944444444444445,0.4166666666666667,0.0,0.0,0.0,0.0,2
hybrid_d50,16,pi_009,2,6,1.5,0.0006944444444444445,0.4166666666666667,0.0,0.0,0.0,0.0,5
hybrid_d50,16,pi_010,2,6,3.0,0.0006944444444444445,0.4166666666666667,0.0,0.0,0.0,0.0,5
hybrid_d50,16,pi_011,2,6,3.0,0.0006944444444444445,0.4166666666666667,0.0,0.0,0.0,0.0,5
hybrid_d50,16,pi_012,4,2,0.75,0.0006944444444444445,0.4166666666666667,0.4,1.0,0.25,0.0,3
hybrid_d50,16,pi_013,4,2,0.75,0.0006944444444444445,0.4166666666666667,0.28571428571428575,0.3333333333333333,0.25,0.0,5
hybrid_d50,16,pi_014,4,2,1.5,0.0006944444444444445,0.4166666666666667,0.0,0.0,0.0,0.0,5
hybrid_d50,16,pi_015,4,2,1.5,0.0006944444444444445,0.4166666666666667,0.3333333333333333,0.5,0.25,0.0,4
hybrid_d50,16,pi_016,4,2,3.0,0.0006944444444444445,0.4166666666666667,0.0,0.0,0.0,0.0,6
hybrid_d50,16,pi_017,4,2,3.0,0.0006944444444444445,0.4166666666666667,0.0,0.0,0.0,0.0,8
hybrid_d50,16,pi_018,4,6,0.75,0.0006944444444444445,0.4166666666666667,0.0,0.0,0.0,0.0,4
hybrid_d50,16,pi_019,4,6,0.75,0.0006944444444444445,0.4166666666666667,0.0,0.0,0.0,0.0,4
hybrid_d50,16,pi_020,4,6,1.5,0.0006944444444444445,0.4166666666666667,0.0,0.0,0.0,0.0,5
hybrid_d50,16,pi_021,4,6,1.5,0.0006944444444444445,0.4166666666666667,0.28571428571428575,0.3333333333333333,0.25,0.0,5
hybrid_d50,16,pi_022,4,6,3.0,0.0006944444444444445,0.4166666666666667,0.0,0.0,0.0,0.0,6
hybrid_d50,16,pi_023,4,6,3.0,0.0006944444444444445,0.4166666666666667,0.4,1.0,0.25,0.0,3
hybrid_d50,16,pi_024,8,2,0.75,0.0006944444444444445,0.4166666666666667,0.36363636363636365,0.6666666666666666,0.25,0.0,7
hybrid_d50,16,pi_025,8,2,0.75,0.0006944444444444445,0.4166666666666667,0.0,0.0,0.0,0.0,11
hybrid_d50,16,pi_026,8,2,1.5,0.0006944444444444445,0.4166666666666667,0.0,0.0,0.0,0.0,8
hybrid_d50,16,pi_027,8,2,1.5,0.0006944444444444445,0.4166666666666667,0.26666666666666666,0.2857142857142857,0.25,0.0,11
hybrid_d50,16,pi_028,8,2,3.0,0.0006944444444444445,0.4166666666666667,0.4615384615384615,0.6,0.375,0.0,7
hybrid_d50,16,pi_029,8,2,3.0,0.0006944444444444445,0.4166666666666667,0.0,0.0,0.0,0.0,10
hybrid_d50,16,pi_030,8,6,0.75,0.0006944444444444445,0.4166666666666667,0.0,0.0,0.0,0.0,8
hybrid_d50,16,pi_031,8,6,0.75,0.0006944444444444445,0.4166666666666667,0.0,0.0,0.0,0.0,10
hybrid_d50,16,pi_032,8,6,1.5,0.0006944444444444445,0.4166666666666667,0.0,0.0,0.0,0.0,10
hybrid_d50,16,pi_033,8,6,1.5,0.0006944444444444445,0.4166666666666667,0.0,0.0,0.0,0.0,9
hybrid_d50,16,pi_034,8,6,3.0,0.0006944444444444445,0.4166666666666667,0.0,0.0,0.0,0.0,10
hybrid_d50,16,pi_035,8,6,3.0,0.0006944444444444445,0.4166666666666667,0.16666666666666666,0.25,0.125,0.0,10
HILS,16,pi_000,2,2,0.75,0.019444444444444445,0.5,0.0,0.0,0.0,0.0,2
HILS,16,pi_001,2,2,0.75,0.019444444444444445,0.5,0.0,0.0,0.0,0.0,2
HILS,16,pi_002,2,2,1.5,0.019444444444444445,0.5,0.0,0.0,0.0,0.0,4
HILS,16,pi_003,2,2,1.5,0.019444444444444445,0.5,0.0,0.0,0.0,0.0,2
HILS,16,pi_004,2,2,3.0,0.019444444444444445,0.5,1.0,1.0,1.0,1.0,0
HILS,16,pi_005,2,2,3.0,0.019444444444444445,0.5,0.0,0.0,0.0,0.0,4
HILS,16,pi_006,2,6,0.75,0.019444444444444445,0.5,0.0,0.0,0.0,0.0,2
HILS,16,pi_007,2,6,0.75,0.019444444444444445,0.5,0.0,0.0,0.0,0.0,2
HILS,16,pi_008,2,6,1.5,0.019444444444444445,0.5,0.0,0.0,0.0,0.0,3
HILS,16,pi_009,2,6,1.5,0.019444444444444445,0.5,0.0,0.0,0.0,0.0,3
HILS,16,pi_010,2,6,3.0,0.019444444444444445,0.5,0.28571428571428575,0.2,0.5,0.0,5
HILS,16,pi_011,2,6,3.0,0.019444444444444445,0.5,0.25,0.16666666666666666,0.5,0.0,6
HILS,16,pi_012,4,2,0.75,0.019444444444444445,0.5,0.0,0.0,0.0,0.0,5
HILS,16,pi_013,4,2,0.75,0.019444444444444445,0.5,0.0,0.0,0.0,0.0,5
HILS,16,pi_014,4,2,1.5,0.019444444444444445,0.5,0.0,0.0,0.0,0.0,4
HILS,16,pi_015,4,2,1.5,0.019444444444444445,0.5,0.0,0.0,0.0,0.0,6
HILS,16,pi_016,4,2,3.0,0.019444444444444445,0.5,0.28571428571428575,0.3333333333333333,0.25,0.0,5
HILS,16,pi_017,4,2,3.0,0.019444444444444445,0.5,0.18181818181818182,0.14285714285714285,0.25,0.0,9
HILS,16,pi_018,4,6,0.75,0.019444444444444445,0.5,0.0,0.0,0.0,0.0,4
HILS,16,pi_019,4,6,0.75,0.019444444444444445,0.5,0.0,0.0,0.0,0.0,5
HILS,16,pi_020,4,6,1.5,0.019444444444444445,0.5,0.22222222222222224,0.2,0.25,0.0,7
HILS,16,pi_021,4,6,1.5,0.019444444444444445,0.5,0.22222222222222224,0.2,0.25,0.0,7
HILS,16,pi_022,4,6,3.0,0.019444444444444445,0.5,0.0,0.0,0.0,0.0,7
HILS,16,pi_023,4,6,3.0,0.019444444444444445,0.5,0.0,0.0,0.0,0.0,9
HILS,16,pi_024,8,2,0.75,0.019444444444444445,0.5,0.2,0.5,0.125,0.0,8
HILS,16,pi_025,8,2,0.75,0.019444444444444445,0.5,0.0,0.0,0.0,0.0,9
HILS,16,pi_026,8,2,1.5,0.019444444444444445,0.5,0.0,0.0,0.0,0.0,8
HILS,16,pi_027,8,2,1.5,0.019444444444444445,0.5,0.28571428571428575,0.3333333333333333,0.25,0.0,10
HILS,16,pi_028,8,2,3.0,0.019444444444444445,0.5,0.6153846153846154,0.8,0.5,0.0,5
HILS,16,pi_029,8,2,3.0,0.019444444444444445,0.5,0.16666666666666666,0.25,0.125,0.0,10
HILS,16,pi_030,8,6,0.75,0.019444444444444445,0.5,0.0,0.0,0.0,0.0,9
HILS,16,pi_031,8,6,0.75,0.019444444444444445,0.5,0.0,0.0,0.0,0.0,9
HILS,16,pi_032,8,6,1.5,0.019444444444444445,0.5,0.0,0.0,0.0,0.0,11
HILS,16,pi_033,8,6,1.5,0.019444444444444445,0.5,0.0,0.0,0.0,0.0,10
HILS,16,pi_034,8,6,3.0,0.019444444444444445,0.5,0.18181818181818182,0.3333333333333333,0.125,0.0,9
HILS,16,pi_035,8,6,3.0,0.019444444444444445,0.5,0.18181818181818182,0.3333333333333333,0.125,0.0,9
candidate_symmetric,16,pi_000,2,2,0.75,0.04236111111111111,0.75,0.0,0.0,0.0,0.0,2
candidate_symmetric,16,pi_001,2,2,0.75,0.04236111111111111,0.75,0.0,0.0,0.0,0.0,2
candidate_symmetric,16,pi_002,2,2,1.5,0.04236111111111111,0.75,0.0,0.0,0.0,0.0,4
candidate_symmetric,16,pi_003,2,2,1.5,0.04236111111111111,0.75,0.0,0.0,0.0,0.0,2
candidate_symmetric,16,pi_004,2,2,3.0,0.04236111111111111,0.75,0.0,0.0,0.0,0.0,2
candidate_symmetric,16,pi_005,2,2,3.0,0.04236111111111111,0.75,0.0,0.0,0.0,0.0,3
candidate_symmetric,16,pi_006,2,6,0.75,0.04236111111111111,0.75,0.0,0.0,0.0,0.0,2
candidate_symmetric,16,pi_007,2,6,0.75,0.04236111111111111,0.75,0.0,0.0,0.0,0.0,2
candidate_symmetric,16,pi_008,2,6,1.5,0.04236111111111111,0.75,0.0,0.0,0.0,0.0,2
candidate_symmetric,16,pi_009,2,6,1.5,0.04236111111111111,0.75,0.28571428571428575,0.2,0.5,0.0,5
candidate_symmetric,16,pi_010,2,6,3.0,0.04236111111111111,0.75,0.4,0.3333333333333333,0.5,0.0,3
candidate_symmetric,16,pi_011,2,6,3.0,0.04236111111111111,0.75,0.25,0.16666666666666666,0.5,0.0,6
candidate_symmetric,16,pi_012,4,2,0.75,0.04236111111111111,0.75,0.0,0.0,0.0,0.0,5
candidate_symmetric,16,pi_013,4,2,0.75,0.04236111111111111,0.75,0.0,0.0,0.0,0.0,6
candidate_symmetric,16,pi_014,4,2,1.5,0.04236111111111111,0.75,0.0,0.0,0.0,0.0,4
candidate_symmetric,16,pi_015,4,2,1.5,0.04236111111111111,0.75,0.0,0.0,0.0,0.0,5
candidate_symmetric,16,pi_016,4,2,3.0,0.04236111111111111,0.75,0.0,0.0,0.0,0.0,5
candidate_symmetric,16,pi_017,4,2,3.0,0.04236111111111111,0.75,0.0,0.0,0.0,0.0,4
candidate_symmetric,16,pi_018,4,6,0.75,0.04236111111111111,0.75,0.0,0.0,0.0,0.0,4
candidate_symmetric,16,pi_019,4,6,0.75,0.04236111111111111,0.75,0.0,0.0,0.0,0.0,4
candidate_symmetric,16,pi_020,4,6,1.5,0.04236111111111111,0.75,0.28571428571428575,0.3333333333333333,0.25,0.0,5
candidate_symmetric,16,pi_021,4,6,1.5,0.04236111111111111,0.75,0.0,0.0,0.0,0.0,5
candidate_symmetric,16,pi_022,4,6,3.0,0.04236111111111111,0.75,0.0,0.0,0.0,0.0,5
candidate_symmetric,16,pi_023,4,6,3.0,0.04236111111111111,0.75,0.0,0.0,0.0,0.0,4
candidate_symmetric,16,pi_024,8,2,0.75,0.04236111111111111,0.75,0.0,0.0,0.0,0.0,8
candidate_symmetric,16,pi_025,8,2,0.75,0.04236111111111111,0.75,0.18181818181818182,0.3333333333333333,0.125,0.0,9
candidate_symmetric,16,pi_026,8,2,1.5,0.04236111111111111,0.75,0.0,0.0,0.0,0.0,9
candidate_symmetric,16,pi_027,8,2,1.5,0.04236111111111111,0.75,0.0,0.0,0.0,0.0,11
candidate_symmetric,16,pi_028,8,2,3.0,0.04236111111111111,0.75,0.18181818181818182,0.3333333333333333,0.125,0.0,9
candidate_symmetric,16,pi_029,8,2,3.0,0.04236111111111111,0.75,0.0,0.0,0.0,0.0,9
candidate_symmetric,16,pi_030,8,6,0.75,0.04236111111111111,0.75,0.0,0.0,0.0,0.0,9
candidate_symmetric,16,pi_031,8,6,0.75,0.04236111111111111,0.75,0.0,0.0,0.0,0.0,8
candidate_symmetric,16,pi_032,8,6,1.5,0.04236111111111111,0.75,0.0,0.0,0.0,0.0,12
candidate_symmetric,16,pi_033,8,6,1.5,0.04236111111111111,0.75,0.0,0.0,0.0,0.0,11
candidate_symmetric,16,pi_034,8,6,3.0,0.04236111111111111,0.75,0.0,0.0,0.0,0.0,8
candidate_symmetric,16,pi_035,8,6,3.0,0.04236111111111111,0.75,0.0,0.0,0.0,0.0,10
candidate_target_aware,16,pi_000,2,2,0.75,0.034722222222222224,0.8333333333333334,0.0,0.0,0.0,0.0,2
candidate_target_aware,16,pi_001,2,2,0.75,0.034722222222222224,0.8333333333333334,0.0,0.0,0.0,0.0,2
candidate_target_aware,16,pi_002,2,2,1.5,0.034722222222222224,0.8333333333333334,0.0,0.0,0.0,0.0,2
candidate_target_aware,16,pi_003,2,2,1.5,0.034722222222222224,0.8333333333333334,0.0,0.0,0.0,0.0,2
candidate_target_aware,16,pi_004,2,2,3.0,0.034722222222222224,0.8333333333333334,0.0,0.0,0.0,0.0,2
candidate_target_aware,16,pi_005,2,2,3.0,0.034722222222222224,0.8333333333333334,0.0,0.0,0.0,0.0,3
candidate_target_aware,16,pi_006,2,6,0.75,0.034722222222222224,0.8333333333333334,0.0,0.0,0.0,0.0,2
candidate_target_aware,16,pi_007,2,6,0.75,0.034722222222222224,0.8333333333333334,0.0,0.0,0.0,0.0,2
candidate_target_aware,16,pi_008,2,6,1.5,0.034722222222222224,0.8333333333333334,0.0,0.0,0.0,0.0,2
candidate_target_aware,16,pi_009,2,6,1.5,0.034722222222222224,0.8333333333333334,0.3333333333333333,0.25,0.5,0.0,4
candidate_target_aware,16,pi_010,2,6,3.0,0.034722222222222224,0.8333333333333334,0.0,0.0,0.0,0.0,5
candidate_target_aware,16,pi_011,2,6,3.0,0.034722222222222224,0.8333333333333334,0.0,0.0,0.0,0.0,4
candidate_target_aware,16,pi_012,4,2,0.75,0.034722222222222224,0.8333333333333334,0.0,0.0,0.0,0.0,4
candidate_target_aware,16,pi_013,4,2,0.75,0.034722222222222224,0.8333333333333334,0.0,0.0,0.0,0.0,4
candidate_target_aware,16,pi_014,4,2,1.5,0.034722222222222224,0.8333333333333334,0.0,0.0,0.0,0.0,5
candidate_target_aware,16,pi_015,4,2,1.5,0.034722222222222224,0.8333333333333334,0.3333333333333333,0.5,0.25,0.0,4
candidate_target_aware,16,pi_016,4,2,3.0,0.034722222222222224,0.8333333333333334,0.0,0.0,0.0,0.0,4
candidate_target_aware,16,pi_017,4,2,3.0,0.034722222222222224,0.8333333333333334,0.0,0.0,0.0,0.0,5
candidate_target_aware,16,pi_018,4,6,0.75,0.034722222222222224,0.8333333333333334,0.0,0.0,0.0,0.0,4
candidate_target_aware,16,pi_019,4,6,0.75,0.034722222222222224,0.8333333333333334,0.0,0.0,0.0,0.0,4
candidate_target_aware,16,pi_020,4,6,1.5,0.034722222222222224,0.8333333333333334,0.0,0.0,0.0,0.0,5
candidate_target_aware,16,pi_021,4,6,1.5,0.034722222222222224,0.8333333333333334,0.0,0.0,0.0,0.0,5
candidate_target_aware,16,pi_022,4,6,3.0,0.034722222222222224,0.8333333333333334,0.0,0.0,0.0,0.0,4
candidate_target_aware,16,pi_023,4,6,3.0,0.034722222222222224,0.8333333333333334,0.0,0.0,0.0,0.0,4
candidate_target_aware,16,pi_024,8,2,0.75,0.034722222222222224,0.8333333333333334,0.0,0.0,0.0,0.0,8
candidate_target_aware,16,pi_025,8,2,0.75,0.034722222222222224,0.8333333333333334,0.0,0.0,0.0,0.0,8
candidate_target_aware,16,pi_026,8,2,1.5,0.034722222222222224,0.8333333333333334,0.0,0.0,0.0,0.0,8
candidate_target_aware,16,pi_027,8,2,1.5,0.034722222222222224,0.8333333333333334,0.0,0.0,0.0,0.0,8
candidate_target_aware,16,pi_028,8,2,3.0,0.034722222222222224,0.8333333333333334,0.2,0.5,0.125,0.0,8
candidate_target_aware,16,pi_029,8,2,3.0,0.034722222222222224,0.8333333333333334,0.0,0.0,0.0,0.0,9
candidate_target_aware,16,pi_030,8,6,0.75,0.034722222222222224,0.8333333333333334,0.0,0.0,0.0,0.0,9
candidate_target_aware,16,pi_031,8,6,0.75,0.034722222222222224,0.8333333333333334,0.0,0.0,0.0,0.0,8
candidate_target_aware,16,pi_032,8,6,1.5,0.034722222222222224,0.8333333333333334,0.0,0.0,0.0,0.0,8
candidate_target_aware,16,pi_033,8,6,1.5,0.034722222222222224,0.8333333333333334,0.0,0.0,0.0,0.0,9
candidate_target_aware,16,pi_034,8,6,3.0,0.034722222222222224,0.8333333333333334,0.0,0.0,0.0,0.0,13
candidate_target_aware,16,pi_035,8,6,3.0,0.034722222222222224,0.8333333333333334,0.0,0.0,0.0,0.0,8
candidate_no_singular,16,pi_000,2,2,0.75,0.020833333333333336,0.9722222222222222,0.0,0.0,0.0,0.0,2
candidate_no_singular,16,pi_001,2,2,0.75,0.020833333333333336,0.9722222222222222,0.0,0.0,0.0,0.0,3
candidate_no_singular,16,pi_002,2,2,1.5,0.020833333333333336,0.9722222222222222,0.0,0.0,0.0,0.0,2
candidate_no_singular,16,pi_003,2,2,1.5,0.020833333333333336,0.9722222222222222,0.0,0.0,0.0,0.0,2
candidate_no_singular,16,pi_004,2,2,3.0,0.020833333333333336,0.9722222222222222,0.0,0.0,0.0,0.0,3
candidate_no_singular,16,pi_005,2,2,3.0,0.020833333333333336,0.9722222222222222,0.0,0.0,0.0,0.0,2
candidate_no_singular,16,pi_006,2,6,0.75,0.020833333333333336,0.9722222222222222,0.0,0.0,0.0,0.0,3
candidate_no_singular,16,pi_007,2,6,0.75,0.020833333333333336,0.9722222222222222,0.0,0.0,0.0,0.0,2
candidate_no_singular,16,pi_008,2,6,1.5,0.020833333333333336,0.9722222222222222,0.0,0.0,0.0,0.0,2
candidate_no_singular,16,pi_009,2,6,1.5,0.020833333333333336,0.9722222222222222,0.0,0.0,0.0,0.0,3
candidate_no_singular,16,pi_010,2,6,3.0,0.020833333333333336,0.9722222222222222,0.4,0.3333333333333333,0.5,0.0,3
candidate_no_singular,16,pi_011,2,6,3.0,0.020833333333333336,0.9722222222222222,0.0,0.0,0.0,0.0,4
candidate_no_singular,16,pi_012,4,2,0.75,0.020833333333333336,0.9722222222222222,0.0,0.0,0.0,0.0,4
candidate_no_singular,16,pi_013,4,2,0.75,0.020833333333333336,0.9722222222222222,0.0,0.0,0.0,0.0,4
candidate_no_singular,16,pi_014,4,2,1.5,0.020833333333333336,0.9722222222222222,0.0,0.0,0.0,0.0,4
candidate_no_singular,16,pi_015,4,2,1.5,0.020833333333333336,0.9722222222222222,0.0,0.0,0.0,0.0,6
candidate_no_singular,16,pi_016,4,2,3.0,0.020833333333333336,0.9722222222222222,0.0,0.0,0.0,0.0,4
candidate_no_singular,16,pi_017,4,2,3.0,0.020833333333333336,0.9722222222222222,0.0,0.0,0.0,0.0,4
candidate_no_singular,16,pi_018,4,6,0.75,0.020833333333333336,0.9722222222222222,0.0,0.0,0.0,0.0,4
candidate_no_singular,16,pi_019,4,6,0.75,0.020833333333333336,0.9722222222222222,0.0,0.0,0.0,0.0,5
candidate_no_singular,16,pi_020,4,6,1.5,0.020833333333333336,0.9722222222222222,0.0,0.0,0.0,0.0,5
candidate_no_singular,16,pi_021,4,6,1.5,0.020833333333333336,0.9722222222222222,0.3333333333333333,0.5,0.25,0.0,4
candidate_no_singular,16,pi_022,4,6,3.0,0.020833333333333336,0.9722222222222222,0.0,0.0,0.0,0.0,5
candidate_no_singular,16,pi_023,4,6,3.0,0.020833333333333336,0.9722222222222222,0.0,0.0,0.0,0.0,4
candidate_no_singular,16,pi_024,8,2,0.75,0.020833333333333336,0.9722222222222222,0.0,0.0,0.0,0.0,8
candidate_no_singular,16,pi_025,8,2,0.75,0.020833333333333336,0.9722222222222222,0.0,0.0,0.0,0.0,8
candidate_no_singular,16,pi_026,8,2,1.5,0.020833333333333336,0.9722222222222222,0.0,0.0,0.0,0.0,9
candidate_no_singular,16,pi_027,8,2,1.5,0.020833333333333336,0.9722222222222222,0.0,0.0,0.0,0.0,8
candidate_no_singular,16,pi_028,8,2,3.0,0.020833333333333336,0.9722222222222222,0.2,0.5,0.125,0.0,8
candidate_no_singular,16,pi_029,8,2,3.0,0.020833333333333336,0.9722222222222222,0.2222222222222222,1.0,0.125,0.0,7
candidate_no_singular,16,pi_030,8,6,0.75,0.020833333333333336,0.9722222222222222,0.0,0.0,0.0,0.0,8
candidate_no_singular,16,pi_031,8,6,0.75,0.020833333333333336,0.9722222222222222,0.0,0.0,0.0,0.0,9
candidate_no_singular,16,pi_032,8,6,1.5,0.020833333333333336,0.9722222222222222,0.0,0.0,0.0,0.0,8
candidate_no_singular,16,pi_033,8,6,1.5,0.020833333333333336,0.9722222222222222,0.0,0.0,0.0,0.0,9
candidate_no_singular,16,pi_034,8,6,3.0,0.020833333333333336,0.9722222222222222,0.0,0.0,0.0,0.0,9
candidate_no_singular,16,pi_035,8,6,3.0,0.020833333333333336,0.9722222222222222,0.0,0.0,0.0,0.0,8
candidate_full,16,pi_000,2,2,0.75,0.02916666666666667,0.6388888888888888,0.0,0.0,0.0,0.0,2
candidate_full,16,pi_001,2,2,0.75,0.02916666666666667,0.6388888888888888,0.0,0.0,0.0,0.0,2
candidate_full,16,pi_002,2,2,1.5,0.02916666666666667,0.6388888888888888,0.0,0.0,0.0,0.0,5
candidate_full,16,pi_003,2,2,1.5,0.02916666666666667,0.6388888888888888,0.0,0.0,0.0,0.0,2
candidate_full,16,pi_004,2,2,3.0,0.02916666666666667,0.6388888888888888,0.6666666666666666,1.0,0.5,0.0,1
candidate_full,16,pi_005,2,2,3.0,0.02916666666666667,0.6388888888888888,0.0,0.0,0.0,0.0,3
candidate_full,16,pi_006,2,6,0.75,0.02916666666666667,0.6388888888888888,0.0,0.0,0.0,0.0,3
candidate_full,16,pi_007,2,6,0.75,0.02916666666666667,0.6388888888888888,0.0,0.0,0.0,0.0,2
candidate_full,16,pi_008,2,6,1.5,0.02916666666666667,0.6388888888888888,0.0,0.0,0.0,0.0,3
candidate_full,16,pi_009,2,6,1.5,0.02916666666666667,0.6388888888888888,0.4,0.3333333333333333,0.5,0.0,3
candidate_full,16,pi_010,2,6,3.0,0.02916666666666667,0.6388888888888888,0.28571428571428575,0.2,0.5,0.0,5
candidate_full,16,pi_011,2,6,3.0,0.02916666666666667,0.6388888888888888,0.5,0.3333333333333333,1.0,0.0,4
candidate_full,16,pi_012,4,2,0.75,0.02916666666666667,0.6388888888888888,0.0,0.0,0.0,0.0,5
candidate_full,16,pi_013,4,2,0.75,0.02916666666666667,0.6388888888888888,0.0,0.0,0.0,0.0,5
candidate_full,16,pi_014,4,2,1.5,0.02916666666666667,0.6388888888888888,0.0,0.0,0.0,0.0,4
candidate_full,16,pi_015,4,2,1.5,0.02916666666666667,0.6388888888888888,0.0,0.0,0.0,0.0,7
candidate_full,16,pi_016,4,2,3.0,0.02916666666666667,0.6388888888888888,0.0,0.0,0.0,0.0,6
candidate_full,16,pi_017,4,2,3.0,0.02916666666666667,0.6388888888888888,0.0,0.0,0.0,0.0,5
candidate_full,16,pi_018,4,6,0.75,0.02916666666666667,0.6388888888888888,0.0,0.0,0.0,0.0,4
candidate_full,16,pi_019,4,6,0.75,0.02916666666666667,0.6388888888888888,0.0,0.0,0.0,0.0,4
candidate_full,16,pi_020,4,6,1.5,0.02916666666666667,0.6388888888888888,0.22222222222222224,0.2,0.25,0.0,7
candidate_full,16,pi_021,4,6,1.5,0.02916666666666667,0.6388888888888888,0.3333333333333333,0.5,0.25,0.0,4
candidate_full,16,pi_022,4,6,3.0,0.02916666666666667,0.6388888888888888,0.0,0.0,0.0,0.0,7
candidate_full,16,pi_023,4,6,3.0,0.02916666666666667,0.6388888888888888,0.0,0.0,0.0,0.0,4
candidate_full,16,pi_024,8,2,0.75,0.02916666666666667,0.6388888888888888,0.2222222222222222,1.0,0.125,0.0,7
candidate_full,16,pi_025,8,2,0.75,0.02916666666666667,0.6388888888888888,0.0,0.0,0.0,0.0,13
candidate_full,16,pi_026,8,2,1.5,0.02916666666666667,0.6388888888888888,0.0,0.0,0.0,0.0,8
candidate_full,16,pi_027,8,2,1.5,0.02916666666666667,0.6388888888888888,0.35294117647058826,0.3333333333333333,0.375,0.0,11
candidate_full,16,pi_028,8,2,3.0,0.02916666666666667,0.6388888888888888,0.22222222222222224,0.2,0.25,0.0,14
candidate_full,16,pi_029,8,2,3.0,0.02916666666666667,0.6388888888888888,0.0,0.0,0.0,0.0,8
candidate_full,16,pi_030,8,6,0.75,0.02916666666666667,0.6388888888888888,0.0,0.0,0.0,0.0,8
candidate_full,16,pi_031,8,6,0.75,0.02916666666666667,0.6388888888888888,0.0,0.0,0.0,0.0,9
candidate_full,16,pi_032,8,6,1.5,0.02916666666666667,0.6388888888888888,0.0,0.0,0.0,0.0,12
candidate_full,16,pi_033,8,6,1.5,0.02916666666666667,0.6388888888888888,0.0,0.0,0.0,0.0,11
candidate_full,16,pi_034,8,6,3.0,0.02916666666666667,0.6388888888888888,0.0,0.0,0.0,0.0,8
candidate_full,16,pi_035,8,6,3.0,0.02916666666666667,0.6388888888888888,0.16666666666666666,0.25,0.125,0.0,10
DCD,16,pi_000,2,2,0.75,0.01388888888888889,0.6388888888888888,0.0,0.0,0.0,0.0,2
DCD,16,pi_001,2,2,0.75,0.01388888888888889,0.6388888888888888,0.0,0.0,0.0,0.0,2
DCD,16,pi_002,2,2,1.5,0.01388888888888889,0.6388888888888888,0.0,0.0,0.0,0.0,4
DCD,16,pi_003,2,2,1.5,0.01388888888888889,0.6388888888888888,0.0,0.0,0.0,0.0,2
DCD,16,pi_004,2,2,3.0,0.01388888888888889,0.6388888888888888,0.0,0.0,0.0,0.0,2
DCD,16,pi_005,2,2,3.0,0.01388888888888889,0.6388888888888888,0.4,0.3333333333333333,0.5,0.0,3
DCD,16,pi_006,2,6,0.75,0.01388888888888889,0.6388888888888888,0.0,0.0,0.0,0.0,2
DCD,16,pi_007,2,6,0.75,0.01388888888888889,0.6388888888888888,0.0,0.0,0.0,0.0,2
DCD,16,pi_008,2,6,1.5,0.01388888888888889,0.6388888888888888,0.0,0.0,0.0,0.0,3
DCD,16,pi_009,2,6,1.5,0.01388888888888889,0.6388888888888888,0.5,0.5,0.5,0.0,2
DCD,16,pi_010,2,6,3.0,0.01388888888888889,0.6388888888888888,0.0,0.0,0.0,0.0,10
DCD,16,pi_011,2,6,3.0,0.01388888888888889,0.6388888888888888,0.0,0.0,0.0,0.0,8
DCD,16,pi_012,4,2,0.75,0.01388888888888889,0.6388888888888888,0.0,0.0,0.0,0.0,6
DCD,16,pi_013,4,2,0.75,0.01388888888888889,0.6388888888888888,0.0,0.0,0.0,0.0,5
DCD,16,pi_014,4,2,1.5,0.01388888888888889,0.6388888888888888,0.0,0.0,0.0,0.0,4
DCD,16,pi_015,4,2,1.5,0.01388888888888889,0.6388888888888888,0.0,0.0,0.0,0.0,5
DCD,16,pi_016,4,2,3.0,0.01388888888888889,0.6388888888888888,0.0,0.0,0.0,0.0,11
DCD,16,pi_017,4,2,3.0,0.01388888888888889,0.6388888888888888,0.3333333333333333,0.5,0.25,0.0,4
DCD,16,pi_018,4,6,0.75,0.01388888888888889,0.6388888888888888,0.0,0.0,0.0,0.0,4
DCD,16,pi_019,4,6,0.75,0.01388888888888889,0.6388888888888888,0.0,0.0,0.0,0.0,4
DCD,16,pi_020,4,6,1.5,0.01388888888888889,0.6388888888888888,0.0,0.0,0.0,0.0,7
DCD,16,pi_021,4,6,1.5,0.01388888888888889,0.6388888888888888,0.0,0.0,0.0,0.0,7
DCD,16,pi_022,4,6,3.0,0.01388888888888889,0.6388888888888888,0.0,0.0,0.0,0.0,7
DCD,16,pi_023,4,6,3.0,0.01388888888888889,0.6388888888888888,0.0,0.0,0.0,0.0,4
DCD,16,pi_024,8,2,0.75,0.01388888888888889,0.6388888888888888,0.0,0.0,0.0,0.0,9
DCD,16,pi_025,8,2,0.75,0.01388888888888889,0.6388888888888888,0.16666666666666666,0.25,0.125,0.0,10
DCD,16,pi_026,8,2,1.5,0.01388888888888889,0.6388888888888888,0.2222222222222222,1.0,0.125,0.0,7
DCD,16,pi_027,8,2,1.5,0.01388888888888889,0.6388888888888888,0.16666666666666666,0.25,0.125,0.0,10
DCD,16,pi_028,8,2,3.0,0.01388888888888889,0.6388888888888888,0.15384615384615385,0.2,0.125,0.0,11
DCD,16,pi_029,8,2,3.0,0.01388888888888889,0.6388888888888888,0.2,0.5,0.125,0.0,8
DCD,16,pi_030,8,6,0.75,0.01388888888888889,0.6388888888888888,0.0,0.0,0.0,0.0,9
DCD,16,pi_031,8,6,0.75,0.01388888888888889,0.6388888888888888,0.0,0.0,0.0,0.0,9
DCD,16,pi_032,8,6,1.5,0.01388888888888889,0.6388888888888888,0.0,0.0,0.0,0.0,10
DCD,16,pi_033,8,6,1.5,0.01388888888888889,0.6388888888888888,0.0,0.0,0.0,0.0,10
DCD,16,pi_034,8,6,3.0,0.01388888888888889,0.6388888888888888,0.2222222222222222,1.0,0.125,0.0,7
DCD,16,pi_035,8,6,3.0,0.01388888888888889,0.6388888888888888,0.18181818181818182,0.3333333333333333,0.125,0.0,9
uniform,24,pi_000,2,2,0.75,0.0020833333333333333,0.7777777777777778,0.0,0.0,0.0,0.0,2
uniform,24,pi_001,2,2,0.75,0.0020833333333333333,0.7777777777777778,0.0,0.0,0.0,0.0,2
uniform,24,pi_002,2,2,1.5,0.0020833333333333333,0.7777777777777778,0.0,0.0,0.0,0.0,4
uniform,24,pi_003,2,2,1.5,0.0020833333333333333,0.7777777777777778,0.0,0.0,0.0,0.0,2
uniform,24,pi_004,2,2,3.0,0.0020833333333333333,0.7777777777777778,0.0,0.0,0.0,0.0,3
uniform,24,pi_005,2,2,3.0,0.0020833333333333333,0.7777777777777778,0.0,0.0,0.0,0.0,3
uniform,24,pi_006,2,6,0.75,0.0020833333333333333,0.7777777777777778,0.0,0.0,0.0,0.0,3
uniform,24,pi_007,2,6,0.75,0.0020833333333333333,0.7777777777777778,0.0,0.0,0.0,0.0,4
uniform,24,pi_008,2,6,1.5,0.0020833333333333333,0.7777777777777778,0.0,0.0,0.0,0.0,2
uniform,24,pi_009,2,6,1.5,0.0020833333333333333,0.7777777777777778,0.0,0.0,0.0,0.0,3
uniform,24,pi_010,2,6,3.0,0.0020833333333333333,0.7777777777777778,0.0,0.0,0.0,0.0,6
uniform,24,pi_011,2,6,3.0,0.0020833333333333333,0.7777777777777778,0.4,0.3333333333333333,0.5,0.0,3
uniform,24,pi_012,4,2,0.75,0.0020833333333333333,0.7777777777777778,0.0,0.0,0.0,0.0,4
uniform,24,pi_013,4,2,0.75,0.0020833333333333333,0.7777777777777778,0.0,0.0,0.0,0.0,4
uniform,24,pi_014,4,2,1.5,0.0020833333333333333,0.7777777777777778,0.0,0.0,0.0,0.0,4
uniform,24,pi_015,4,2,1.5,0.0020833333333333333,0.7777777777777778,0.0,0.0,0.0,0.0,5
uniform,24,pi_016,4,2,3.0,0.0020833333333333333,0.7777777777777778,0.0,0.0,0.0,0.0,5
uniform,24,pi_017,4,2,3.0,0.0020833333333333333,0.7777777777777778,0.3333333333333333,0.5,0.25,0.0,4
uniform,24,pi_018,4,6,0.75,0.0020833333333333333,0.7777777777777778,0.0,0.0,0.0,0.0,5
uniform,24,pi_019,4,6,0.75,0.0020833333333333333,0.7777777777777778,0.0,0.0,0.0,0.0,5
uniform,24,pi_020,4,6,1.5,0.0020833333333333333,0.7777777777777778,0.0,0.0,0.0,0.0,5
uniform,24,pi_021,4,6,1.5,0.0020833333333333333,0.7777777777777778,0.0,0.0,0.0,0.0,6
uniform,24,pi_022,4,6,3.0,0.0020833333333333333,0.7777777777777778,0.0,0.0,0.0,0.0,7
uniform,24,pi_023,4,6,3.0,0.0020833333333333333,0.7777777777777778,0.0,0.0,0.0,0.0,7
uniform,24,pi_024,8,2,0.75,0.0020833333333333333,0.7777777777777778,0.0,0.0,0.0,0.0,8
uniform,24,pi_025,8,2,0.75,0.0020833333333333333,0.7777777777777778,0.0,0.0,0.0,0.0,8
uniform,24,pi_026,8,2,1.5,0.0020833333333333333,0.7777777777777778,0.2222222222222222,1.0,0.125,0.0,7
uniform,24,pi_027,8,2,1.5,0.0020833333333333333,0.7777777777777778,0.0,0.0,0.0,0.0,9
uniform,24,pi_028,8,2,3.0,0.0020833333333333333,0.7777777777777778,0.2222222222222222,1.0,0.125,0.0,7
uniform,24,pi_029,8,2,3.0,0.0020833333333333333,0.7777777777777778,0.2222222222222222,1.0,0.125,0.0,7
uniform,24,pi_030,8,6,0.75,0.0020833333333333333,0.7777777777777778,0.0,0.0,0.0,0.0,8
uniform,24,pi_031,8,6,0.75,0.0020833333333333333,0.7777777777777778,0.0,0.0,0.0,0.0,10
uniform,24,pi_032,8,6,1.5,0.0020833333333333333,0.7777777777777778,0.0,0.0,0.0,0.0,10
uniform,24,pi_033,8,6,1.5,0.0020833333333333333,0.7777777777777778,0.0,0.0,0.0,0.0,11
uniform,24,pi_034,8,6,3.0,0.0020833333333333333,0.7777777777777778,0.0,0.0,0.0,0.0,8
uniform,24,pi_035,8,6,3.0,0.0020833333333333333,0.7777777777777778,0.0,0.0,0.0,0.0,11
D-opt,24,pi_000,2,2,0.75,0.006944444444444445,0.0,0.0,0.0,0.0,0.0,2
D-opt,24,pi_001,2,2,0.75,0.006944444444444445,0.0,0.0,0.0,0.0,0.0,3
D-opt,24,pi_002,2,2,1.5,0.006944444444444445,0.0,0.4,0.3333333333333333,0.5,0.0,3
D-opt,24,pi_003,2,2,1.5,0.006944444444444445,0.0,0.0,0.0,0.0,0.0,2
D-opt,24,pi_004,2,2,3.0,0.006944444444444445,0.0,0.8,0.6666666666666666,1.0,0.0,1
D-opt,24,pi_005,2,2,3.0,0.006944444444444445,0.0,0.4,0.3333333333333333,0.5,0.0,3
D-opt,24,pi_006,2,6,0.75,0.006944444444444445,0.0,0.0,0.0,0.0,0.0,2
D-opt,24,pi_007,2,6,0.75,0.006944444444444445,0.0,0.0,0.0,0.0,0.0,2
D-opt,24,pi_008,2,6,1.5,0.006944444444444445,0.0,0.3333333333333333,0.25,0.5,0.0,4
D-opt,24,pi_009,2,6,1.5,0.006944444444444445,0.0,0.3333333333333333,0.25,0.5,0.0,4
D-opt,24,pi_010,2,6,3.0,0.006944444444444445,0.0,0.0,0.0,0.0,0.0,4
D-opt,24,pi_011,2,6,3.0,0.006944444444444445,0.0,0.22222222222222224,0.14285714285714285,0.5,0.0,7
D-opt,24,pi_012,4,2,0.75,0.006944444444444445,0.0,0.0,0.0,0.0,0.0,4
D-opt,24,pi_013,4,2,0.75,0.006944444444444445,0.0,0.6666666666666666,1.0,0.5,0.0,2
D-opt,24,pi_014,4,2,1.5,0.006944444444444445,0.0,0.0,0.0,0.0,0.0,6
D-opt,24,pi_015,4,2,1.5,0.006944444444444445,0.0,0.6666666666666666,1.0,0.5,0.0,2
D-opt,24,pi_016,4,2,3.0,0.006944444444444445,0.0,0.3333333333333333,0.25,0.5,0.0,8
D-opt,24,pi_017,4,2,3.0,0.006944444444444445,0.0,0.4444444444444445,0.4,0.5,0.0,5
D-opt,24,pi_018,4,6,0.75,0.006944444444444445,0.0,0.0,0.0,0.0,0.0,5
D-opt,24,pi_019,4,6,0.75,0.006944444444444445,0.0,0.0,0.0,0.0,0.0,5
D-opt,24,pi_020,4,6,1.5,0.006944444444444445,0.0,0.28571428571428575,0.3333333333333333,0.25,0.0,5
D-opt,24,pi_021,4,6,1.5,0.006944444444444445,0.0,0.4444444444444445,0.4,0.5,0.0,5
D-opt,24,pi_022,4,6,3.0,0.006944444444444445,0.0,0.0,0.0,0.0,0.0,9
D-opt,24,pi_023,4,6,3.0,0.006944444444444445,0.0,0.0,0.0,0.0,0.0,6
D-opt,24,pi_024,8,2,0.75,0.006944444444444445,0.0,0.2,0.5,0.125,0.0,8
D-opt,24,pi_025,8,2,0.75,0.006944444444444445,0.0,0.36363636363636365,0.6666666666666666,0.25,0.0,7
D-opt,24,pi_026,8,2,1.5,0.006944444444444445,0.0,0.0,0.0,0.0,0.0,8
D-opt,24,pi_027,8,2,1.5,0.006944444444444445,0.0,0.42857142857142855,0.5,0.375,0.0,8
D-opt,24,pi_028,8,2,3.0,0.006944444444444445,0.0,0.875,0.875,0.875,0.0,2
D-opt,24,pi_029,8,2,3.0,0.006944444444444445,0.0,0.26666666666666666,0.2857142857142857,0.25,0.0,11
D-opt,24,pi_030,8,6,0.75,0.006944444444444445,0.0,0.18181818181818182,0.3333333333333333,0.125,0.0,9
D-opt,24,pi_031,8,6,0.75,0.006944444444444445,0.0,0.2,0.5,0.125,0.0,8
D-opt,24,pi_032,8,6,1.5,0.006944444444444445,0.0,0.2,0.5,0.125,0.0,8
D-opt,24,pi_033,8,6,1.5,0.006944444444444445,0.0,0.18181818181818182,0.3333333333333333,0.125,0.0,9
D-opt,24,pi_034,8,6,3.0,0.006944444444444445,0.0,0.4615384615384615,0.6,0.375,0.0,7
D-opt,24,pi_035,8,6,3.0,0.006944444444444445,0.0,0.28571428571428575,0.3333333333333333,0.25,0.0,10
hybrid_d50,24,pi_000,2,2,0.75,0.001388888888888889,0.05555555555555555,0.6666666666666666,1.0,0.5,0.0,1
hybrid_d50,24,pi_001,2,2,0.75,0.001388888888888889,0.05555555555555555,0.0,0.0,0.0,0.0,2
hybrid_d50,24,pi_002,2,2,1.5,0.001388888888888889,0.05555555555555555,0.0,0.0,0.0,0.0,5
hybrid_d50,24,pi_003,2,2,1.5,0.001388888888888889,0.05555555555555555,0.0,0.0,0.0,0.0,2
hybrid_d50,24,pi_004,2,2,3.0,0.001388888888888889,0.05555555555555555,0.8,0.6666666666666666,1.0,0.0,1
hybrid_d50,24,pi_005,2,2,3.0,0.001388888888888889,0.05555555555555555,0.3333333333333333,0.25,0.5,0.0,4
hybrid_d50,24,pi_006,2,6,0.75,0.001388888888888889,0.05555555555555555,0.0,0.0,0.0,0.0,2
hybrid_d50,24,pi_007,2,6,0.75,0.001388888888888889,0.05555555555555555,0.0,0.0,0.0,0.0,2
hybrid_d50,24,pi_008,2,6,1.5,0.001388888888888889,0.05555555555555555,0.4,0.3333333333333333,0.5,0.0,3
hybrid_d50,24,pi_009,2,6,1.5,0.001388888888888889,0.05555555555555555,0.5714285714285715,0.4,1.0,0.0,3
hybrid_d50,24,pi_010,2,6,3.0,0.001388888888888889,0.05555555555555555,0.0,0.0,0.0,0.0,5
hybrid_d50,24,pi_011,2,6,3.0,0.001388888888888889,0.05555555555555555,0.6666666666666666,0.5,1.0,0.0,2
hybrid_d50,24,pi_012,4,2,0.75,0.001388888888888889,0.05555555555555555,0.0,0.0,0.0,0.0,4
hybrid_d50,24,pi_013,4,2,0.75,0.001388888888888889,0.05555555555555555,0.4,1.0,0.25,0.0,3
hybrid_d50,24,pi_014,4,2,1.5,0.001388888888888889,0.05555555555555555,0.0,0.0,0.0,0.0,4
hybrid_d50,24,pi_015,4,2,1.5,0.001388888888888889,0.05555555555555555,0.3333333333333333,0.5,0.25,0.0,4
hybrid_d50,24,pi_016,4,2,3.0,0.001388888888888889,0.05555555555555555,0.0,0.0,0.0,0.0,7
hybrid_d50,24,pi_017,4,2,3.0,0.001388888888888889,0.05555555555555555,0.25,0.25,0.25,0.0,6
hybrid_d50,24,pi_018,4,6,0.75,0.001388888888888889,0.05555555555555555,0.0,0.0,0.0,0.0,4
hybrid_d50,24,pi_019,4,6,0.75,0.001388888888888889,0.05555555555555555,0.0,0.0,0.0,0.0,4
hybrid_d50,24,pi_020,4,6,1.5,0.001388888888888889,0.05555555555555555,0.25,0.25,0.25,0.0,6
hybrid_d50,24,pi_021,4,6,1.5,0.001388888888888889,0.05555555555555555,0.5,0.5,0.5,0.0,4
hybrid_d50,24,pi_022,4,6,3.0,0.001388888888888889,0.05555555555555555,0.0,0.0,0.0,0.0,9
hybrid_d50,24,pi_023,4,6,3.0,0.001388888888888889,0.05555555555555555,0.22222222222222224,0.2,0.25,0.0,7
hybrid_d50,24,pi_024,8,2,0.75,0.001388888888888889,0.05555555555555555,0.18181818181818182,0.3333333333333333,0.125,0.0,9
hybrid_d50,24,pi_025,8,2,0.75,0.001388888888888889,0.05555555555555555,0.18181818181818182,0.3333333333333333,0.125,0.0,9
hybrid_d50,24,pi_026,8,2,1.5,0.001388888888888889,0.05555555555555555,0.0,0.0,0.0,0.0,8
hybrid_d50,24,pi_027,8,2,1.5,0.001388888888888889,0.05555555555555555,0.4615384615384615,0.6,0.375,0.0,7
hybrid_d50,24,pi_028,8,2,3.0,0.001388888888888889,0.05555555555555555,0.5333333333333333,0.5714285714285714,0.5,0.0,7
hybrid_d50,24,pi_029,8,2,3.0,0.001388888888888889,0.05555555555555555,0.4615384615384615,0.6,0.375,0.0,7
hybrid_d50,24,pi_030,8,6,0.75,0.001388888888888889,0.05555555555555555,0.0,0.0,0.0,0.0,9
hybrid_d50,24,pi_031,8,6,0.75,0.001388888888888889,0.05555555555555555,0.18181818181818182,0.3333333333333333,0.125,0.0,9
hybrid_d50,24,pi_032,8,6,1.5,0.001388888888888889,0.05555555555555555,0.0,0.0,0.0,0.0,10
hybrid_d50,24,pi_033,8,6,1.5,0.001388888888888889,0.05555555555555555,0.2,0.5,0.125,0.0,8
hybrid_d50,24,pi_034,8,6,3.0,0.001388888888888889,0.05555555555555555,0.16666666666666666,0.25,0.125,0.0,10
hybrid_d50,24,pi_035,8,6,3.0,0.001388888888888889,0.05555555555555555,0.0,0.0,0.0,0.0,13
HILS,24,pi_000,2,2,0.75,0.018750000000000003,0.8055555555555556,0.0,0.0,0.0,0.0,2
HILS,24,pi_001,2,2,0.75,0.018750000000000003,0.8055555555555556,0.0,0.0,0.0,0.0,2
HILS,24,pi_002,2,2,1.5,0.018750000000000003,0.8055555555555556,0.4,0.3333333333333333,0.5,0.0,3
HILS,24,pi_003,2,2,1.5,0.018750000000000003,0.8055555555555556,0.0,0.0,0.0,0.0,2
HILS,24,pi_004,2,2,3.0,0.018750000000000003,0.8055555555555556,0.0,0.0,0.0,0.0,2
HILS,24,pi_005,2,2,3.0,0.018750000000000003,0.8055555555555556,0.0,0.0,0.0,0.0,2
HILS,24,pi_006,2,6,0.75,0.018750000000000003,0.8055555555555556,0.0,0.0,0.0,0.0,2
HILS,24,pi_007,2,6,0.75,0.018750000000000003,0.8055555555555556,0.0,0.0,0.0,0.0,2
HILS,24,pi_008,2,6,1.5,0.018750000000000003,0.8055555555555556,0.0,0.0,0.0,0.0,2
HILS,24,pi_009,2,6,1.5,0.018750000000000003,0.8055555555555556,0.5,0.5,0.5,0.0,2
HILS,24,pi_010,2,6,3.0,0.018750000000000003,0.8055555555555556,0.0,0.0,0.0,0.0,3
HILS,24,pi_011,2,6,3.0,0.018750000000000003,0.8055555555555556,0.25,0.16666666666666666,0.5,0.0,6
HILS,24,pi_012,4,2,0.75,0.018750000000000003,0.8055555555555556,0.0,0.0,0.0,0.0,4
HILS,24,pi_013,4,2,0.75,0.018750000000000003,0.8055555555555556,0.0,0.0,0.0,0.0,5
HILS,24,pi_014,4,2,1.5,0.018750000000000003,0.8055555555555556,0.0,0.0,0.0,0.0,5
HILS,24,pi_015,4,2,1.5,0.018750000000000003,0.8055555555555556,0.0,0.0,0.0,0.0,4
HILS,24,pi_016,4,2,3.0,0.018750000000000003,0.8055555555555556,0.0,0.0,0.0,0.0,5
HILS,24,pi_017,4,2,3.0,0.018750000000000003,0.8055555555555556,0.0,0.0,0.0,0.0,5
HILS,24,pi_018,4,6,0.75,0.018750000000000003,0.8055555555555556,0.0,0.0,0.0,0.0,4
HILS,24,pi_019,4,6,0.75,0.018750000000000003,0.8055555555555556,0.0,0.0,0.0,0.0,4
HILS,24,pi_020,4,6,1.5,0.018750000000000003,0.8055555555555556,0.0,0.0,0.0,0.0,4
HILS,24,pi_021,4,6,1.5,0.018750000000000003,0.8055555555555556,0.0,0.0,0.0,0.0,6
HILS,24,pi_022,4,6,3.0,0.018750000000000003,0.8055555555555556,0.0,0.0,0.0,0.0,4
HILS,24,pi_023,4,6,3.0,0.018750000000000003,0.8055555555555556,0.0,0.0,0.0,0.0,5
HILS,24,pi_024,8,2,0.75,0.018750000000000003,0.8055555555555556,0.0,0.0,0.0,0.0,8
HILS,24,pi_025,8,2,0.75,0.018750000000000003,0.8055555555555556,0.0,0.0,0.0,0.0,10
HILS,24,pi_026,8,2,1.5,0.018750000000000003,0.8055555555555556,0.2222222222222222,1.0,0.125,0.0,7
HILS,24,pi_027,8,2,1.5,0.018750000000000003,0.8055555555555556,0.0,0.0,0.0,0.0,13
HILS,24,pi_028,8,2,3.0,0.018750000000000003,0.8055555555555556,0.2,0.5,0.125,0.0,8
HILS,24,pi_029,8,2,3.0,0.018750000000000003,0.8055555555555556,0.2,0.5,0.125,0.0,8
HILS,24,pi_030,8,6,0.75,0.018750000000000003,0.8055555555555556,0.0,0.0,0.0,0.0,8
HILS,24,pi_031,8,6,0.75,0.018750000000000003,0.8055555555555556,0.0,0.0,0.0,0.0,8
HILS,24,pi_032,8,6,1.5,0.018750000000000003,0.8055555555555556,0.16666666666666666,0.25,0.125,0.0,10
HILS,24,pi_033,8,6,1.5,0.018750000000000003,0.8055555555555556,0.16666666666666666,0.25,0.125,0.0,10
HILS,24,pi_034,8,6,3.0,0.018750000000000003,0.8055555555555556,0.0,0.0,0.0,0.0,8
HILS,24,pi_035,8,6,3.0,0.018750000000000003,0.8055555555555556,0.0,0.0,0.0,0.0,10
candidate_symmetric,24,pi_000,2,2,0.75,0.045138888888888895,0.7777777777777778,0.0,0.0,0.0,0.0,2
candidate_symmetric,24,pi_001,2,2,0.75,0.045138888888888895,0.7777777777777778,0.0,0.0,0.0,0.0,2
candidate_symmetric,24,pi_002,2,2,1.5,0.045138888888888895,0.7777777777777778,0.4,0.3333333333333333,0.5,0.0,3
candidate_symmetric,24,pi_003,2,2,1.5,0.045138888888888895,0.7777777777777778,0.0,0.0,0.0,0.0,2
candidate_symmetric,24,pi_004,2,2,3.0,0.045138888888888895,0.7777777777777778,0.0,0.0,0.0,0.0,3
candidate_symmetric,24,pi_005,2,2,3.0,0.045138888888888895,0.7777777777777778,0.0,0.0,0.0,0.0,3
candidate_symmetric,24,pi_006,2,6,0.75,0.045138888888888895,0.7777777777777778,0.0,0.0,0.0,0.0,2
candidate_symmetric,24,pi_007,2,6,0.75,0.045138888888888895,0.7777777777777778,0.0,0.0,0.0,0.0,2
candidate_symmetric,24,pi_008,2,6,1.5,0.045138888888888895,0.7777777777777778,0.0,0.0,0.0,0.0,2
candidate_symmetric,24,pi_009,2,6,1.5,0.045138888888888895,0.7777777777777778,0.4,0.3333333333333333,0.5,0.0,3
candidate_symmetric,24,pi_010,2,6,3.0,0.045138888888888895,0.7777777777777778,0.28571428571428575,0.2,0.5,0.0,5
candidate_symmetric,24,pi_011,2,6,3.0,0.045138888888888895,0.7777777777777778,0.3333333333333333,0.25,0.5,0.0,4
candidate_symmetric,24,pi_012,4,2,0.75,0.045138888888888895,0.7777777777777778,0.0,0.0,0.0,0.0,4
candidate_symmetric,24,pi_013,4,2,0.75,0.045138888888888895,0.7777777777777778,0.0,0.0,0.0,0.0,6
candidate_symmetric,24,pi_014,4,2,1.5,0.045138888888888895,0.7777777777777778,0.0,0.0,0.0,0.0,4
candidate_symmetric,24,pi_015,4,2,1.5,0.045138888888888895,0.7777777777777778,0.0,0.0,0.0,0.0,5
candidate_symmetric,24,pi_016,4,2,3.0,0.045138888888888895,0.7777777777777778,0.0,0.0,0.0,0.0,6
candidate_symmetric,24,pi_017,4,2,3.0,0.045138888888888895,0.7777777777777778,0.0,0.0,0.0,0.0,4
candidate_symmetric,24,pi_018,4,6,0.75,0.045138888888888895,0.7777777777777778,0.0,0.0,0.0,0.0,4
candidate_symmetric,24,pi_019,4,6,0.75,0.045138888888888895,0.7777777777777778,0.0,0.0,0.0,0.0,4
candidate_symmetric,24,pi_020,4,6,1.5,0.045138888888888895,0.7777777777777778,0.0,0.0,0.0,0.0,4
candidate_symmetric,24,pi_021,4,6,1.5,0.045138888888888895,0.7777777777777778,0.0,0.0,0.0,0.0,5
candidate_symmetric,24,pi_022,4,6,3.0,0.045138888888888895,0.7777777777777778,0.0,0.0,0.0,0.0,6
candidate_symmetric,24,pi_023,4,6,3.0,0.045138888888888895,0.7777777777777778,0.0,0.0,0.0,0.0,5
candidate_symmetric,24,pi_024,8,2,0.75,0.045138888888888895,0.7777777777777778,0.0,0.0,0.0,0.0,9
candidate_symmetric,24,pi_025,8,2,0.75,0.045138888888888895,0.7777777777777778,0.0,0.0,0.0,0.0,10
candidate_symmetric,24,pi_026,8,2,1.5,0.045138888888888895,0.7777777777777778,0.0,0.0,0.0,0.0,8
candidate_symmetric,24,pi_027,8,2,1.5,0.045138888888888895,0.7777777777777778,0.0,0.0,0.0,0.0,16
candidate_symmetric,24,pi_028,8,2,3.0,0.045138888888888895,0.7777777777777778,0.28571428571428575,0.3333333333333333,0.25,0.0,9
candidate_symmetric,24,pi_029,8,2,3.0,0.045138888888888895,0.7777777777777778,0.2,0.5,0.125,0.0,8
candidate_symmetric,24,pi_030,8,6,0.75,0.045138888888888895,0.7777777777777778,0.0,0.0,0.0,0.0,8
candidate_symmetric,24,pi_031,8,6,0.75,0.045138888888888895,0.7777777777777778,0.0,0.0,0.0,0.0,8
candidate_symmetric,24,pi_032,8,6,1.5,0.045138888888888895,0.7777777777777778,0.0,0.0,0.0,0.0,9
candidate_symmetric,24,pi_033,8,6,1.5,0.045138888888888895,0.7777777777777778,0.15384615384615385,0.2,0.125,0.0,11
candidate_symmetric,24,pi_034,8,6,3.0,0.045138888888888895,0.7777777777777778,0.0,0.0,0.0,0.0,8
candidate_symmetric,24,pi_035,8,6,3.0,0.045138888888888895,0.7777777777777778,0.14285714285714288,0.16666666666666666,0.125,0.0,12
candidate_target_aware,24,pi_000,2,2,0.75,0.0625,0.7777777777777778,0.0,0.0,0.0,0.0,2
candidate_target_aware,24,pi_001,2,2,0.75,0.0625,0.7777777777777778,0.0,0.0,0.0,0.0,2
candidate_target_aware,24,pi_002,2,2,1.5,0.0625,0.7777777777777778,0.0,0.0,0.0,0.0,9
candidate_target_aware,24,pi_003,2,2,1.5,0.0625,0.7777777777777778,0.0,0.0,0.0,0.0,2
candidate_target_aware,24,pi_004,2,2,3.0,0.0625,0.7777777777777778,0.0,0.0,0.0,0.0,3
candidate_target_aware,24,pi_005,2,2,3.0,0.0625,0.7777777777777778,0.0,0.0,0.0,0.0,3
candidate_target_aware,24,pi_006,2,6,0.75,0.0625,0.7777777777777778,0.0,0.0,0.0,0.0,2
candidate_target_aware,24,pi_007,2,6,0.75,0.0625,0.7777777777777778,0.0,0.0,0.0,0.0,2
candidate_target_aware,24,pi_008,2,6,1.5,0.0625,0.7777777777777778,0.0,0.0,0.0,0.0,3
candidate_target_aware,24,pi_009,2,6,1.5,0.0625,0.7777777777777778,0.3333333333333333,0.25,0.5,0.0,4
candidate_target_aware,24,pi_010,2,6,3.0,0.0625,0.7777777777777778,0.3333333333333333,0.25,0.5,0.0,4
candidate_target_aware,24,pi_011,2,6,3.0,0.0625,0.7777777777777778,0.0,0.0,0.0,0.0,8
candidate_target_aware,24,pi_012,4,2,0.75,0.0625,0.7777777777777778,0.0,0.0,0.0,0.0,4
candidate_target_aware,24,pi_013,4,2,0.75,0.0625,0.7777777777777778,0.0,0.0,0.0,0.0,5
candidate_target_aware,24,pi_014,4,2,1.5,0.0625,0.7777777777777778,0.0,0.0,0.0,0.0,4
candidate_target_aware,24,pi_015,4,2,1.5,0.0625,0.7777777777777778,0.0,0.0,0.0,0.0,4
candidate_target_aware,24,pi_016,4,2,3.0,0.0625,0.7777777777777778,0.0,0.0,0.0,0.0,5
candidate_target_aware,24,pi_017,4,2,3.0,0.0625,0.7777777777777778,0.0,0.0,0.0,0.0,5
candidate_target_aware,24,pi_018,4,6,0.75,0.0625,0.7777777777777778,0.0,0.0,0.0,0.0,4
candidate_target_aware,24,pi_019,4,6,0.75,0.0625,0.7777777777777778,0.0,0.0,0.0,0.0,5
candidate_target_aware,24,pi_020,4,6,1.5,0.0625,0.7777777777777778,0.0,0.0,0.0,0.0,5
candidate_target_aware,24,pi_021,4,6,1.5,0.0625,0.7777777777777778,0.0,0.0,0.0,0.0,7
candidate_target_aware,24,pi_022,4,6,3.0,0.0625,0.7777777777777778,0.0,0.0,0.0,0.0,5
candidate_target_aware,24,pi_023,4,6,3.0,0.0625,0.7777777777777778,0.0,0.0,0.0,0.0,5
candidate_target_aware,24,pi_024,8,2,0.75,0.0625,0.7777777777777778,0.0,0.0,0.0,0.0,8
candidate_target_aware,24,pi_025,8,2,0.75,0.0625,0.7777777777777778,0.18181818181818182,0.3333333333333333,0.125,0.0,9
candidate_target_aware,24,pi_026,8,2,1.5,0.0625,0.7777777777777778,0.0,0.0,0.0,0.0,8
candidate_target_aware,24,pi_027,8,2,1.5,0.0625,0.7777777777777778,0.0,0.0,0.0,0.0,13
candidate_target_aware,24,pi_028,8,2,3.0,0.0625,0.7777777777777778,0.16666666666666666,0.25,0.125,0.0,10
candidate_target_aware,24,pi_029,8,2,3.0,0.0625,0.7777777777777778,0.2222222222222222,1.0,0.125,0.0,7
candidate_target_aware,24,pi_030,8,6,0.75,0.0625,0.7777777777777778,0.0,0.0,0.0,0.0,8
candidate_target_aware,24,pi_031,8,6,0.75,0.0625,0.7777777777777778,0.0,0.0,0.0,0.0,8
candidate_target_aware,24,pi_032,8,6,1.5,0.0625,0.7777777777777778,0.18181818181818182,0.3333333333333333,0.125,0.0,9
candidate_target_aware,24,pi_033,8,6,1.5,0.0625,0.7777777777777778,0.0,0.0,0.0,0.0,9
candidate_target_aware,24,pi_034,8,6,3.0,0.0625,0.7777777777777778,0.2222222222222222,1.0,0.125,0.0,7
candidate_target_aware,24,pi_035,8,6,3.0,0.0625,0.7777777777777778,0.18181818181818182,0.3333333333333333,0.125,0.0,9
candidate_no_singular,24,pi_000,2,2,0.75,0.02152777777777778,0.9722222222222222,0.0,0.0,0.0,0.0,2
candidate_no_singular,24,pi_001,2,2,0.75,0.02152777777777778,0.9722222222222222,0.0,0.0,0.0,0.0,3
candidate_no_singular,24,pi_002,2,2,1.5,0.02152777777777778,0.9722222222222222,0.0,0.0,0.0,0.0,2
candidate_no_singular,24,pi_003,2,2,1.5,0.02152777777777778,0.9722222222222222,0.0,0.0,0.0,0.0,2
candidate_no_singular,24,pi_004,2,2,3.0,0.02152777777777778,0.9722222222222222,0.0,0.0,0.0,0.0,2
candidate_no_singular,24,pi_005,2,2,3.0,0.02152777777777778,0.9722222222222222,0.0,0.0,0.0,0.0,2
candidate_no_singular,24,pi_006,2,6,0.75,0.02152777777777778,0.9722222222222222,0.0,0.0,0.0,0.0,3
candidate_no_singular,24,pi_007,2,6,0.75,0.02152777777777778,0.9722222222222222,0.0,0.0,0.0,0.0,2
candidate_no_singular,24,pi_008,2,6,1.5,0.02152777777777778,0.9722222222222222,0.0,0.0,0.0,0.0,2
candidate_no_singular,24,pi_009,2,6,1.5,0.02152777777777778,0.9722222222222222,0.0,0.0,0.0,0.0,3
candidate_no_singular,24,pi_010,2,6,3.0,0.02152777777777778,0.9722222222222222,0.0,0.0,0.0,0.0,2
candidate_no_singular,24,pi_011,2,6,3.0,0.02152777777777778,0.9722222222222222,0.5,0.5,0.5,0.0,2
candidate_no_singular,24,pi_012,4,2,0.75,0.02152777777777778,0.9722222222222222,0.0,0.0,0.0,0.0,4
candidate_no_singular,24,pi_013,4,2,0.75,0.02152777777777778,0.9722222222222222,0.0,0.0,0.0,0.0,4
candidate_no_singular,24,pi_014,4,2,1.5,0.02152777777777778,0.9722222222222222,0.0,0.0,0.0,0.0,4
candidate_no_singular,24,pi_015,4,2,1.5,0.02152777777777778,0.9722222222222222,0.0,0.0,0.0,0.0,4
candidate_no_singular,24,pi_016,4,2,3.0,0.02152777777777778,0.9722222222222222,0.0,0.0,0.0,0.0,5
candidate_no_singular,24,pi_017,4,2,3.0,0.02152777777777778,0.9722222222222222,0.0,0.0,0.0,0.0,4
candidate_no_singular,24,pi_018,4,6,0.75,0.02152777777777778,0.9722222222222222,0.0,0.0,0.0,0.0,4
candidate_no_singular,24,pi_019,4,6,0.75,0.02152777777777778,0.9722222222222222,0.0,0.0,0.0,0.0,5
candidate_no_singular,24,pi_020,4,6,1.5,0.02152777777777778,0.9722222222222222,0.25,0.25,0.25,0.0,6
candidate_no_singular,24,pi_021,4,6,1.5,0.02152777777777778,0.9722222222222222,0.0,0.0,0.0,0.0,5
candidate_no_singular,24,pi_022,4,6,3.0,0.02152777777777778,0.9722222222222222,0.0,0.0,0.0,0.0,5
candidate_no_singular,24,pi_023,4,6,3.0,0.02152777777777778,0.9722222222222222,0.0,0.0,0.0,0.0,5
candidate_no_singular,24,pi_024,8,2,0.75,0.02152777777777778,0.9722222222222222,0.0,0.0,0.0,0.0,8
candidate_no_singular,24,pi_025,8,2,0.75,0.02152777777777778,0.9722222222222222,0.0,0.0,0.0,0.0,8
candidate_no_singular,24,pi_026,8,2,1.5,0.02152777777777778,0.9722222222222222,0.0,0.0,0.0,0.0,8
candidate_no_singular,24,pi_027,8,2,1.5,0.02152777777777778,0.9722222222222222,0.0,0.0,0.0,0.0,9
candidate_no_singular,24,pi_028,8,2,3.0,0.02152777777777778,0.9722222222222222,0.0,0.0,0.0,0.0,8
candidate_no_singular,24,pi_029,8,2,3.0,0.02152777777777778,0.9722222222222222,0.0,0.0,0.0,0.0,8
candidate_no_singular,24,pi_030,8,6,0.75,0.02152777777777778,0.9722222222222222,0.0,0.0,0.0,0.0,8
candidate_no_singular,24,pi_031,8,6,0.75,0.02152777777777778,0.9722222222222222,0.0,0.0,0.0,0.0,8
candidate_no_singular,24,pi_032,8,6,1.5,0.02152777777777778,0.9722222222222222,0.0,0.0,0.0,0.0,9
candidate_no_singular,24,pi_033,8,6,1.5,0.02152777777777778,0.9722222222222222,0.0,0.0,0.0,0.0,8
candidate_no_singular,24,pi_034,8,6,3.0,0.02152777777777778,0.9722222222222222,0.2,0.5,0.125,0.0,8
candidate_no_singular,24,pi_035,8,6,3.0,0.02152777777777778,0.9722222222222222,0.18181818181818182,0.3333333333333333,0.125,0.0,9
candidate_full,24,pi_000,2,2,0.75,0.03888888888888889,0.7222222222222222,0.0,0.0,0.0,0.0,2
candidate_full,24,pi_001,2,2,0.75,0.03888888888888889,0.7222222222222222,0.0,0.0,0.0,0.0,2
candidate_full,24,pi_002,2,2,1.5,0.03888888888888889,0.7222222222222222,0.0,0.0,0.0,0.0,6
candidate_full,24,pi_003,2,2,1.5,0.03888888888888889,0.7222222222222222,0.0,0.0,0.0,0.0,2
candidate_full,24,pi_004,2,2,3.0,0.03888888888888889,0.7222222222222222,0.5,0.5,0.5,0.0,2
candidate_full,24,pi_005,2,2,3.0,0.03888888888888889,0.7222222222222222,0.0,0.0,0.0,0.0,3
candidate_full,24,pi_006,2,6,0.75,0.03888888888888889,0.7222222222222222,0.0,0.0,0.0,0.0,2
candidate_full,24,pi_007,2,6,0.75,0.03888888888888889,0.7222222222222222,0.0,0.0,0.0,0.0,3
candidate_full,24,pi_008,2,6,1.5,0.03888888888888889,0.7222222222222222,0.0,0.0,0.0,0.0,2
candidate_full,24,pi_009,2,6,1.5,0.03888888888888889,0.7222222222222222,0.0,0.0,0.0,0.0,3
candidate_full,24,pi_010,2,6,3.0,0.03888888888888889,0.7222222222222222,0.0,0.0,0.0,0.0,3
candidate_full,24,pi_011,2,6,3.0,0.03888888888888889,0.7222222222222222,0.0,0.0,0.0,0.0,4
candidate_full,24,pi_012,4,2,0.75,0.03888888888888889,0.7222222222222222,0.0,0.0,0.0,0.0,4
candidate_full,24,pi_013,4,2,0.75,0.03888888888888889,0.7222222222222222,0.4,1.0,0.25,0.0,3
candidate_full,24,pi_014,4,2,1.5,0.03888888888888889,0.7222222222222222,0.0,0.0,0.0,0.0,4
candidate_full,24,pi_015,4,2,1.5,0.03888888888888889,0.7222222222222222,0.0,0.0,0.0,0.0,4
candidate_full,24,pi_016,4,2,3.0,0.03888888888888889,0.7222222222222222,0.0,0.0,0.0,0.0,8
candidate_full,24,pi_017,4,2,3.0,0.03888888888888889,0.7222222222222222,0.0,0.0,0.0,0.0,6
candidate_full,24,pi_018,4,6,0.75,0.03888888888888889,0.7222222222222222,0.0,0.0,0.0,0.0,4
candidate_full,24,pi_019,4,6,0.75,0.03888888888888889,0.7222222222222222,0.0,0.0,0.0,0.0,4
candidate_full,24,pi_020,4,6,1.5,0.03888888888888889,0.7222222222222222,0.0,0.0,0.0,0.0,5
candidate_full,24,pi_021,4,6,1.5,0.03888888888888889,0.7222222222222222,0.28571428571428575,0.3333333333333333,0.25,0.0,5
candidate_full,24,pi_022,4,6,3.0,0.03888888888888889,0.7222222222222222,0.0,0.0,0.0,0.0,8
candidate_full,24,pi_023,4,6,3.0,0.03888888888888889,0.7222222222222222,0.0,0.0,0.0,0.0,4
candidate_full,24,pi_024,8,2,0.75,0.03888888888888889,0.7222222222222222,0.0,0.0,0.0,0.0,8
candidate_full,24,pi_025,8,2,0.75,0.03888888888888889,0.7222222222222222,0.0,0.0,0.0,0.0,11
candidate_full,24,pi_026,8,2,1.5,0.03888888888888889,0.7222222222222222,0.2222222222222222,1.0,0.125,0.0,7
candidate_full,24,pi_027,8,2,1.5,0.03888888888888889,0.7222222222222222,0.22222222222222224,0.2,0.25,0.0,14
candidate_full,24,pi_028,8,2,3.0,0.03888888888888889,0.7222222222222222,0.16666666666666666,0.25,0.125,0.0,10
candidate_full,24,pi_029,8,2,3.0,0.03888888888888889,0.7222222222222222,0.2222222222222222,1.0,0.125,0.0,7
candidate_full,24,pi_030,8,6,0.75,0.03888888888888889,0.7222222222222222,0.0,0.0,0.0,0.0,8
candidate_full,24,pi_031,8,6,0.75,0.03888888888888889,0.7222222222222222,0.0,0.0,0.0,0.0,8
candidate_full,24,pi_032,8,6,1.5,0.03888888888888889,0.7222222222222222,0.16666666666666666,0.25,0.125,0.0,10
candidate_full,24,pi_033,8,6,1.5,0.03888888888888889,0.7222222222222222,0.0,0.0,0.0,0.0,9
candidate_full,24,pi_034,8,6,3.0,0.03888888888888889,0.7222222222222222,0.0,0.0,0.0,0.0,8
candidate_full,24,pi_035,8,6,3.0,0.03888888888888889,0.7222222222222222,0.0,0.0,0.0,0.0,12
DCD,24,pi_000,2,2,0.75,0.01597222222222222,0.5277777777777778,0.0,0.0,0.0,0.0,2
DCD,24,pi_001,2,2,0.75,0.01597222222222222,0.5277777777777778,0.0,0.0,0.0,0.0,2
DCD,24,pi_002,2,2,1.5,0.01597222222222222,0.5277777777777778,0.0,0.0,0.0,0.0,4
DCD,24,pi_003,2,2,1.5,0.01597222222222222,0.5277777777777778,0.0,0.0,0.0,0.0,2
DCD,24,pi_004,2,2,3.0,0.01597222222222222,0.5277777777777778,0.5,0.5,0.5,0.0,2
DCD,24,pi_005,2,2,3.0,0.01597222222222222,0.5277777777777778,0.5,0.5,0.5,0.0,2
DCD,24,pi_006,2,6,0.75,0.01597222222222222,0.5277777777777778,0.0,0.0,0.0,0.0,3
DCD,24,pi_007,2,6,0.75,0.01597222222222222,0.5277777777777778,0.0,0.0,0.0,0.0,2
DCD,24,pi_008,2,6,1.5,0.01597222222222222,0.5277777777777778,0.5,0.5,0.5,0.0,2
DCD,24,pi_009,2,6,1.5,0.01597222222222222,0.5277777777777778,0.4,0.3333333333333333,0.5,0.0,3
DCD,24,pi_010,2,6,3.0,0.01597222222222222,0.5277777777777778,0.3333333333333333,0.25,0.5,0.0,4
DCD,24,pi_011,2,6,3.0,0.01597222222222222,0.5277777777777778,0.3076923076923077,0.18181818181818182,1.0,0.0,9
DCD,24,pi_012,4,2,0.75,0.01597222222222222,0.5277777777777778,0.0,0.0,0.0,0.0,4
DCD,24,pi_013,4,2,0.75,0.01597222222222222,0.5277777777777778,0.0,0.0,0.0,0.0,6
DCD,24,pi_014,4,2,1.5,0.01597222222222222,0.5277777777777778,0.0,0.0,0.0,0.0,4
DCD,24,pi_015,4,2,1.5,0.01597222222222222,0.5277777777777778,0.0,0.0,0.0,0.0,6
DCD,24,pi_016,4,2,3.0,0.01597222222222222,0.5277777777777778,0.36363636363636365,0.2857142857142857,0.5,0.0,7
DCD,24,pi_017,4,2,3.0,0.01597222222222222,0.5277777777777778,0.4,1.0,0.25,0.0,3
DCD,24,pi_018,4,6,0.75,0.01597222222222222,0.5277777777777778,0.4,1.0,0.25,0.0,3
DCD,24,pi_019,4,6,0.75,0.01597222222222222,0.5277777777777778,0.0,0.0,0.0,0.0,5
DCD,24,pi_020,4,6,1.5,0.01597222222222222,0.5277777777777778,0.28571428571428575,0.3333333333333333,0.25,0.0,5
DCD,24,pi_021,4,6,1.5,0.01597222222222222,0.5277777777777778,0.0,0.0,0.0,0.0,7
DCD,24,pi_022,4,6,3.0,0.01597222222222222,0.5277777777777778,0.0,0.0,0.0,0.0,8
DCD,24,pi_023,4,6,3.0,0.01597222222222222,0.5277777777777778,0.0,0.0,0.0,0.0,6
DCD,24,pi_024,8,2,0.75,0.01597222222222222,0.5277777777777778,0.0,0.0,0.0,0.0,10
DCD,24,pi_025,8,2,0.75,0.01597222222222222,0.5277777777777778,0.0,0.0,0.0,0.0,13
DCD,24,pi_026,8,2,1.5,0.01597222222222222,0.5277777777777778,0.0,0.0,0.0,0.0,8
DCD,24,pi_027,8,2,1.5,0.01597222222222222,0.5277777777777778,0.28571428571428575,0.3333333333333333,0.25,0.0,10
DCD,24,pi_028,8,2,3.0,0.01597222222222222,0.5277777777777778,0.4444444444444445,0.4,0.5,0.0,10
DCD,24,pi_029,8,2,3.0,0.01597222222222222,0.5277777777777778,0.4,1.0,0.25,0.0,6
DCD,24,pi_030,8,6,0.75,0.01597222222222222,0.5277777777777778,0.0,0.0,0.0,0.0,8
DCD,24,pi_031,8,6,0.75,0.01597222222222222,0.5277777777777778,0.0,0.0,0.0,0.0,11
DCD,24,pi_032,8,6,1.5,0.01597222222222222,0.5277777777777778,0.36363636363636365,0.6666666666666666,0.25,0.0,7
DCD,24,pi_033,8,6,1.5,0.01597222222222222,0.5277777777777778,0.0,0.0,0.0,0.0,11
DCD,24,pi_034,8,6,3.0,0.01597222222222222,0.5277777777777778,0.2,0.5,0.125,0.0,8
DCD,24,pi_035,8,6,3.0,0.01597222222222222,0.5277777777777778,0.15384615384615385,0.2,0.125,0.0,11
uniform,32,pi_000,2,2,0.75,0.01597222222222222,0.75,0.0,0.0,0.0,0.0,2
uniform,32,pi_001,2,2,0.75,0.01597222222222222,0.75,0.0,0.0,0.0,0.0,2
uniform,32,pi_002,2,2,1.5,0.01597222222222222,0.75,0.0,0.0,0.0,0.0,4
uniform,32,pi_003,2,2,1.5,0.01597222222222222,0.75,0.0,0.0,0.0,0.0,2
uniform,32,pi_004,2,2,3.0,0.01597222222222222,0.75,1.0,1.0,1.0,1.0,0
uniform,32,pi_005,2,2,3.0,0.01597222222222222,0.75,0.0,0.0,0.0,0.0,3
uniform,32,pi_006,2,6,0.75,0.01597222222222222,0.75,0.0,0.0,0.0,0.0,2
uniform,32,pi_007,2,6,0.75,0.01597222222222222,0.75,0.0,0.0,0.0,0.0,3
uniform,32,pi_008,2,6,1.5,0.01597222222222222,0.75,0.0,0.0,0.0,0.0,6
uniform,32,pi_009,2,6,1.5,0.01597222222222222,0.75,0.0,0.0,0.0,0.0,3
uniform,32,pi_010,2,6,3.0,0.01597222222222222,0.75,0.0,0.0,0.0,0.0,5
uniform,32,pi_011,2,6,3.0,0.01597222222222222,0.75,0.28571428571428575,0.2,0.5,0.0,5
uniform,32,pi_012,4,2,0.75,0.01597222222222222,0.75,0.0,0.0,0.0,0.0,4
uniform,32,pi_013,4,2,0.75,0.01597222222222222,0.75,0.4,1.0,0.25,0.0,3
uniform,32,pi_014,4,2,1.5,0.01597222222222222,0.75,0.0,0.0,0.0,0.0,5
uniform,32,pi_015,4,2,1.5,0.01597222222222222,0.75,0.4,1.0,0.25,0.0,3
uniform,32,pi_016,4,2,3.0,0.01597222222222222,0.75,0.0,0.0,0.0,0.0,6
uniform,32,pi_017,4,2,3.0,0.01597222222222222,0.75,0.30769230769230765,0.2222222222222222,0.5,0.0,9
uniform,32,pi_018,4,6,0.75,0.01597222222222222,0.75,0.0,0.0,0.0,0.0,4
uniform,32,pi_019,4,6,0.75,0.01597222222222222,0.75,0.0,0.0,0.0,0.0,4
uniform,32,pi_020,4,6,1.5,0.01597222222222222,0.75,0.25,0.25,0.25,0.0,6
uniform,32,pi_021,4,6,1.5,0.01597222222222222,0.75,0.3333333333333333,0.5,0.25,0.0,4
uniform,32,pi_022,4,6,3.0,0.01597222222222222,0.75,0.0,0.0,0.0,0.0,8
uniform,32,pi_023,4,6,3.0,0.01597222222222222,0.75,0.0,0.0,0.0,0.0,7
uniform,32,pi_024,8,2,0.75,0.01597222222222222,0.75,0.2222222222222222,1.0,0.125,0.0,7
uniform,32,pi_025,8,2,0.75,0.01597222222222222,0.75,0.0,0.0,0.0,0.0,9
uniform,32,pi_026,8,2,1.5,0.01597222222222222,0.75,0.2,0.5,0.125,0.0,8
uniform,32,pi_027,8,2,1.5,0.01597222222222222,0.75,0.0,0.0,0.0,0.0,11
uniform,32,pi_028,8,2,3.0,0.01597222222222222,0.75,0.2222222222222222,1.0,0.125,0.0,7
uniform,32,pi_029,8,2,3.0,0.01597222222222222,0.75,0.18181818181818182,0.3333333333333333,0.125,0.0,9
uniform,32,pi_030,8,6,0.75,0.01597222222222222,0.75,0.0,0.0,0.0,0.0,8
uniform,32,pi_031,8,6,0.75,0.01597222222222222,0.75,0.0,0.0,0.0,0.0,9
uniform,32,pi_032,8,6,1.5,0.01597222222222222,0.75,0.18181818181818182,0.3333333333333333,0.125,0.0,9
uniform,32,pi_033,8,6,1.5,0.01597222222222222,0.75,0.0,0.0,0.0,0.0,12
uniform,32,pi_034,8,6,3.0,0.01597222222222222,0.75,0.2,0.5,0.125,0.0,8
uniform,32,pi_035,8,6,3.0,0.01597222222222222,0.75,0.0,0.0,0.0,0.0,12
D-opt,32,pi_000,2,2,0.75,0.015277777777777779,0.0,0.0,0.0,0.0,0.0,2
D-opt,32,pi_001,2,2,0.75,0.015277777777777779,0.0,0.0,0.0,0.0,0.0,2
D-opt,32,pi_002,2,2,1.5,0.015277777777777779,0.0,0.4,0.3333333333333333,0.5,0.0,3
D-opt,32,pi_003,2,2,1.5,0.015277777777777779,0.0,0.0,0.0,0.0,0.0,2
D-opt,32,pi_004,2,2,3.0,0.015277777777777779,0.0,1.0,1.0,1.0,1.0,0
D-opt,32,pi_005,2,2,3.0,0.015277777777777779,0.0,0.4,0.3333333333333333,0.5,0.0,3
D-opt,32,pi_006,2,6,0.75,0.015277777777777779,0.0,0.0,0.0,0.0,0.0,2
D-opt,32,pi_007,2,6,0.75,0.015277777777777779,0.0,0.0,0.0,0.0,0.0,3
D-opt,32,pi_008,2,6,1.5,0.015277777777777779,0.0,0.4,0.3333333333333333,0.5,0.0,3
D-opt,32,pi_009,2,6,1.5,0.015277777777777779,0.0,0.25,0.16666666666666666,0.5,0.0,6
D-opt,32,pi_010,2,6,3.0,0.015277777777777779,0.0,0.0,0.0,0.0,0.0,5
D-opt,32,pi_011,2,6,3.0,0.015277777777777779,0.0,0.4,0.25,1.0,0.0,6
D-opt,32,pi_012,4,2,0.75,0.015277777777777779,0.0,0.0,0.0,0.0,0.0,4
D-opt,32,pi_013,4,2,0.75,0.015277777777777779,0.0,0.3333333333333333,0.5,0.25,0.0,4
D-opt,32,pi_014,4,2,1.5,0.015277777777777779,0.0,0.0,0.0,0.0,0.0,4
D-opt,32,pi_015,4,2,1.5,0.015277777777777779,0.0,0.25,0.25,0.25,0.0,6
D-opt,32,pi_016,4,2,3.0,0.015277777777777779,0.0,0.0,0.0,0.0,0.0,8
D-opt,32,pi_017,4,2,3.0,0.015277777777777779,0.0,0.16666666666666666,0.125,0.25,0.0,10
D-opt,32,pi_018,4,6,0.75,0.015277777777777779,0.0,0.0,0.0,0.0,0.0,4
D-opt,32,pi_019,4,6,0.75,0.015277777777777779,0.0,0.0,0.0,0.0,0.0,9
D-opt,32,pi_020,4,6,1.5,0.015277777777777779,0.0,0.0,0.0,0.0,0.0,10
D-opt,32,pi_021,4,6,1.5,0.015277777777777779,0.0,0.22222222222222224,0.2,0.25,0.0,7
D-opt,32,pi_022,4,6,3.0,0.015277777777777779,0.0,0.0,0.0,0.0,0.0,10
D-opt,32,pi_023,4,6,3.0,0.015277777777777779,0.0,0.28571428571428575,0.3333333333333333,0.25,0.0,5
D-opt,32,pi_024,8,2,0.75,0.015277777777777779,0.0,0.36363636363636365,0.6666666666666666,0.25,0.0,7
D-opt,32,pi_025,8,2,0.75,0.015277777777777779,0.0,0.2222222222222222,1.0,0.125,0.0,7
D-opt,32,pi_026,8,2,1.5,0.015277777777777779,0.0,0.2222222222222222,1.0,0.125,0.0,7
D-opt,32,pi_027,8,2,1.5,0.015277777777777779,0.0,0.5,0.5,0.5,0.0,8
D-opt,32,pi_028,8,2,3.0,0.015277777777777779,0.0,0.7777777777777777,0.7,0.875,0.0,4
D-opt,32,pi_029,8,2,3.0,0.015277777777777779,0.0,0.5333333333333333,0.5714285714285714,0.5,0.0,7
D-opt,32,pi_030,8,6,0.75,0.015277777777777779,0.0,0.0,0.0,0.0,0.0,10
D-opt,32,pi_031,8,6,0.75,0.015277777777777779,0.0,0.0,0.0,0.0,0.0,11
D-opt,32,pi_032,8,6,1.5,0.015277777777777779,0.0,0.0,0.0,0.0,0.0,14
D-opt,32,pi_033,8,6,1.5,0.015277777777777779,0.0,0.18181818181818182,0.3333333333333333,0.125,0.0,9
D-opt,32,pi_034,8,6,3.0,0.015277777777777779,0.0,0.15384615384615385,0.2,0.125,0.0,11
D-opt,32,pi_035,8,6,3.0,0.015277777777777779,0.0,0.28571428571428575,0.3333333333333333,0.25,0.0,10
hybrid_d50,32,pi_000,2,2,0.75,0.018750000000000003,0.05555555555555555,0.0,0.0,0.0,0.0,2
hybrid_d50,32,pi_001,2,2,0.75,0.018750000000000003,0.05555555555555555,0.0,0.0,0.0,0.0,3
hybrid_d50,32,pi_002,2,2,1.5,0.018750000000000003,0.05555555555555555,0.5,0.5,0.5,0.0,2
hybrid_d50,32,pi_003,2,2,1.5,0.018750000000000003,0.05555555555555555,0.0,0.0,0.0,0.0,2
hybrid_d50,32,pi_004,2,2,3.0,0.018750000000000003,0.05555555555555555,0.6666666666666666,0.5,1.0,0.0,2
hybrid_d50,32,pi_005,2,2,3.0,0.018750000000000003,0.05555555555555555,0.4,0.3333333333333333,0.5,0.0,3
hybrid_d50,32,pi_006,2,6,0.75,0.018750000000000003,0.05555555555555555,0.0,0.0,0.0,0.0,2
hybrid_d50,32,pi_007,2,6,0.75,0.018750000000000003,0.05555555555555555,0.0,0.0,0.0,0.0,3
hybrid_d50,32,pi_008,2,6,1.5,0.018750000000000003,0.05555555555555555,0.0,0.0,0.0,0.0,3
hybrid_d50,32,pi_009,2,6,1.5,0.018750000000000003,0.05555555555555555,0.0,0.0,0.0,0.0,5
hybrid_d50,32,pi_010,2,6,3.0,0.018750000000000003,0.05555555555555555,0.3333333333333333,0.25,0.5,0.0,4
hybrid_d50,32,pi_011,2,6,3.0,0.018750000000000003,0.05555555555555555,0.6666666666666666,0.5,1.0,0.0,2
hybrid_d50,32,pi_012,4,2,0.75,0.018750000000000003,0.05555555555555555,0.0,0.0,0.0,0.0,4
hybrid_d50,32,pi_013,4,2,0.75,0.018750000000000003,0.05555555555555555,0.28571428571428575,0.3333333333333333,0.25,0.0,5
hybrid_d50,32,pi_014,4,2,1.5,0.018750000000000003,0.05555555555555555,0.0,0.0,0.0,0.0,6
hybrid_d50,32,pi_015,4,2,1.5,0.018750000000000003,0.05555555555555555,0.28571428571428575,0.3333333333333333,0.25,0.0,5
hybrid_d50,32,pi_016,4,2,3.0,0.018750000000000003,0.05555555555555555,0.28571428571428575,0.3333333333333333,0.25,0.0,5
hybrid_d50,32,pi_017,4,2,3.0,0.018750000000000003,0.05555555555555555,0.25,0.25,0.25,0.0,6
hybrid_d50,32,pi_018,4,6,0.75,0.018750000000000003,0.05555555555555555,0.0,0.0,0.0,0.0,4
hybrid_d50,32,pi_019,4,6,0.75,0.018750000000000003,0.05555555555555555,0.0,0.0,0.0,0.0,6
hybrid_d50,32,pi_020,4,6,1.5,0.018750000000000003,0.05555555555555555,0.2,0.16666666666666666,0.25,0.0,8
hybrid_d50,32,pi_021,4,6,1.5,0.018750000000000003,0.05555555555555555,0.25,0.25,0.25,0.0,6
hybrid_d50,32,pi_022,4,6,3.0,0.018750000000000003,0.05555555555555555,0.0,0.0,0.0,0.0,9
hybrid_d50,32,pi_023,4,6,3.0,0.018750000000000003,0.05555555555555555,0.28571428571428575,0.3333333333333333,0.25,0.0,5
hybrid_d50,32,pi_024,8,2,0.75,0.018750000000000003,0.05555555555555555,0.2222222222222222,1.0,0.125,0.0,7
hybrid_d50,32,pi_025,8,2,0.75,0.018750000000000003,0.05555555555555555,0.4,1.0,0.25,0.0,6
hybrid_d50,32,pi_026,8,2,1.5,0.018750000000000003,0.05555555555555555,0.0,0.0,0.0,0.0,8
hybrid_d50,32,pi_027,8,2,1.5,0.018750000000000003,0.05555555555555555,0.7142857142857143,0.8333333333333334,0.625,0.0,4
hybrid_d50,32,pi_028,8,2,3.0,0.018750000000000003,0.05555555555555555,0.47058823529411764,0.4444444444444444,0.5,0.0,9
hybrid_d50,32,pi_029,8,2,3.0,0.018750000000000003,0.05555555555555555,0.18181818181818182,0.3333333333333333,0.125,0.0,9
hybrid_d50,32,pi_030,8,6,0.75,0.018750000000000003,0.05555555555555555,0.0,0.0,0.0,0.0,9
hybrid_d50,32,pi_031,8,6,0.75,0.018750000000000003,0.05555555555555555,0.0,0.0,0.0,0.0,10
hybrid_d50,32,pi_032,8,6,1.5,0.018750000000000003,0.05555555555555555,0.0,0.0,0.0,0.0,14
hybrid_d50,32,pi_033,8,6,1.5,0.018750000000000003,0.05555555555555555,0.28571428571428575,0.3333333333333333,0.25,0.0,9
hybrid_d50,32,pi_034,8,6,3.0,0.018750000000000003,0.05555555555555555,0.3333333333333333,0.5,0.25,0.0,8
hybrid_d50,32,pi_035,8,6,3.0,0.018750000000000003,0.05555555555555555,0.18181818181818182,0.3333333333333333,0.125,0.0,9
HILS,32,pi_000,2,2,0.75,0.014583333333333335,0.1111111111111111,0.0,0.0,0.0,0.0,2
HILS,32,pi_001,2,2,0.75,0.014583333333333335,0.1111111111111111,0.0,0.0,0.0,0.0,2
HILS,32,pi_002,2,2,1.5,0.014583333333333335,0.1111111111111111,0.0,0.0,0.0,0.0,7
HILS,32,pi_003,2,2,1.5,0.014583333333333335,0.1111111111111111,0.0,0.0,0.0,0.0,2
HILS,32,pi_004,2,2,3.0,0.014583333333333335,0.1111111111111111,0.8,0.6666666666666666,1.0,0.0,1
HILS,32,pi_005,2,2,3.0,0.014583333333333335,0.1111111111111111,0.4,0.3333333333333333,0.5,0.0,3
HILS,32,pi_006,2,6,0.75,0.014583333333333335,0.1111111111111111,0.0,0.0,0.0,0.0,2
HILS,32,pi_007,2,6,0.75,0.014583333333333335,0.1111111111111111,0.0,0.0,0.0,0.0,2
HILS,32,pi_008,2,6,1.5,0.014583333333333335,0.1111111111111111,0.5,0.5,0.5,0.0,2
HILS,32,pi_009,2,6,1.5,0.014583333333333335,0.1111111111111111,0.28571428571428575,0.2,0.5,0.0,5
HILS,32,pi_010,2,6,3.0,0.014583333333333335,0.1111111111111111,0.3333333333333333,0.25,0.5,0.0,4
HILS,32,pi_011,2,6,3.0,0.014583333333333335,0.1111111111111111,0.3636363636363636,0.2222222222222222,1.0,0.0,7
HILS,32,pi_012,4,2,0.75,0.014583333333333335,0.1111111111111111,0.0,0.0,0.0,0.0,5
HILS,32,pi_013,4,2,0.75,0.014583333333333335,0.1111111111111111,0.28571428571428575,0.3333333333333333,0.25,0.0,5
HILS,32,pi_014,4,2,1.5,0.014583333333333335,0.1111111111111111,0.0,0.0,0.0,0.0,4
HILS,32,pi_015,4,2,1.5,0.014583333333333335,0.1111111111111111,0.25,0.25,0.25,0.0,6
HILS,32,pi_016,4,2,3.0,0.014583333333333335,0.1111111111111111,0.0,0.0,0.0,0.0,7
HILS,32,pi_017,4,2,3.0,0.014583333333333335,0.1111111111111111,0.22222222222222224,0.2,0.25,0.0,7
HILS,32,pi_018,4,6,0.75,0.014583333333333335,0.1111111111111111,0.0,0.0,0.0,0.0,4
HILS,32,pi_019,4,6,0.75,0.014583333333333335,0.1111111111111111,0.0,0.0,0.0,0.0,6
HILS,32,pi_020,4,6,1.5,0.014583333333333335,0.1111111111111111,0.18181818181818182,0.14285714285714285,0.25,0.0,9
HILS,32,pi_021,4,6,1.5,0.014583333333333335,0.1111111111111111,0.28571428571428575,0.3333333333333333,0.25,0.0,5
HILS,32,pi_022,4,6,3.0,0.014583333333333335,0.1111111111111111,0.0,0.0,0.0,0.0,8
HILS,32,pi_023,4,6,3.0,0.014583333333333335,0.1111111111111111,0.3333333333333333,0.5,0.25,0.0,4
HILS,32,pi_024,8,2,0.75,0.014583333333333335,0.1111111111111111,0.4,1.0,0.25,0.0,6
HILS,32,pi_025,8,2,0.75,0.014583333333333335,0.1111111111111111,0.0,0.0,0.0,0.0,10
HILS,32,pi_026,8,2,1.5,0.014583333333333335,0.1111111111111111,0.0,0.0,0.0,0.0,8
HILS,32,pi_027,8,2,1.5,0.014583333333333335,0.1111111111111111,0.4210526315789474,0.36363636363636365,0.5,0.0,10
HILS,32,pi_028,8,2,3.0,0.014583333333333335,0.1111111111111111,0.625,0.625,0.625,0.0,6
HILS,32,pi_029,8,2,3.0,0.014583333333333335,0.1111111111111111,0.5333333333333333,0.5714285714285714,0.5,0.0,7
HILS,32,pi_030,8,6,0.75,0.014583333333333335,0.1111111111111111,0.0,0.0,0.0,0.0,10
HILS,32,pi_031,8,6,0.75,0.014583333333333335,0.1111111111111111,0.0,0.0,0.0,0.0,11
HILS,32,pi_032,8,6,1.5,0.014583333333333335,0.1111111111111111,0.26666666666666666,0.2857142857142857,0.25,0.0,11
HILS,32,pi_033,8,6,1.5,0.014583333333333335,0.1111111111111111,0.18181818181818182,0.3333333333333333,0.125,0.0,9
HILS,32,pi_034,8,6,3.0,0.014583333333333335,0.1111111111111111,0.28571428571428575,0.3333333333333333,0.25,0.0,10
HILS,32,pi_035,8,6,3.0,0.014583333333333335,0.1111111111111111,0.3076923076923077,0.4,0.25,0.0,9
candidate_symmetric,32,pi_000,2,2,0.75,0.015277777777777779,0.0,0.0,0.0,0.0,0.0,2
candidate_symmetric,32,pi_001,2,2,0.75,0.015277777777777779,0.0,0.0,0.0,0.0,0.0,2
candidate_symmetric,32,pi_002,2,2,1.5,0.015277777777777779,0.0,0.4,0.3333333333333333,0.5,0.0,3
candidate_symmetric,32,pi_003,2,2,1.5,0.015277777777777779,0.0,0.0,0.0,0.0,0.0,2
candidate_symmetric,32,pi_004,2,2,3.0,0.015277777777777779,0.0,1.0,1.0,1.0,1.0,0
candidate_symmetric,32,pi_005,2,2,3.0,0.015277777777777779,0.0,0.4,0.3333333333333333,0.5,0.0,3
candidate_symmetric,32,pi_006,2,6,0.75,0.015277777777777779,0.0,0.0,0.0,0.0,0.0,2
candidate_symmetric,32,pi_007,2,6,0.75,0.015277777777777779,0.0,0.0,0.0,0.0,0.0,3
candidate_symmetric,32,pi_008,2,6,1.5,0.015277777777777779,0.0,0.4,0.3333333333333333,0.5,0.0,3
candidate_symmetric,32,pi_009,2,6,1.5,0.015277777777777779,0.0,0.25,0.16666666666666666,0.5,0.0,6
candidate_symmetric,32,pi_010,2,6,3.0,0.015277777777777779,0.0,0.0,0.0,0.0,0.0,5
candidate_symmetric,32,pi_011,2,6,3.0,0.015277777777777779,0.0,0.4,0.25,1.0,0.0,6
candidate_symmetric,32,pi_012,4,2,0.75,0.015277777777777779,0.0,0.0,0.0,0.0,0.0,4
candidate_symmetric,32,pi_013,4,2,0.75,0.015277777777777779,0.0,0.3333333333333333,0.5,0.25,0.0,4
candidate_symmetric,32,pi_014,4,2,1.5,0.015277777777777779,0.0,0.0,0.0,0.0,0.0,4
candidate_symmetric,32,pi_015,4,2,1.5,0.015277777777777779,0.0,0.25,0.25,0.25,0.0,6
candidate_symmetric,32,pi_016,4,2,3.0,0.015277777777777779,0.0,0.0,0.0,0.0,0.0,8
candidate_symmetric,32,pi_017,4,2,3.0,0.015277777777777779,0.0,0.16666666666666666,0.125,0.25,0.0,10
candidate_symmetric,32,pi_018,4,6,0.75,0.015277777777777779,0.0,0.0,0.0,0.0,0.0,4
candidate_symmetric,32,pi_019,4,6,0.75,0.015277777777777779,0.0,0.0,0.0,0.0,0.0,9
candidate_symmetric,32,pi_020,4,6,1.5,0.015277777777777779,0.0,0.0,0.0,0.0,0.0,10
candidate_symmetric,32,pi_021,4,6,1.5,0.015277777777777779,0.0,0.22222222222222224,0.2,0.25,0.0,7
candidate_symmetric,32,pi_022,4,6,3.0,0.015277777777777779,0.0,0.0,0.0,0.0,0.0,10
candidate_symmetric,32,pi_023,4,6,3.0,0.015277777777777779,0.0,0.28571428571428575,0.3333333333333333,0.25,0.0,5
candidate_symmetric,32,pi_024,8,2,0.75,0.015277777777777779,0.0,0.36363636363636365,0.6666666666666666,0.25,0.0,7
candidate_symmetric,32,pi_025,8,2,0.75,0.015277777777777779,0.0,0.2222222222222222,1.0,0.125,0.0,7
candidate_symmetric,32,pi_026,8,2,1.5,0.015277777777777779,0.0,0.2222222222222222,1.0,0.125,0.0,7
candidate_symmetric,32,pi_027,8,2,1.5,0.015277777777777779,0.0,0.5,0.5,0.5,0.0,8
candidate_symmetric,32,pi_028,8,2,3.0,0.015277777777777779,0.0,0.7777777777777777,0.7,0.875,0.0,4
candidate_symmetric,32,pi_029,8,2,3.0,0.015277777777777779,0.0,0.5333333333333333,0.5714285714285714,0.5,0.0,7
candidate_symmetric,32,pi_030,8,6,0.75,0.015277777777777779,0.0,0.0,0.0,0.0,0.0,10
candidate_symmetric,32,pi_031,8,6,0.75,0.015277777777777779,0.0,0.0,0.0,0.0,0.0,11
candidate_symmetric,32,pi_032,8,6,1.5,0.015277777777777779,0.0,0.0,0.0,0.0,0.0,14
candidate_symmetric,32,pi_033,8,6,1.5,0.015277777777777779,0.0,0.18181818181818182,0.3333333333333333,0.125,0.0,9
candidate_symmetric,32,pi_034,8,6,3.0,0.015277777777777779,0.0,0.15384615384615385,0.2,0.125,0.0,11
candidate_symmetric,32,pi_035,8,6,3.0,0.015277777777777779,0.0,0.28571428571428575,0.3333333333333333,0.25,0.0,10
candidate_target_aware,32,pi_000,2,2,0.75,0.034722222222222224,0.7777777777777778,0.0,0.0,0.0,0.0,2
candidate_target_aware,32,pi_001,2,2,0.75,0.034722222222222224,0.7777777777777778,0.0,0.0,0.0,0.0,2
candidate_target_aware,32,pi_002,2,2,1.5,0.034722222222222224,0.7777777777777778,0.0,0.0,0.0,0.0,3
candidate_target_aware,32,pi_003,2,2,1.5,0.034722222222222224,0.7777777777777778,0.0,0.0,0.0,0.0,3
candidate_target_aware,32,pi_004,2,2,3.0,0.034722222222222224,0.7777777777777778,0.5,0.5,0.5,0.0,2
candidate_target_aware,32,pi_005,2,2,3.0,0.034722222222222224,0.7777777777777778,0.0,0.0,0.0,0.0,3
candidate_target_aware,32,pi_006,2,6,0.75,0.034722222222222224,0.7777777777777778,0.0,0.0,0.0,0.0,2
candidate_target_aware,32,pi_007,2,6,0.75,0.034722222222222224,0.7777777777777778,0.0,0.0,0.0,0.0,2
candidate_target_aware,32,pi_008,2,6,1.5,0.034722222222222224,0.7777777777777778,0.0,0.0,0.0,0.0,3
candidate_target_aware,32,pi_009,2,6,1.5,0.034722222222222224,0.7777777777777778,0.3333333333333333,0.25,0.5,0.0,4
candidate_target_aware,32,pi_010,2,6,3.0,0.034722222222222224,0.7777777777777778,0.0,0.0,0.0,0.0,2
candidate_target_aware,32,pi_011,2,6,3.0,0.034722222222222224,0.7777777777777778,0.0,0.0,0.0,0.0,8
candidate_target_aware,32,pi_012,4,2,0.75,0.034722222222222224,0.7777777777777778,0.0,0.0,0.0,0.0,5
candidate_target_aware,32,pi_013,4,2,0.75,0.034722222222222224,0.7777777777777778,0.0,0.0,0.0,0.0,4
candidate_target_aware,32,pi_014,4,2,1.5,0.034722222222222224,0.7777777777777778,0.0,0.0,0.0,0.0,6
candidate_target_aware,32,pi_015,4,2,1.5,0.034722222222222224,0.7777777777777778,0.0,0.0,0.0,0.0,4
candidate_target_aware,32,pi_016,4,2,3.0,0.034722222222222224,0.7777777777777778,0.0,0.0,0.0,0.0,6
candidate_target_aware,32,pi_017,4,2,3.0,0.034722222222222224,0.7777777777777778,0.36363636363636365,0.2857142857142857,0.5,0.0,7
candidate_target_aware,32,pi_018,4,6,0.75,0.034722222222222224,0.7777777777777778,0.0,0.0,0.0,0.0,4
candidate_target_aware,32,pi_019,4,6,0.75,0.034722222222222224,0.7777777777777778,0.0,0.0,0.0,0.0,6
candidate_target_aware,32,pi_020,4,6,1.5,0.034722222222222224,0.7777777777777778,0.28571428571428575,0.3333333333333333,0.25,0.0,5
candidate_target_aware,32,pi_021,4,6,1.5,0.034722222222222224,0.7777777777777778,0.0,0.0,0.0,0.0,7
candidate_target_aware,32,pi_022,4,6,3.0,0.034722222222222224,0.7777777777777778,0.0,0.0,0.0,0.0,10
candidate_target_aware,32,pi_023,4,6,3.0,0.034722222222222224,0.7777777777777778,0.0,0.0,0.0,0.0,8
candidate_target_aware,32,pi_024,8,2,0.75,0.034722222222222224,0.7777777777777778,0.2222222222222222,1.0,0.125,0.0,7
candidate_target_aware,32,pi_025,8,2,0.75,0.034722222222222224,0.7777777777777778,0.0,0.0,0.0,0.0,8
candidate_target_aware,32,pi_026,8,2,1.5,0.034722222222222224,0.7777777777777778,0.0,0.0,0.0,0.0,8
candidate_target_aware,32,pi_027,8,2,1.5,0.034722222222222224,0.7777777777777778,0.2222222222222222,1.0,0.125,0.0,7
candidate_target_aware,32,pi_028,8,2,3.0,0.034722222222222224,0.7777777777777778,0.2222222222222222,1.0,0.125,0.0,7
candidate_target_aware,32,pi_029,8,2,3.0,0.034722222222222224,0.7777777777777778,0.0,0.0,0.0,0.0,11
candidate_target_aware,32,pi_030,8,6,0.75,0.034722222222222224,0.7777777777777778,0.0,0.0,0.0,0.0,9
candidate_target_aware,32,pi_031,8,6,0.75,0.034722222222222224,0.7777777777777778,0.0,0.0,0.0,0.0,8
candidate_target_aware,32,pi_032,8,6,1.5,0.034722222222222224,0.7777777777777778,0.0,0.0,0.0,0.0,10
candidate_target_aware,32,pi_033,8,6,1.5,0.034722222222222224,0.7777777777777778,0.2222222222222222,1.0,0.125,0.0,7
candidate_target_aware,32,pi_034,8,6,3.0,0.034722222222222224,0.7777777777777778,0.3076923076923077,0.4,0.25,0.0,9
candidate_target_aware,32,pi_035,8,6,3.0,0.034722222222222224,0.7777777777777778,0.14285714285714288,0.16666666666666666,0.125,0.0,12
candidate_no_singular,32,pi_000,2,2,0.75,0.02916666666666667,0.8888888888888888,0.0,0.0,0.0,0.0,2
candidate_no_singular,32,pi_001,2,2,0.75,0.02916666666666667,0.8888888888888888,0.0,0.0,0.0,0.0,2
candidate_no_singular,32,pi_002,2,2,1.5,0.02916666666666667,0.8888888888888888,0.0,0.0,0.0,0.0,3
candidate_no_singular,32,pi_003,2,2,1.5,0.02916666666666667,0.8888888888888888,0.0,0.0,0.0,0.0,3
candidate_no_singular,32,pi_004,2,2,3.0,0.02916666666666667,0.8888888888888888,0.5,0.5,0.5,0.0,2
candidate_no_singular,32,pi_005,2,2,3.0,0.02916666666666667,0.8888888888888888,0.0,0.0,0.0,0.0,4
candidate_no_singular,32,pi_006,2,6,0.75,0.02916666666666667,0.8888888888888888,0.0,0.0,0.0,0.0,2
candidate_no_singular,32,pi_007,2,6,0.75,0.02916666666666667,0.8888888888888888,0.0,0.0,0.0,0.0,2
candidate_no_singular,32,pi_008,2,6,1.5,0.02916666666666667,0.8888888888888888,0.0,0.0,0.0,0.0,2
candidate_no_singular,32,pi_009,2,6,1.5,0.02916666666666667,0.8888888888888888,0.0,0.0,0.0,0.0,5
candidate_no_singular,32,pi_010,2,6,3.0,0.02916666666666667,0.8888888888888888,0.5,0.5,0.5,0.0,2
candidate_no_singular,32,pi_011,2,6,3.0,0.02916666666666667,0.8888888888888888,0.4,0.3333333333333333,0.5,0.0,3
candidate_no_singular,32,pi_012,4,2,0.75,0.02916666666666667,0.8888888888888888,0.0,0.0,0.0,0.0,5
candidate_no_singular,32,pi_013,4,2,0.75,0.02916666666666667,0.8888888888888888,0.0,0.0,0.0,0.0,5
candidate_no_singular,32,pi_014,4,2,1.5,0.02916666666666667,0.8888888888888888,0.0,0.0,0.0,0.0,6
candidate_no_singular,32,pi_015,4,2,1.5,0.02916666666666667,0.8888888888888888,0.4,1.0,0.25,0.0,3
candidate_no_singular,32,pi_016,4,2,3.0,0.02916666666666667,0.8888888888888888,0.0,0.0,0.0,0.0,5
candidate_no_singular,32,pi_017,4,2,3.0,0.02916666666666667,0.8888888888888888,0.4,1.0,0.25,0.0,3
candidate_no_singular,32,pi_018,4,6,0.75,0.02916666666666667,0.8888888888888888,0.0,0.0,0.0,0.0,5
candidate_no_singular,32,pi_019,4,6,0.75,0.02916666666666667,0.8888888888888888,0.0,0.0,0.0,0.0,4
candidate_no_singular,32,pi_020,4,6,1.5,0.02916666666666667,0.8888888888888888,0.0,0.0,0.0,0.0,5
candidate_no_singular,32,pi_021,4,6,1.5,0.02916666666666667,0.8888888888888888,0.28571428571428575,0.3333333333333333,0.25,0.0,5
candidate_no_singular,32,pi_022,4,6,3.0,0.02916666666666667,0.8888888888888888,0.2,0.16666666666666666,0.25,0.0,8
candidate_no_singular,32,pi_023,4,6,3.0,0.02916666666666667,0.8888888888888888,0.0,0.0,0.0,0.0,5
candidate_no_singular,32,pi_024,8,2,0.75,0.02916666666666667,0.8888888888888888,0.0,0.0,0.0,0.0,8
candidate_no_singular,32,pi_025,8,2,0.75,0.02916666666666667,0.8888888888888888,0.0,0.0,0.0,0.0,8
candidate_no_singular,32,pi_026,8,2,1.5,0.02916666666666667,0.8888888888888888,0.2222222222222222,1.0,0.125,0.0,7
candidate_no_singular,32,pi_027,8,2,1.5,0.02916666666666667,0.8888888888888888,0.0,0.0,0.0,0.0,8
candidate_no_singular,32,pi_028,8,2,3.0,0.02916666666666667,0.8888888888888888,0.2222222222222222,1.0,0.125,0.0,7
candidate_no_singular,32,pi_029,8,2,3.0,0.02916666666666667,0.8888888888888888,0.3333333333333333,0.5,0.25,0.0,8
candidate_no_singular,32,pi_030,8,6,0.75,0.02916666666666667,0.8888888888888888,0.0,0.0,0.0,0.0,8
candidate_no_singular,32,pi_031,8,6,0.75,0.02916666666666667,0.8888888888888888,0.0,0.0,0.0,0.0,8
candidate_no_singular,32,pi_032,8,6,1.5,0.02916666666666667,0.8888888888888888,0.2,0.5,0.125,0.0,8
candidate_no_singular,32,pi_033,8,6,1.5,0.02916666666666667,0.8888888888888888,0.2222222222222222,1.0,0.125,0.0,7
candidate_no_singular,32,pi_034,8,6,3.0,0.02916666666666667,0.8888888888888888,0.15384615384615385,0.2,0.125,0.0,11
candidate_no_singular,32,pi_035,8,6,3.0,0.02916666666666667,0.8888888888888888,0.0,0.0,0.0,0.0,10
candidate_full,32,pi_000,2,2,0.75,0.034722222222222224,0.5,0.0,0.0,0.0,0.0,2
candidate_full,32,pi_001,2,2,0.75,0.034722222222222224,0.5,0.0,0.0,0.0,0.0,2
candidate_full,32,pi_002,2,2,1.5,0.034722222222222224,0.5,0.0,0.0,0.0,0.0,7
candidate_full,32,pi_003,2,2,1.5,0.034722222222222224,0.5,0.0,0.0,0.0,0.0,2
candidate_full,32,pi_004,2,2,3.0,0.034722222222222224,0.5,0.5,0.5,0.5,0.0,2
candidate_full,32,pi_005,2,2,3.0,0.034722222222222224,0.5,0.5,0.5,0.5,0.0,2
candidate_full,32,pi_006,2,6,0.75,0.034722222222222224,0.5,0.0,0.0,0.0,0.0,2
candidate_full,32,pi_007,2,6,0.75,0.034722222222222224,0.5,0.0,0.0,0.0,0.0,3
candidate_full,32,pi_008,2,6,1.5,0.034722222222222224,0.5,0.0,0.0,0.0,0.0,4
candidate_full,32,pi_009,2,6,1.5,0.034722222222222224,0.5,0.4,0.3333333333333333,0.5,0.0,3
candidate_full,32,pi_010,2,6,3.0,0.034722222222222224,0.5,0.28571428571428575,0.2,0.5,0.0,5
candidate_full,32,pi_011,2,6,3.0,0.034722222222222224,0.5,0.5714285714285715,0.4,1.0,0.0,3
candidate_full,32,pi_012,4,2,0.75,0.034722222222222224,0.5,0.0,0.0,0.0,0.0,4
candidate_full,32,pi_013,4,2,0.75,0.034722222222222224,0.5,0.0,0.0,0.0,0.0,6
candidate_full,32,pi_014,4,2,1.5,0.034722222222222224,0.5,0.0,0.0,0.0,0.0,4
candidate_full,32,pi_015,4,2,1.5,0.034722222222222224,0.5,0.4,1.0,0.25,0.0,3
candidate_full,32,pi_016,4,2,3.0,0.034722222222222224,0.5,0.0,0.0,0.0,0.0,7
candidate_full,32,pi_017,4,2,3.0,0.034722222222222224,0.5,0.28571428571428575,0.3333333333333333,0.25,0.0,5
candidate_full,32,pi_018,4,6,0.75,0.034722222222222224,0.5,0.0,0.0,0.0,0.0,4
candidate_full,32,pi_019,4,6,0.75,0.034722222222222224,0.5,0.0,0.0,0.0,0.0,5
candidate_full,32,pi_020,4,6,1.5,0.034722222222222224,0.5,0.18181818181818182,0.14285714285714285,0.25,0.0,9
candidate_full,32,pi_021,4,6,1.5,0.034722222222222224,0.5,0.0,0.0,0.0,0.0,6
candidate_full,32,pi_022,4,6,3.0,0.034722222222222224,0.5,0.0,0.0,0.0,0.0,9
candidate_full,32,pi_023,4,6,3.0,0.034722222222222224,0.5,0.0,0.0,0.0,0.0,7
candidate_full,32,pi_024,8,2,0.75,0.034722222222222224,0.5,0.0,0.0,0.0,0.0,8
candidate_full,32,pi_025,8,2,0.75,0.034722222222222224,0.5,0.4,1.0,0.25,0.0,6
candidate_full,32,pi_026,8,2,1.5,0.034722222222222224,0.5,0.0,0.0,0.0,0.0,8
candidate_full,32,pi_027,8,2,1.5,0.034722222222222224,0.5,0.33333333333333326,0.3,0.375,0.0,12
candidate_full,32,pi_028,8,2,3.0,0.034722222222222224,0.5,0.5333333333333333,0.5714285714285714,0.5,0.0,7
candidate_full,32,pi_029,8,2,3.0,0.034722222222222224,0.5,0.4,1.0,0.25,0.0,6
candidate_full,32,pi_030,8,6,0.75,0.034722222222222224,0.5,0.0,0.0,0.0,0.0,10
candidate_full,32,pi_031,8,6,0.75,0.034722222222222224,0.5,0.2222222222222222,1.0,0.125,0.0,7
candidate_full,32,pi_032,8,6,1.5,0.034722222222222224,0.5,0.15384615384615385,0.2,0.125,0.0,11
candidate_full,32,pi_033,8,6,1.5,0.034722222222222224,0.5,0.18181818181818182,0.3333333333333333,0.125,0.0,9
candidate_full,32,pi_034,8,6,3.0,0.034722222222222224,0.5,0.0,0.0,0.0,0.0,11
candidate_full,32,pi_035,8,6,3.0,0.034722222222222224,0.5,0.3076923076923077,0.4,0.25,0.0,9
DCD,32,pi_000,2,2,0.75,0.018750000000000003,0.7222222222222222,0.0,0.0,0.0,0.0,2
DCD,32,pi_001,2,2,0.75,0.018750000000000003,0.7222222222222222,0.0,0.0,0.0,0.0,2
DCD,32,pi_002,2,2,1.5,0.018750000000000003,0.7222222222222222,0.0,0.0,0.0,0.0,4
DCD,32,pi_003,2,2,1.5,0.018750000000000003,0.7222222222222222,0.0,0.0,0.0,0.0,2
DCD,32,pi_004,2,2,3.0,0.018750000000000003,0.7222222222222222,0.0,0.0,0.0,0.0,2
DCD,32,pi_005,2,2,3.0,0.018750000000000003,0.7222222222222222,0.0,0.0,0.0,0.0,5
DCD,32,pi_006,2,6,0.75,0.018750000000000003,0.7222222222222222,0.0,0.0,0.0,0.0,2
DCD,32,pi_007,2,6,0.75,0.018750000000000003,0.7222222222222222,0.0,0.0,0.0,0.0,2
DCD,32,pi_008,2,6,1.5,0.018750000000000003,0.7222222222222222,0.4,0.3333333333333333,0.5,0.0,3
DCD,32,pi_009,2,6,1.5,0.018750000000000003,0.7222222222222222,0.5,0.3333333333333333,1.0,0.0,4
DCD,32,pi_010,2,6,3.0,0.018750000000000003,0.7222222222222222,0.22222222222222224,0.14285714285714285,0.5,0.0,7
DCD,32,pi_011,2,6,3.0,0.018750000000000003,0.7222222222222222,0.25,0.16666666666666666,0.5,0.0,6
DCD,32,pi_012,4,2,0.75,0.018750000000000003,0.7222222222222222,0.0,0.0,0.0,0.0,4
DCD,32,pi_013,4,2,0.75,0.018750000000000003,0.7222222222222222,0.0,0.0,0.0,0.0,4
DCD,32,pi_014,4,2,1.5,0.018750000000000003,0.7222222222222222,0.0,0.0,0.0,0.0,4
DCD,32,pi_015,4,2,1.5,0.018750000000000003,0.7222222222222222,0.4,1.0,0.25,0.0,3
DCD,32,pi_016,4,2,3.0,0.018750000000000003,0.7222222222222222,0.0,0.0,0.0,0.0,4
DCD,32,pi_017,4,2,3.0,0.018750000000000003,0.7222222222222222,0.28571428571428575,0.3333333333333333,0.25,0.0,5
DCD,32,pi_018,4,6,0.75,0.018750000000000003,0.7222222222222222,0.0,0.0,0.0,0.0,4
DCD,32,pi_019,4,6,0.75,0.018750000000000003,0.7222222222222222,0.3333333333333333,0.5,0.25,0.0,4
DCD,32,pi_020,4,6,1.5,0.018750000000000003,0.7222222222222222,0.25,0.25,0.25,0.0,6
DCD,32,pi_021,4,6,1.5,0.018750000000000003,0.7222222222222222,0.0,0.0,0.0,0.0,8
DCD,32,pi_022,4,6,3.0,0.018750000000000003,0.7222222222222222,0.0,0.0,0.0,0.0,8
DCD,32,pi_023,4,6,3.0,0.018750000000000003,0.7222222222222222,0.0,0.0,0.0,0.0,5
DCD,32,pi_024,8,2,0.75,0.018750000000000003,0.7222222222222222,0.2222222222222222,1.0,0.125,0.0,7
DCD,32,pi_025,8,2,0.75,0.018750000000000003,0.7222222222222222,0.0,0.0,0.0,0.0,8
DCD,32,pi_026,8,2,1.5,0.018750000000000003,0.7222222222222222,0.2,0.5,0.125,0.0,8
DCD,32,pi_027,8,2,1.5,0.018750000000000003,0.7222222222222222,0.0,0.0,0.0,0.0,8
DCD,32,pi_028,8,2,3.0,0.018750000000000003,0.7222222222222222,0.2222222222222222,1.0,0.125,0.0,7
DCD,32,pi_029,8,2,3.0,0.018750000000000003,0.7222222222222222,0.42857142857142855,0.5,0.375,0.0,8
DCD,32,pi_030,8,6,0.75,0.018750000000000003,0.7222222222222222,0.0,0.0,0.0,0.0,8
DCD,32,pi_031,8,6,0.75,0.018750000000000003,0.7222222222222222,0.0,0.0,0.0,0.0,8
DCD,32,pi_032,8,6,1.5,0.018750000000000003,0.7222222222222222,0.0,0.0,0.0,0.0,10
DCD,32,pi_033,8,6,1.5,0.018750000000000003,0.7222222222222222,0.0,0.0,0.0,0.0,10
DCD,32,pi_034,8,6,3.0,0.018750000000000003,0.7222222222222222,0.0,0.0,0.0,0.0,10
DCD,32,pi_035,8,6,3.0,0.018750000000000003,0.7222222222222222,0.0,0.0,0.0,0.0,12
